时间(s),摆角(°),摆速(°/s),飞轮角(°),飞轮速(°/s),M1(RPM),M2(RPM),误差(°),策略,是否平衡
0.000,359.736,0.270,359.934,0.000,-12.823,0.000,179.736,表3-1启摆,0
0.020,359.714,0.257,359.934,0.000,-22.438,0.000,179.714,表3-1启摆,0
0.040,359.670,0.214,359.934,0.000,-29.647,0.000,179.670,表3-1启摆,0
0.060,359.429,-0.397,359.934,0.000,-12.602,0.000,179.429,表3-1启摆,0
0.080,358.748,-2.747,359.934,0.000,0.379,0.000,178.748,表3-1启摆,0
0.100,358.396,-2.610,359.934,0.000,10.103,0.000,178.396,表3-1启摆,0
0.119,358.396,-2.479,359.934,0.000,17.385,0.000,178.396,表3-1启摆,0
0.139,358.440,-2.115,359.956,10.200,22.816,-0.510,178.440,表3-1启摆,0
0.160,358.550,-2.010,359.934,0.000,26.880,-0.383,178.550,表3-1启摆,0
0.180,358.638,-1.909,359.934,0.000,29.920,-0.287,178.638,表3-1启摆,0
0.199,358.770,-1.244,359.934,0.000,32.144,-0.215,178.770,表3-1启摆,0
0.219,359.407,2.899,359.934,0.000,11.065,-0.161,179.407,表3-1启摆,0
0.239,0.549,4.164,359.934,0.000,20.750,-0.121,179.451,表3-1启摆,0
0.259,1.033,5.155,359.934,0.000,27.931,-0.091,178.967,表3-1启摆,0
0.279,1.978,7.988,359.934,0.000,33.079,-0.068,178.022,表3-1启摆,0
0.300,4.087,14.878,359.934,0.000,36.363,-0.051,175.913,表3-1启摆,0
0.320,7.471,24.034,359.934,0.000,38.059,-0.038,172.529,表3-1启摆,0
0.340,12.458,39.243,359.934,0.000,38.056,-0.029,167.542,表3-1启摆,0
0.360,16.831,43.461,359.934,0.000,37.701,-0.022,163.169,表3-1启摆,0
0.380,19.995,52.927,359.934,4.200,36.642,-0.226,160.005,表3-1启摆,0
0.401,25.708,66.391,359.956,0.000,34.719,-0.170,154.292,表3-1启摆,0
0.421,32.278,73.032,359.956,0.000,32.721,-0.127,147.722,表3-1启摆,0
0.441,35.178,76.400,359.956,0.000,30.941,-0.095,144.822,表3-1启摆,0
0.461,39.199,85.840,359.956,0.000,28.814,-0.072,140.801,表3-1启摆,0
0.481,45.264,96.098,359.956,0.000,26.360,-0.054,134.736,表3-1启摆,0
0.500,48.867,96.363,359.956,4.800,24.497,-0.280,131.133,表3-1启摆,0
0.520,50.625,95.925,359.956,0.000,23.137,-0.210,129.375,表3-1启摆,0
0.540,53.130,99.949,359.956,0.000,21.779,-0.158,126.870,表3-1启摆,0
0.559,57.810,106.681,359.956,0.000,20.197,-0.118,122.190,表3-1启摆,0
0.579,61.985,110.017,359.956,0.000,18.731,-0.089,118.015,表3-1启摆,0
0.599,64.204,108.386,359.956,0.000,17.768,-0.067,115.796,表3-1启摆,0
0.620,65.237,104.977,359.956,0.000,17.332,-0.050,114.763,表3-1启摆,0
0.640,66.050,101.918,359.956,0.000,17.260,-0.037,113.950,表3-1启摆,0
0.660,67.280,101.082,359.956,0.000,17.277,-0.028,112.720,表3-1启摆,0
0.679,69.851,104.758,359.956,0.000,16.982,-0.021,110.149,表3-1启摆,0
0.699,73.938,108.790,359.956,0.000,16.422,-0.016,106.062,表3-1启摆,0
0.719,76.707,109.171,359.956,0.000,15.971,-0.012,103.293,表3-1启摆,0
0.740,78.838,108.122,359.956,4.800,15.720,-0.249,101.162,表3-1启摆,0
0.759,80.266,105.566,359.956,-4.800,15.746,0.053,99.734,表3-1启摆,0
0.779,81.167,102.118,359.956,0.000,16.055,0.040,98.833,表3-1启摆,0
0.800,81.914,98.542,359.956,0.000,16.586,0.030,98.086,表3-1启摆,0
0.820,82.947,96.345,359.956,0.000,17.168,0.023,97.053,表3-1启摆,0
0.839,84.814,98.158,359.956,0.000,17.453,0.017,95.186,表3-1启摆,0
0.859,88.440,103.120,359.956,-4.800,17.251,0.253,91.560,表3-1启摆,0
0.879,91.252,102.464,359.956,4.800,-8.446,-0.051,88.748,表3-1启摆,0
0.900,92.593,98.811,359.956,0.000,-27.412,-0.038,87.407,表3-1启摆,0
0.920,92.681,93.840,359.956,-5.400,-41.221,0.242,87.319,表3-1启摆,0
0.940,92.527,88.818,359.956,0.000,-51.156,0.181,87.473,表3-1启摆,0
0.959,91.604,78.857,359.956,0.000,-57.774,0.136,88.396,表3-1启摆,0
0.979,88.594,65.404,359.956,0.000,-36.010,0.102,91.406,表3-1启摆,0
0.999,84.265,49.474,359.956,0.000,-18.352,0.076,95.735,表3-1启摆,0
1.019,78.530,37.220,359.956,0.000,-4.082,0.057,101.470,表3-1启摆,0
1.040,76.575,33.049,359.956,0.000,6.970,0.043,103.425,表3-1启摆,0
1.059,75.894,30.797,359.956,0.000,15.447,0.032,104.106,表3-1启摆,0
1.079,75.916,29.257,359.956,0.000,21.934,0.024,104.084,表3-1启摆,0
1.100,76.003,28.364,359.956,0.000,26.875,0.018,103.997,表3-1启摆,0
1.120,76.179,27.516,359.956,5.400,30.651,-0.256,103.821,表3-1启摆,0
1.140,76.838,29.770,359.956,0.000,33.294,-0.192,103.162,表3-1启摆,0
1.160,78.684,33.082,359.956,0.000,34.999,-0.144,101.316,表3-1启摆,0
1.179,80.881,36.708,359.956,0.000,35.974,-0.108,99.119,表3-1启摆,0
1.199,82.903,40.812,359.956,0.000,36.362,-0.081,97.097,表3-1启摆,0
1.219,86.704,51.912,359.956,0.000,35.722,-0.061,93.296,表3-1启摆,0
1.240,92.131,60.236,359.956,0.000,8.945,-0.046,87.869,表3-1启摆,0
1.260,96.284,65.474,359.956,0.000,-11.576,-0.034,83.716,表3-1启摆,0
1.280,97.383,61.960,359.956,0.000,-26.673,-0.026,82.617,表3-1启摆,0
1.300,97.273,58.562,359.956,0.000,-37.711,-0.019,82.727,表3-1启摆,0
1.320,97.053,54.284,359.956,0.000,-45.631,-0.014,82.947,表3-1启摆,0
1.340,96.240,47.880,359.956,0.000,-51.034,-0.011,83.760,表3-1启摆,0
1.360,94.263,38.946,359.956,0.000,-54.338,-0.008,85.737,表3-1启摆,0
1.380,89.934,23.229,359.956,0.000,-29.900,-0.006,90.066,表3-1启摆,0
1.400,85.056,10.727,359.956,0.000,-10.524,-0.005,94.944,表3-1启摆,0
1.420,79.937,0.051,359.956,0.000,4.903,-0.003,100.063,表3-1启摆,0
1.440,78.135,-1.212,359.956,0.000,-5.821,-0.003,101.865,表3-1启摆,0
1.460,78.047,-1.181,359.956,0.000,-13.867,-0.002,101.953,表3-1启摆,0
1.480,77.849,-1.692,359.956,0.000,-19.858,-0.001,102.151,表3-1启摆,0
1.500,77.058,-5.867,359.956,0.000,-24.002,-0.001,102.942,表3-1启摆,0
1.519,74.531,-12.114,359.956,0.000,-26.587,-0.001,105.469,表3-1启摆,0
1.539,72.224,-16.518,359.956,0.000,-28.156,-0.001,107.776,表3-1启摆,0
1.559,69.829,-23.102,359.956,0.000,-28.782,-0.000,110.171,表3-1启摆,0
1.579,65.061,-36.107,359.956,0.000,-28.161,-0.000,114.939,表3-1启摆,0
1.599,61.282,-40.122,359.956,0.000,-27.360,-0.000,118.718,表3-1启摆,0
1.619,59.326,-43.396,359.956,0.000,-26.484,-0.000,120.674,表3-1启摆,0
1.639,56.799,-47.466,359.956,0.000,-25.487,-0.000,123.201,表3-1启摆,0
1.659,53.855,-53.853,359.956,0.000,-24.204,-0.000,126.145,表3-1启摆,0
1.679,49.197,-65.710,359.956,0.000,-22.248,-0.000,130.803,表3-1启摆,0
1.699,45.483,-66.805,359.956,0.000,-20.689,-0.000,134.517,表3-1启摆,0
1.719,44.451,-66.554,359.934,0.000,-19.541,-0.000,135.549,表3-1启摆,0
1.739,42.935,-67.607,359.934,0.000,-18.592,-0.000,137.065,表3-1启摆,0
1.759,40.781,-69.866,359.934,0.000,-17.691,-0.000,139.219,表3-1启摆,0
1.779,38.298,-73.693,359.934,0.000,-16.695,-0.000,141.702,表3-1启摆,0
1.800,34.871,-79.788,359.934,0.000,-15.437,-0.000,145.129,表3-1启摆,0
1.820,30.938,-82.639,359.934,-4.800,-14.254,0.240,149.062,表3-1启摆,0
1.840,30.015,-79.677,359.934,0.000,-13.616,0.180,149.985,表3-1启摆,0
1.860,29.619,-77.343,359.934,0.000,-13.332,0.135,150.381,表3-1启摆,0
1.880,29.004,-75.786,359.934,0.000,-13.250,0.101,150.996,表3-1启摆,0
1.900,28.213,-74.037,359.934,0.000,-13.335,0.076,151.787,表3-1启摆,0
1.920,27.180,-73.935,359.934,0.000,-13.407,0.057,152.820,表3-1启摆,0
1.940,25.598,-74.708,359.934,0.000,-13.397,0.043,154.402,表3-1启摆,0
1.960,23.203,-77.963,359.934,0.000,-13.116,0.032,156.797,表3-1启摆,0
1.979,20.237,-81.895,359.934,0.000,-12.576,0.024,159.763,表3-1启摆,0
2.000,17.271,-86.050,359.934,0.000,-11.823,0.018,162.729,表3-1启摆,0
2.020,14.700,-84.417,359.934,0.000,-11.395,0.014,165.300,表3-1启摆,0
2.039,14.326,-81.516,359.934,0.000,-11.317,0.010,165.674,表3-1启摆,0
2.059,13.997,-78.041,359.934,0.000,-11.550,0.008,166.003,表3-1启摆,0
2.080,13.601,-75.549,359.934,0.000,-11.933,0.006,166.399,表3-1启摆,0
2.100,13.030,-74.291,359.934,0.000,-12.326,0.004,166.970,表3-1启摆,0
2.120,12.217,-72.647,359.934,0.000,-12.759,0.003,167.783,表3-1启摆,0
2.139,11.404,-71.624,359.934,0.000,-13.169,0.002,168.596,表3-1启摆,0
2.160,10.063,-72.243,359.934,0.000,-13.424,0.002,169.937,表3-1启摆,0
2.179,7.690,-75.771,359.934,0.000,-13.320,0.001,172.310,表3-1启摆,0
2.199,4.768,-79.002,359.934,0.000,-12.972,0.001,175.232,表3-1启摆,0
2.219,2.153,-82.762,359.934,5.400,-12.395,-0.269,177.847,表3-1启摆,0
2.239,359.275,-83.844,359.934,0.000,7.328,-0.202,179.275,表3-1启摆,0
2.259,358.594,-79.652,359.934,0.000,21.769,-0.151,178.594,表3-1启摆,0
2.279,358.638,-75.669,359.934,0.000,32.266,-0.114,178.638,表3-1启摆,0
2.299,358.726,-71.346,359.934,0.000,39.776,-0.085,178.726,表3-1启摆,0
2.319,359.077,-65.799,359.934,4.800,44.945,-0.304,179.077,表3-1启摆,0
2.339,0.352,-58.339,359.934,0.000,28.996,-0.228,179.648,表3-1启摆,0
2.359,2.637,-48.222,359.934,4.800,16.187,-0.411,177.363,表3-1启摆,0
2.379,6.218,-36.841,359.934,0.000,5.626,-0.308,173.782,表3-1启摆,0
2.399,9.448,-26.929,359.934,0.000,-3.124,-0.231,170.552,表3-1启摆,0
2.419,12.876,-17.782,359.934,0.000,-10.453,-0.173,167.124,表3-1启摆,0
2.439,14.128,-17.403,359.934,0.000,-15.982,-0.130,165.872,表3-1启摆,0
2.459,14.106,-16.533,359.934,0.000,-20.202,-0.098,165.894,表3-1启摆,0
2.479,14.019,-15.736,359.934,4.800,-23.433,-0.313,165.981,表3-1启摆,0
2.500,13.843,-15.819,359.934,0.000,-25.849,-0.235,166.157,表3-1启摆,0
2.519,13.359,-16.768,359.956,4.800,-27.582,-0.416,166.641,表3-1启摆,0
2.539,12.305,-19.200,359.934,-5.400,-28.678,-0.042,167.695,表3-1启摆,0
2.559,10.481,-24.900,359.934,0.000,-29.023,-0.032,169.519,表3-1启摆,0
2.579,6.658,-35.925,359.934,0.000,-28.357,-0.024,173.342,表3-1启摆,0
2.599,1.758,-47.239,359.934,0.000,-26.911,-0.018,178.242,表3-1启摆,0
2.619,357.451,-49.917,359.934,0.000,-6.401,-0.013,177.451,表3-1启摆,0
2.639,356.572,-48.051,359.934,0.000,8.825,-0.010,176.572,表3-1启摆,0
2.659,356.484,-45.648,359.934,0.000,20.043,-0.007,176.484,表3-1启摆,0
2.679,356.528,-43.366,359.934,0.000,28.265,-0.006,176.528,表3-1启摆,0
2.699,356.682,-40.628,359.934,0.000,34.202,-0.004,176.682,表3-1启摆,0
2.719,356.968,-37.456,359.934,0.000,38.390,-0.003,176.968,表3-1启摆,0
2.739,357.979,-32.314,359.934,0.000,41.099,-0.002,177.979,表3-1启摆,0
2.759,359.407,-26.618,359.934,0.000,42.655,-0.002,179.407,表3-1启摆,0
2.779,1.384,-19.467,359.934,4.800,24.022,-0.241,178.616,表3-1启摆,0
2.799,4.856,-7.694,359.934,0.000,9.061,-0.181,175.144,表3-1启摆,0
2.819,8.745,1.211,359.934,0.000,19.494,-0.136,171.255,表3-1启摆,0
2.839,12.788,12.971,359.934,0.000,26.334,-0.102,167.212,表3-1启摆,0
2.859,15.557,14.722,359.934,0.000,31.317,-0.076,164.443,表3-1启摆,0
2.879,16.348,16.626,359.934,0.000,34.895,-0.057,163.652,表3-1启摆,0
2.899,18.127,21.885,359.934,0.000,37.138,-0.043,161.873,表3-1启摆,0
2.919,22.083,33.840,359.934,0.000,37.818,-0.032,157.917,表3-1启摆,0
2.939,28.103,49.308,359.934,5.400,37.033,-0.294,151.897,表3-1启摆,0
2.960,33.201,52.483,359.934,0.000,36.178,-0.221,146.799,表3-1启摆,0
2.979,35.728,58.289,359.956,0.000,35.050,-0.165,144.272,表3-1启摆,0
3.000,40.408,69.744,359.956,5.400,33.245,-0.394,139.592,表3-1启摆,0
3.019,46.692,81.107,359.956,0.000,30.939,-0.296,133.308,表3-1启摆,0
3.039,49.614,81.462,359.956,-4.800,29.180,0.018,130.386,表3-1启摆,0
3.059,51.658,83.509,359.956,0.000,27.689,0.014,128.342,表3-1启摆,0
3.079,55.657,92.683,359.956,0.000,25.802,0.010,124.343,表3-1启摆,0
3.099,61.040,100.289,359.956,0.000,23.750,0.008,118.960,表3-1启摆,0
3.119,64.292,100.045,359.956,0.000,22.231,0.006,115.708,表3-1启摆,0
3.139,65.632,97.742,359.956,0.000,21.285,0.004,114.368,表3-1启摆,0
3.159,67.017,97.145,359.956,0.000,20.625,0.003,112.983,表3-1启摆,0
3.180,69.478,100.658,359.956,0.000,19.836,0.002,110.522,表3-1启摆,0
3.200,73.960,107.205,359.956,0.000,18.696,0.002,106.040,表3-1启摆,0
3.220,77.168,108.595,359.956,0.000,17.724,0.001,102.832,表3-1启摆,0
3.240,79.541,107.485,359.956,0.000,17.089,0.001,100.459,表3-1启摆,0
3.260,80.925,104.751,359.956,-5.400,16.841,0.271,99.075,表3-1启摆,0
3.280,81.760,101.283,359.956,0.000,16.946,0.203,98.240,表3-1启摆,0
3.300,82.727,99.399,359.956,0.000,17.182,0.152,97.273,表3-1启摆,0
3.320,84.397,100.039,359.956,0.000,17.306,0.114,95.603,表3-1启摆,0
3.339,87.869,105.627,359.956,0.000,16.930,0.086,92.131,表3-1启摆,0
3.360,91.055,106.196,359.956,0.000,-8.999,0.064,88.945,表3-1启摆,0
3.380,92.505,102.146,359.956,0.000,-28.107,0.048,87.495,表3-1启摆,0
3.400,92.549,96.769,359.956,0.000,-41.987,0.036,87.451,表3-1启摆,0
3.420,92.373,91.360,359.956,0.000,-51.944,0.027,87.627,表3-1启摆,0
3.440,91.318,81.032,359.956,4.800,-58.546,-0.220,88.682,表3-1启摆,0
3.460,88.242,67.381,359.956,0.000,-36.755,-0.165,91.758,表3-1启摆,0
3.480,83.562,49.072,359.956,0.000,-18.877,-0.124,96.438,表3-1启摆,0
3.500,77.827,37.168,359.956,0.000,-4.472,-0.093,102.173,表3-1启摆,0
3.520,75.784,31.380,359.956,0.000,6.817,-0.070,104.216,表3-1启摆,0
3.539,74.905,29.181,359.956,0.000,15.468,-0.052,105.095,表3-1启摆,0
3.560,74.905,27.722,359.956,0.000,22.079,-0.039,105.095,表3-1启摆,0
3.579,75.015,26.366,359.956,0.000,27.150,-0.029,104.985,表3-1启摆,0
3.600,75.168,25.647,359.956,0.000,31.014,-0.022,104.832,表3-1启摆,0
3.619,75.894,28.055,359.956,0.000,33.710,-0.016,104.106,表3-1启摆,0
3.639,77.827,32.802,359.956,0.000,35.335,-0.012,102.173,表3-1启摆,0
3.660,80.442,37.102,359.956,0.000,36.193,-0.009,99.558,表3-1启摆,0
3.679,82.507,40.737,359.956,0.000,36.532,-0.007,97.493,表3-1启摆,0
3.700,85.693,50.760,359.956,0.000,35.946,-0.005,94.307,表3-1启摆,0
3.720,91.406,60.552,359.956,0.000,9.087,-0.004,88.594,表3-1启摆,0
3.740,95.493,65.565,359.956,0.000,-11.477,-0.003,84.507,表3-1启摆,0
3.759,96.987,62.286,359.956,0.000,-26.626,-0.002,83.013,表3-1启摆,0
3.780,96.877,58.932,359.956,0.000,-37.707,-0.002,83.123,表3-1启摆,0
3.800,96.680,54.605,359.956,0.000,-45.655,-0.001,83.320,表3-1启摆,0
3.820,95.911,48.365,359.956,0.000,-51.093,-0.001,84.089,表3-1启摆,0
3.839,93.845,38.357,359.956,0.000,-54.333,-0.001,86.155,表3-1启摆,0
3.860,89.319,22.489,359.956,0.000,-29.834,-0.001,90.681,表3-1启摆,0
3.880,84.353,8.825,359.956,0.000,-10.315,-0.000,95.647,表3-1启摆,0
3.899,78.816,-0.587,359.956,0.000,-17.287,-0.000,101.184,表3-1启摆,0
3.920,77.212,-3.257,359.956,0.000,-22.292,-0.000,102.788,表3-1启摆,0
3.940,75.652,-8.194,359.956,-5.400,-25.633,0.270,104.348,表3-1启摆,0
3.960,73.279,-13.605,359.956,0.000,-27.685,0.202,106.721,表3-1启摆,0
3.980,71.147,-19.045,359.956,0.000,-28.768,0.152,108.853,表3-1启摆,0
4.000,67.961,-29.132,359.956,0.000,-28.735,0.114,112.039,表3-1启摆,0
4.020,62.622,-37.936,359.956,0.000,-27.974,0.085,117.378,表3-1启摆,0
4.040,60.315,-40.719,359.956,-4.800,-27.169,0.304,119.685,表3-1启摆,0
4.059,58.118,-45.193,359.956,4.800,-26.191,-0.012,121.882,表3-1启摆,0
4.080,55.371,-49.923,359.956,-4.800,-25.061,0.231,124.629,表3-1启摆,0
4.099,51.746,-58.527,359.956,0.000,-23.492,0.173,128.254,表3-1启摆,0
4.119,46.582,-65.591,359.956,0.000,-21.724,0.130,133.418,表3-1启摆,0
4.139,44.912,-64.741,359.956,0.000,-20.469,0.097,135.088,表3-1启摆,0
4.159,43.748,-65.044,359.956,0.000,-19.503,0.073,136.252,表3-1启摆,0
4.180,41.792,-68.212,359.956,0.000,-18.513,0.055,138.208,表3-1启摆,0
4.199,39.353,-70.771,359.934,0.000,-17.556,0.041,140.647,表3-1启摆,0
4.220,36.299,-75.933,359.956,0.000,-16.405,0.031,143.701,表3-1启摆,0
4.239,32.212,-83.176,359.956,0.000,-14.936,0.023,147.788,表3-1启摆,0
4.259,30.103,-79.917,359.956,0.000,-14.107,0.017,149.897,表3-1启摆,0
4.279,29.729,-76.822,359.956,0.000,-13.744,0.013,150.271,表3-1启摆,0
4.299,29.180,-74.300,359.956,0.000,-13.684,0.010,150.820,表3-1启摆,0
4.319,28.389,-72.385,359.956,0.000,-13.799,0.007,151.611,表3-1启摆,0
4.339,27.400,-71.826,359.934,0.000,-13.932,0.005,152.600,表3-1启摆,0
4.359,25.884,-72.915,359.934,0.000,-13.940,0.004,154.116,表3-1启摆,0
4.380,23.533,-75.989,359.934,0.000,-13.689,0.003,156.467,表3-1启摆,0
4.400,20.479,-80.020,359.934,0.000,-13.163,0.002,159.521,表3-1启摆,0
4.420,17.424,-84.629,359.934,0.000,-12.383,0.002,162.576,表3-1启摆,0
4.440,14.634,-82.797,359.934,0.000,-11.950,0.001,165.366,表3-1启摆,0
4.459,14.238,-79.287,359.934,0.000,-11.921,0.001,165.762,表3-1启摆,0
4.480,13.909,-76.163,359.934,0.000,-12.160,0.001,166.091,表3-1启摆,0
4.500,13.447,-73.285,359.934,0.000,-12.580,0.001,166.553,表3-1启摆,0
4.520,12.766,-71.841,359.934,0.000,-13.017,0.000,167.234,表3-1启摆,0
4.540,12.019,-70.139,359.934,0.000,-13.487,0.000,167.981,表3-1启摆,0
4.559,11.008,-69.332,359.934,0.000,-13.907,0.000,168.992,表3-1启摆,0
4.580,9.316,-71.355,359.934,0.000,-14.052,0.000,170.684,表3-1启摆,0
4.600,6.394,-75.497,359.934,0.000,-13.814,0.000,173.606,表3-1启摆,0
4.620,3.450,-78.172,359.934,0.000,-13.412,0.000,176.550,表3-1启摆,0
4.639,0.330,-83.174,359.934,0.000,-12.691,0.000,179.670,表3-1启摆,0
4.659,358.550,-79.975,359.934,0.000,6.782,0.000,178.550,表3-1启摆,0
4.680,358.330,-75.736,359.934,0.000,21.031,0.000,178.330,表3-1启摆,0
4.700,358.374,-71.950,359.934,0.000,31.401,0.000,178.374,表3-1启摆,0
4.720,358.462,-68.082,359.934,0.000,38.854,0.000,178.462,表3-1启摆,0
4.740,358.704,-63.508,359.934,0.000,44.061,0.000,178.704,表3-1启摆,0
4.760,359.824,-56.463,359.934,-4.800,47.376,0.240,179.824,表3-1启摆,0
4.780,1.890,-46.679,359.934,4.800,29.843,-0.060,178.110,表3-1启摆,0
4.800,6.240,-31.865,359.934,0.000,15.452,-0.045,173.760,表3-1启摆,0
4.820,11.360,-15.962,359.934,0.000,3.326,-0.034,168.640,表3-1启摆,0
4.840,15.491,-13.214,359.934,0.000,-5.999,-0.025,164.509,表3-1启摆,0
4.860,15.513,-12.553,359.934,0.000,-13.047,-0.019,164.487,表3-1启摆,0
4.880,15.469,-12.226,359.934,0.000,-18.361,-0.014,164.531,表3-1启摆,0
4.900,15.403,-11.614,359.934,0.000,-22.398,-0.011,164.597,表3-1启摆,0
4.920,15.293,-11.304,359.934,0.000,-25.451,-0.008,164.707,表3-1启摆,0
4.940,15.029,-11.878,359.934,0.000,-27.693,-0.006,164.971,表3-1启摆,0
4.960,14.304,-13.115,359.934,0.000,-29.271,-0.005,165.696,表3-1启摆,0
4.979,13.315,-15.579,359.934,0.000,-30.248,-0.003,166.685,表3-1启摆,0
4.999,11.777,-19.120,359.934,0.000,-30.685,-0.003,168.223,表3-1启摆,0
5.019,9.141,-27.224,359.934,0.000,-30.333,-0.002,170.859,表3-1启摆,0
5.039,4.285,-38.733,359.934,0.000,-29.105,-0.001,175.715,表3-1启摆,0
5.059,358.857,-50.086,359.934,0.000,-8.032,-0.001,178.857,表3-1启摆,0
5.079,356.836,-47.942,359.934,0.000,7.592,-0.001,176.836,表3-1启摆,0
5.099,356.770,-45.545,359.934,-4.800,19.110,0.239,176.770,表3-1启摆,0
5.119,356.836,-42.757,359.934,0.000,27.514,0.180,176.836,表3-1启摆,0
5.140,356.968,-40.590,359.934,0.000,33.636,0.135,176.968,表3-1启摆,0
5.160,357.231,-37.090,359.934,0.000,37.934,0.101,177.231,表3-1启摆,0
5.179,358.132,-32.596,359.934,0.000,40.781,0.076,178.132,表3-1启摆,0
5.199,359.561,-26.706,359.934,0.000,42.423,0.057,179.561,表3-1启摆,0
5.220,1.582,-19.731,359.934,0.000,23.870,0.043,178.418,表3-1启摆,0
5.240,5.229,-8.094,359.934,0.000,8.981,0.032,174.771,表3-1启摆,0
5.260,9.250,1.521,359.934,0.000,19.408,0.024,170.750,表3-1启摆,0
5.280,13.535,12.065,359.934,0.000,26.346,0.018,166.465,表3-1启摆,0
5.299,15.710,12.721,359.934,0.000,31.493,0.013,164.290,表3-1启摆,0
5.320,16.545,16.105,359.934,0.000,35.071,0.010,163.455,表3-1启摆,0
5.339,18.457,21.990,359.934,0.000,37.261,0.008,161.543,表3-1启摆,0
5.359,22.698,33.791,359.956,4.800,37.915,-0.234,157.302,表3-1启摆,0
5.379,28.894,50.881,359.934,-4.800,36.973,0.064,151.106,表3-1启摆,0
5.400,33.420,53.977,359.934,0.000,36.008,0.048,146.580,表3-1启摆,0
5.419,36.057,60.098,359.956,0.000,34.771,0.036,143.943,表3-1启摆,0
5.440,40.957,71.793,359.956,0.000,32.864,0.027,139.043,表3-1启摆,0
5.459,47.131,81.734,359.956,0.000,30.601,0.020,132.869,表3-1启摆,0
5.479,49.768,82.027,359.956,0.000,28.879,0.015,130.232,表3-1启摆,0
5.499,51.855,84.196,359.956,0.000,27.405,0.011,128.145,表3-1启摆,0
5.519,56.052,92.796,359.956,0.000,25.580,0.009,123.948,表3-1启摆,0
5.540,61.370,99.766,359.956,0.000,23.627,0.006,118.630,表3-1启摆,0
5.559,64.402,99.068,359.956,0.000,22.221,0.005,115.598,表3-1启摆,0
5.580,65.676,96.814,359.956,0.000,21.355,0.004,114.324,表3-1启摆,0
5.599,67.083,96.324,359.956,0.000,20.747,0.003,112.917,表3-1启摆,0
5.619,69.653,100.117,359.956,0.000,19.973,0.002,110.347,表3-1启摆,0
5.639,74.180,105.282,359.956,0.000,18.959,0.002,105.820,表3-1启摆,0
5.659,77.366,106.797,359.956,0.000,18.072,0.001,102.634,表3-1启摆,0
5.679,79.695,106.168,359.956,0.000,17.460,0.001,100.305,表3-1启摆,0
5.700,81.079,103.499,359.956,0.000,17.224,0.001,98.921,表3-1启摆,0
5.719,81.848,100.364,359.956,-5.400,17.310,0.270,98.152,表3-1启摆,0
5.739,82.925,98.166,359.956,0.000,17.559,0.203,97.075,表3-1启摆,0
5.759,84.749,99.378,359.956,0.000,17.644,0.152,95.251,表3-1启摆,0
5.780,88.418,104.549,359.956,0.000,17.274,0.114,91.582,表3-1启摆,0
5.799,91.340,104.571,359.956,0.000,-8.605,0.086,88.660,表3-1启摆,0
5.819,92.791,101.353,359.956,0.000,-27.745,0.064,87.209,表3-1启摆,0
5.839,92.922,96.285,359.956,0.000,-41.675,0.048,87.078,表3-1启摆,0
5.859,92.769,90.871,359.956,4.800,-51.669,-0.204,87.231,表3-1启摆,0
5.879,91.868,80.597,359.956,0.000,-58.304,-0.153,88.132,表3-1启摆,0
5.899,88.792,66.818,359.956,0.000,-36.526,-0.115,91.208,表3-1启摆,0
5.919,84.529,51.477,359.956,0.000,-18.907,-0.086,95.471,表3-1启摆,0
5.939,78.750,38.703,359.956,0.000,-4.622,-0.065,101.250,表3-1启摆,0
5.959,76.663,34.158,359.956,0.000,6.472,-0.048,103.337,表3-1启摆,0
5.979,75.916,31.850,359.956,0.000,14.985,-0.036,104.084,表3-1启摆,0
5.999,75.894,30.257,359.956,0.000,21.504,-0.027,104.106,表3-1启摆,0
6.019,76.003,29.284,359.956,0.000,26.475,-0.020,103.997,表3-1启摆,0
6.040,76.157,28.360,359.956,0.000,30.280,-0.015,103.843,表3-1启摆,0
6.059,76.685,29.942,359.956,0.000,33.002,-0.011,103.315,表3-1启摆,0
6.080,78.464,33.155,359.956,0.000,34.774,-0.009,101.536,表3-1启摆,0
6.100,80.684,36.537,359.956,0.000,35.819,-0.006,99.316,表3-1启摆,0
6.119,82.595,39.420,359.956,-5.400,36.362,0.265,97.405,表3-1启摆,0
6.139,85.847,48.879,359.956,0.000,35.977,0.199,94.153,表3-1启摆,0
6.159,91.472,58.495,359.956,5.400,9.282,-0.121,88.528,表3-1启摆,0
6.179,95.493,63.821,359.956,0.000,-11.185,-0.091,84.507,表3-1启摆,0
6.200,96.943,60.630,359.956,0.000,-26.268,-0.068,83.057,表3-1启摆,0
6.219,96.833,57.058,359.956,0.000,-37.281,-0.051,83.167,表3-1启摆,0
6.239,96.680,53.695,359.956,0.000,-45.259,-0.038,83.320,表3-1启摆,0
6.259,95.933,47.531,359.956,0.000,-50.726,-0.029,84.067,表3-1启摆,0
6.279,93.999,37.864,359.956,0.000,-54.017,-0.022,86.001,表3-1启摆,0
6.299,89.583,23.101,359.956,-4.800,-29.648,0.224,90.417,表3-1启摆,0
6.319,84.749,10.456,359.956,0.000,-10.312,0.168,95.251,表3-1启摆,0
6.339,79.255,0.633,359.956,-4.800,5.013,0.366,100.745,表3-1启摆,0
6.360,77.849,0.301,359.956,0.000,16.535,0.274,102.151,表3-1启摆,0
6.380,77.893,0.286,359.956,0.000,25.177,0.206,102.107,表3-1启摆,0
6.401,78.025,0.332,359.956,0.000,31.655,0.154,101.975,表3-1启摆,0
6.420,78.245,1.785,359.956,0.000,36.392,0.116,101.755,表3-1启摆,0
6.440,79.124,5.206,359.956,0.000,39.658,0.087,100.876,表3-1启摆,0
6.460,80.947,10.196,359.956,-4.800,41.689,0.305,99.053,表3-1启摆,0
6.480,83.013,16.166,359.956,0.000,42.712,0.229,96.987,表3-1启摆,0
6.500,87.473,31.258,359.956,0.000,42.216,0.172,92.527,表3-1启摆,0
6.520,93.450,42.115,359.956,0.000,15.334,0.129,86.550,表3-1启摆,0
6.540,97.954,45.979,359.956,0.000,-5.152,0.097,82.046,表3-1启摆,0
6.559,99.163,45.120,359.956,0.000,-20.444,0.072,80.837,表3-1启摆,0
6.579,99.250,42.864,359.956,0.000,-31.724,0.054,80.750,表3-1启摆,0
6.600,99.075,40.121,359.956,0.000,-39.954,0.041,80.925,表3-1启摆,0
6.619,98.701,36.615,359.956,0.000,-45.833,0.031,81.299,表3-1启摆,0
6.639,97.053,29.414,359.956,0.000,-49.639,0.023,82.947,表3-1启摆,0
6.659,94.658,21.523,359.956,0.000,-51.832,0.017,85.342,表3-1启摆,0
6.680,90.769,7.097,359.956,0.000,-52.269,0.013,89.231,表3-1启摆,0
6.699,85.759,-5.798,359.956,0.000,-48.316,0.010,94.241,表3-1启摆,0
6.719,78.860,-22.728,359.956,0.000,-43.933,0.007,101.140,表3-1启摆,0
6.740,73.630,-33.831,359.956,0.000,-39.715,0.005,106.370,表3-1启摆,0
6.760,69.280,-43.990,359.956,0.000,-35.701,0.004,110.720,表3-1启摆,0
6.779,62.952,-57.450,359.956,0.000,-31.563,0.003,117.048,表3-1启摆,0
6.799,59.282,-61.328,359.956,0.000,-28.134,0.002,120.718,表3-1启摆,0
6.820,56.360,-65.131,359.956,0.000,-25.244,0.002,123.640,表3-1启摆,0
6.839,53.020,-71.955,359.956,-5.400,-22.505,0.271,126.980,表3-1启摆,0
6.859,47.878,-82.277,359.956,0.000,-19.586,0.203,132.122,表3-1启摆,0
6.879,45.264,-80.533,359.956,0.000,-17.543,0.153,134.736,表3-1启摆,0
6.899,44.451,-79.117,359.956,0.000,-16.129,0.114,135.549,表3-1启摆,0
6.919,43.198,-78.551,359.956,0.000,-15.116,0.086,136.802,表3-1启摆,0
6.940,41.440,-79.273,359.956,0.000,-14.296,0.064,138.560,表3-1启摆,0
6.959,39.419,-80.500,359.956,0.000,-13.578,0.048,140.581,表3-1启摆,0
6.979,37.002,-83.285,359.934,-10.200,-12.806,0.546,142.998,表3-1启摆,0
6.999,33.706,-87.760,359.956,0.000,-11.853,0.410,146.294,表3-1启摆,0
7.019,30.828,-86.432,359.956,0.000,-11.248,0.307,149.172,表3-1启摆,0
7.039,30.366,-82.441,359.934,0.000,-11.130,0.230,149.634,表3-1启摆,0
7.060,30.037,-79.969,359.934,0.000,-11.248,0.173,149.963,表3-1启摆,0
7.080,29.597,-77.140,359.934,0.000,-11.573,0.130,150.403,表3-1启摆,0
7.100,29.026,-74.993,359.934,0.000,-11.997,0.097,150.974,表3-1启摆,0
7.119,28.345,-72.714,359.934,-5.400,-12.506,0.343,151.655,表3-1启摆,0
7.139,27.466,-71.748,359.934,0.000,-12.969,0.257,152.534,表3-1启摆,0
7.159,26.125,-71.790,359.934,0.000,-13.313,0.193,153.875,表3-1启摆,0
7.179,24.082,-74.621,359.956,0.000,-13.333,0.145,155.918,表3-1启摆,0
7.199,21.226,-78.240,359.934,0.000,-13.045,0.108,158.774,表3-1启摆,0
7.219,18.435,-81.228,359.934,0.000,-12.579,0.081,161.565,表3-1启摆,0
7.240,15.293,-83.137,359.934,0.000,-12.069,0.061,164.707,表3-1启摆,0
7.259,14.370,-80.090,359.934,0.000,-11.942,0.046,165.630,表3-1启摆,0
7.279,14.019,-77.255,359.934,0.000,-12.085,0.034,165.981,表3-1启摆,0
7.300,13.601,-74.532,359.934,0.000,-12.420,0.026,166.399,表3-1启摆,0
7.319,13.030,-72.756,359.934,0.000,-12.819,0.019,166.970,表3-1启摆,0
7.339,12.349,-70.648,359.934,0.000,-13.296,0.014,167.651,表3-1启摆,0
7.359,11.492,-69.486,359.934,-4.800,-13.751,0.251,168.508,表3-1启摆,0
7.379,10.151,-70.271,359.934,0.000,-14.026,0.188,169.849,表3-1启摆,0
7.399,7.712,-74.348,359.934,0.000,-13.891,0.141,172.288,表3-1启摆,0
7.419,4.570,-77.860,359.934,0.000,-13.495,0.106,175.430,表3-1启摆,0
7.439,1.692,-82.397,359.934,0.000,-12.819,0.079,178.308,表3-1启摆,0
7.460,358.901,-82.418,359.934,0.000,6.891,0.060,178.901,表3-1启摆,0
7.479,358.484,-78.297,359.934,0.000,21.327,0.045,178.484,表3-1启摆,0
7.499,358.528,-74.382,359.934,0.000,31.827,0.033,178.528,表3-1启摆,0
7.519,358.638,-70.153,359.934,0.000,39.347,0.025,178.638,表3-1启摆,0
7.539,358.945,-64.935,359.934,0.000,44.550,0.019,178.945,表3-1启摆,0
7.559,0.110,-57.428,359.934,0.000,28.624,0.014,179.890,表3-1启摆,0
7.579,2.021,-49.577,359.934,0.000,16.021,0.011,177.979,表3-1启摆,0
7.599,5.054,-38.008,359.934,0.000,5.600,0.008,174.946,表3-1启摆,0
7.620,8.042,-29.328,359.934,0.000,-2.943,0.006,171.958,表3-1启摆,0
7.640,10.525,-21.951,359.934,0.000,-9.968,0.004,169.475,表3-1启摆,0
7.660,12.854,-16.504,359.934,0.000,-15.694,0.003,167.146,表3-1启摆,0
7.679,13.206,-15.709,359.934,0.000,-20.054,0.003,166.794,表3-1启摆,0
7.699,13.162,-14.923,359.934,0.000,-23.390,0.002,166.838,表3-1启摆,0
7.719,13.008,-14.747,359.934,0.000,-25.907,0.001,166.992,表3-1启摆,0
7.739,12.722,-14.970,359.934,0.000,-27.776,0.001,167.278,表3-1启摆,0
7.759,11.865,-18.241,359.934,0.000,-28.904,0.001,168.135,表3-1启摆,0
7.779,9.778,-24.349,359.934,0.000,-29.238,0.001,170.222,表3-1启摆,0
7.799,5.603,-35.492,359.934,0.000,-28.555,0.000,174.397,表3-1启摆,0
7.819,0.615,-47.757,359.934,0.000,-27.016,0.000,179.385,表3-1启摆,0
7.839,357.144,-48.369,359.934,-4.800,-6.610,0.240,177.144,表3-1启摆,0
7.859,356.265,-46.881,359.934,0.000,8.570,0.180,176.265,表3-1启摆,0
7.879,356.023,-44.297,359.934,0.000,19.739,0.135,176.023,表3-1启摆,0
7.899,356.089,-41.842,359.934,0.000,27.909,0.101,176.089,表3-1启摆,0
7.919,356.243,-39.180,359.934,0.000,33.814,0.076,176.243,表3-1启摆,0
7.939,356.572,-35.511,359.934,0.000,37.936,0.057,176.572,表3-1启摆,0
7.959,357.649,-30.825,359.934,0.000,40.634,0.043,177.649,表3-1启摆,0
7.979,358.945,-25.504,359.934,0.000,42.212,0.032,178.945,表3-1启摆,0
8.000,0.747,-18.409,359.934,5.400,23.601,-0.246,179.253,表3-1启摆,0
8.019,3.472,-9.868,359.934,0.000,8.928,-0.184,176.528,表3-1启摆,0
8.039,7.031,-1.485,359.934,0.000,-2.780,-0.138,172.969,表3-1启摆,0
8.059,9.668,4.439,359.934,0.000,10.343,-0.104,170.332,表3-1启摆,0
8.080,12.283,12.497,359.934,0.000,19.510,-0.078,167.717,表3-1启摆,0
8.100,14.458,14.543,359.934,0.000,26.215,-0.058,165.542,表3-1启摆,0
8.119,15.095,16.035,359.934,4.800,31.118,-0.284,164.905,表3-1启摆,0
8.140,16.150,17.994,359.934,0.000,34.631,-0.213,163.850,表3-1启摆,0
8.159,17.820,22.344,359.934,0.000,36.901,-0.160,162.180,表3-1启摆,0
8.179,21.379,33.467,359.934,0.000,37.672,-0.120,158.621,表3-1启摆,0
8.199,27.092,49.223,359.956,0.000,36.930,-0.090,152.908,表3-1启摆,0
8.219,32.871,53.302,359.934,0.000,36.032,-0.067,147.129,表3-1启摆,0
8.240,35.200,58.017,359.956,0.000,34.964,-0.051,144.800,表3-1启摆,0
8.259,39.441,68.286,359.956,0.000,33.302,-0.038,140.559,表3-1启摆,0
8.279,45.681,81.462,359.956,0.000,30.952,-0.028,134.319,表3-1启摆,0
8.300,49.285,81.799,359.956,0.000,29.161,-0.021,130.715,表3-1启摆,0
8.319,51.152,82.839,359.956,0.000,27.731,-0.016,128.848,表3-1启摆,0
8.339,54.624,90.457,359.956,0.000,26.020,-0.012,125.376,表3-1启摆,0
8.360,60.007,98.984,359.956,4.800,24.023,-0.249,119.993,表3-1启摆,0
8.380,63.831,100.635,359.956,4.800,22.386,-0.427,116.169,表3-1启摆,0
8.400,65.369,98.303,359.956,0.000,21.354,-0.320,114.631,表3-1启摆,0
8.420,66.621,97.168,359.956,0.000,20.675,-0.240,113.379,表3-1启摆,0
8.440,68.708,99.660,359.956,-4.800,19.957,0.060,111.292,表3-1启摆,0
8.459,72.817,107.427,359.956,0.000,18.768,0.045,107.183,表3-1启摆,0
8.480,76.487,109.405,359.956,0.000,17.711,0.034,103.513,表3-1启摆,0
8.500,78.970,109.815,359.956,0.000,16.883,0.025,101.030,表3-1启摆,0
8.519,80.618,107.384,359.956,0.000,16.466,0.019,99.382,表3-1启摆,0
8.540,81.475,103.695,359.956,0.000,16.463,0.014,98.525,表3-1启摆,0
8.560,82.332,100.730,359.956,0.000,16.708,0.011,97.668,表3-1启摆,0
8.579,83.650,99.954,359.956,4.800,16.957,-0.232,96.350,表3-1启摆,0
8.599,86.265,104.076,359.956,0.000,16.799,-0.174,93.735,表3-1启摆,0
8.619,90.044,106.012,359.956,-5.400,-9.082,0.140,89.956,表3-1启摆,0
8.639,91.802,101.372,359.956,-4.800,-28.104,0.345,88.198,表3-1启摆,0
8.659,91.758,96.063,359.956,0.000,-41.926,0.258,88.242,表3-1启摆,0
8.679,91.560,90.390,359.956,0.000,-51.817,0.194,88.440,表3-1启摆,0
8.699,90.593,81.250,359.956,-5.400,-58.469,0.415,89.407,表3-1启摆,0
8.719,87.869,68.878,359.956,0.000,-36.822,0.312,92.131,表3-1启摆,0
8.739,83.013,49.294,359.956,0.000,-18.946,0.234,96.987,表3-1启摆,0
8.759,77.476,38.309,359.956,0.000,-4.619,0.175,102.524,表3-1启摆,0
8.779,75.476,32.614,359.956,-5.400,6.603,0.401,104.524,表3-1启摆,0
8.799,74.553,30.653,359.956,0.000,15.185,0.301,105.447,表3-1启摆,0
8.819,74.575,29.121,359.956,0.000,21.749,0.226,105.425,表3-1启摆,0
8.840,74.685,28.204,359.956,0.000,26.749,0.169,105.315,表3-1启摆,0
8.860,74.839,27.064,359.956,0.000,30.594,0.127,105.161,表3-1启摆,0
8.879,75.344,28.381,359.956,0.000,33.368,0.095,104.656,表3-1启摆,0
8.900,76.970,32.482,359.956,0.000,35.105,0.071,103.030,表3-1启摆,0
8.919,79.607,37.848,359.956,0.000,35.958,0.054,100.393,表3-1启摆,0
8.940,81.936,40.695,359.956,0.000,36.359,0.040,98.064,表3-1启摆,0
8.960,84.419,47.331,359.956,0.000,36.104,0.030,95.581,表3-1启摆,0
8.980,89.780,59.814,359.956,0.000,34.867,0.023,90.220,表3-1启摆,0
9.000,94.482,67.473,359.956,-4.800,7.698,0.257,85.518,表3-1启摆,0
9.019,97.976,68.480,359.956,0.000,-12.764,0.193,82.024,表3-1启摆,0
9.039,98.459,64.546,359.956,0.000,-27.780,0.145,81.541,表3-1启摆,0
9.059,98.350,61.049,359.956,-4.800,-38.749,0.348,81.650,表3-1启摆,0
9.079,98.086,56.856,359.956,0.000,-46.625,0.261,81.914,表3-1启摆,0
9.100,97.163,50.983,359.956,0.000,-52.040,0.196,82.837,表3-1启摆,0
9.119,95.120,42.104,359.956,0.000,-55.357,0.147,84.880,表3-1启摆,0
9.141,91.582,27.009,359.956,0.000,-56.581,0.110,88.418,表3-1启摆,0
9.159,86.221,12.458,359.956,0.000,-30.679,0.083,93.779,表3-1启摆,0
9.179,79.255,-5.534,359.956,0.000,-32.146,0.062,100.745,表3-1启摆,0
9.200,75.037,-14.078,359.956,0.000,-32.530,0.047,104.963,表3-1启摆,0
9.220,71.697,-20.214,359.956,0.000,-32.304,0.035,108.303,表3-1启摆,0
9.240,68.269,-31.113,359.956,0.000,-31.222,0.026,111.731,表3-1启摆,0
9.260,62.534,-41.467,359.956,0.000,-29.542,0.020,117.466,表3-1启摆,0
9.280,59.854,-44.554,359.956,0.000,-28.024,0.015,120.146,表3-1启摆,0
9.299,57.349,-49.376,359.956,5.400,-26.482,-0.259,122.651,表3-1启摆,0
9.319,54.426,-54.798,359.956,4.800,-24.870,-0.434,125.574,表3-1启摆,0
9.339,50.120,-65.738,359.956,0.000,-22.746,-0.326,129.880,表3-1启摆,0
9.360,45.747,-68.091,359.956,0.000,-20.955,-0.244,134.253,表3-1启摆,0
9.380,44.648,-67.116,359.956,0.000,-19.693,-0.183,135.352,表3-1启摆,0
9.400,43.286,-67.870,359.956,0.000,-18.684,-0.137,136.714,表3-1启摆,0
9.420,41.177,-70.117,359.934,-5.400,-17.739,0.167,138.823,表3-1启摆,0
9.440,38.650,-73.061,359.956,0.000,-16.783,0.125,141.350,表3-1启摆,0
9.460,35.354,-79.128,359.956,0.000,-15.559,0.094,144.646,表3-1启摆,0
9.480,31.333,-84.262,359.956,4.800,-14.210,-0.170,148.667,表3-1启摆,0
9.500,30.059,-80.409,359.956,0.000,-13.521,-0.127,149.941,表3-1启摆,0
9.520,29.663,-77.558,359.956,0.000,-13.243,-0.095,150.337,表3-1启摆,0
9.540,29.092,-75.390,359.934,0.000,-13.217,-0.072,150.908,表3-1启摆,0
9.561,28.323,-73.691,359.934,0.000,-13.339,-0.054,151.677,表3-1启摆,0
9.581,27.356,-72.466,359.934,0.000,-13.533,-0.040,152.644,表3-1启摆,0
9.601,25.840,-73.223,359.934,0.000,-13.616,-0.030,154.160,表3-1启摆,0
9.621,23.489,-76.372,359.934,0.000,-13.414,-0.023,156.511,表3-1启摆,0
9.640,20.544,-79.933,359.934,0.000,-12.964,-0.017,159.456,表3-1启摆,0
9.660,17.622,-83.316,359.934,0.000,-12.343,-0.013,162.378,表3-1启摆,0
9.680,14.788,-82.751,359.934,0.000,-11.925,-0.010,165.212,表3-1启摆,0
9.700,14.304,-79.453,359.934,0.000,-11.887,-0.007,165.696,表3-1启摆,0
9.720,13.953,-76.590,359.956,4.800,-12.099,-0.245,166.047,表3-1启摆,0
9.740,13.491,-73.691,359.934,0.000,-12.501,-0.184,166.509,表3-1启摆,0
9.760,12.876,-71.476,359.934,0.000,-12.988,-0.138,167.124,表3-1启摆,0
9.780,12.173,-69.763,359.934,0.000,-13.496,-0.104,167.827,表3-1启摆,0
9.800,11.250,-68.944,359.934,0.000,-13.946,-0.078,168.750,表3-1启摆,0
9.820,9.734,-70.147,359.934,0.000,-14.183,-0.058,170.266,表3-1启摆,0
9.840,7.009,-74.920,359.934,0.000,-13.961,-0.044,172.991,表3-1启摆,0
9.860,3.999,-77.864,359.934,0.000,-13.548,-0.033,176.001,表3-1启摆,0
9.880,1.011,-82.071,359.934,0.000,-12.885,-0.025,178.989,表3-1启摆,0
9.900,358.704,-80.337,359.934,0.000,6.666,-0.018,178.704,表3-1启摆,0
9.920,358.440,-76.080,359.934,0.000,20.974,-0.014,178.440,表3-1启摆,0
9.940,358.484,-72.276,359.934,0.000,31.385,-0.010,178.484,表3-1启摆,0
9.960,358.594,-68.392,359.934,0.000,38.869,-0.008,178.594,表3-1启摆,0
9.980,358.835,-64.103,359.934,0.000,44.122,-0.006,178.835,表3-1启摆,0
10.000,359.714,-57.958,359.934,0.000,47.547,-0.004,179.714,表3-1启摆,0
10.020,1.516,-48.970,359.934,0.000,30.163,-0.003,178.484,表3-1启摆,0
10.040,5.339,-34.611,359.934,0.000,15.921,-0.002,174.661,表3-1启摆,0
10.059,9.866,-21.751,359.934,0.000,4.163,-0.002,170.134,表3-1启摆,0
10.080,14.282,-13.133,359.934,0.000,-5.377,-0.001,165.718,表3-1启摆,0
10.099,14.897,-12.477,359.934,0.000,-12.588,-0.001,165.103,表3-1启摆,0
10.119,14.854,-12.123,359.934,0.000,-18.025,-0.001,165.146,表3-1启摆,0
10.140,14.810,-11.517,359.934,0.000,-22.154,-0.001,165.190,表3-1启摆,0
10.159,14.700,-11.211,359.934,0.000,-25.276,-0.000,165.300,表3-1启摆,0
10.179,14.546,-11.460,359.934,0.000,-27.597,-0.000,165.454,表3-1启摆,0
10.199,14.128,-11.817,359.934,0.000,-29.308,-0.000,165.872,表3-1启摆,0
10.220,13.381,-13.236,359.934,0.000,-30.472,-0.000,166.619,表3-1启摆,0
10.240,12.371,-15.875,359.934,0.000,-31.124,-0.000,167.629,表3-1启摆,0
10.259,10.349,-21.831,359.934,0.000,-31.114,-0.000,169.651,表3-1启摆,0
10.280,6.130,-33.459,359.934,0.000,-30.133,-0.000,173.870,表3-1启摆,0
10.299,0.857,-46.636,359.934,0.000,-28.292,-0.000,179.143,表3-1启摆,0
10.319,356.990,-48.654,359.934,0.000,-7.543,-0.000,176.990,表3-1启摆,0
10.339,355.979,-47.962,359.934,0.000,7.961,-0.000,175.979,表3-1启摆,0
10.360,355.671,-45.564,359.934,0.000,19.388,-0.000,175.671,表3-1启摆,0
10.380,355.715,-43.285,359.934,0.000,27.767,-0.000,175.715,表3-1启摆,0
10.400,355.847,-40.251,359.934,0.000,33.797,-0.000,175.847,表3-1启摆,0
10.420,356.111,-37.579,359.934,0.000,38.096,-0.000,176.111,表3-1启摆,0
10.440,356.902,-32.940,359.934,0.000,40.932,-0.000,176.902,表3-1启摆,0
10.460,357.979,-28.083,359.934,0.000,42.651,-0.000,177.979,表3-1启摆,0
10.480,359.648,-22.359,359.934,0.000,43.462,-0.000,179.648,表3-1启摆,0
10.500,1.582,-14.791,359.934,0.000,24.235,-0.000,178.418,表3-1启摆,0
10.519,5.142,-3.671,359.934,0.000,8.884,-0.000,174.858,表3-1启摆,0
10.540,8.921,5.632,359.934,0.000,18.991,-0.000,171.079,表3-1启摆,0
10.559,12.942,16.451,359.934,0.000,25.665,-0.000,167.058,表3-1启摆,0
10.579,15.864,19.228,359.934,5.400,30.438,-0.270,164.136,表3-1启摆,0
10.599,17.139,22.407,359.934,0.000,33.751,-0.203,162.861,表3-1启摆,0
10.620,19.446,29.807,359.934,0.000,35.616,-0.152,160.554,表3-1启摆,0
10.639,24.258,41.516,359.934,0.000,36.034,-0.114,155.742,表3-1启摆,0
10.659,30.740,56.210,359.934,-4.800,35.117,0.155,149.260,表3-1启摆,0
10.679,33.750,57.780,359.934,0.000,34.297,0.116,146.250,表3-1启摆,0
10.699,36.606,64.371,359.956,0.000,33.130,0.087,143.394,表3-1启摆,0
10.719,41.704,76.392,359.956,0.000,31.248,0.065,138.296,表3-1启摆,0
10.739,47.549,83.793,359.956,0.000,29.216,0.049,132.451,表3-1启摆,0
10.759,49.702,83.653,359.956,0.000,27.704,0.037,130.298,表3-1启摆,0
10.779,51.680,85.980,359.956,-5.400,26.375,0.298,128.320,表3-1启摆,0
10.800,55.042,92.031,359.956,-4.800,24.871,0.463,124.958,表3-1启摆,0
10.819,59.502,97.270,359.956,-4.800,23.304,0.587,120.498,表3-1启摆,0
10.839,62.578,98.046,359.956,0.000,22.064,0.441,117.422,表3-1启摆,0
10.859,64.116,96.384,359.956,0.000,21.274,0.330,115.884,表3-1启摆,0
10.879,65.215,94.175,359.956,0.000,20.866,0.248,114.785,表3-1启摆,0
10.899,66.335,92.676,359.956,0.000,20.685,0.186,113.665,表3-1启摆,0
10.920,68.005,94.072,359.956,0.000,20.433,0.139,111.995,表3-1启摆,0
10.939,71.521,100.529,359.956,0.000,19.703,0.105,108.479,表3-1启摆,0
10.959,75.674,102.672,359.956,0.000,18.976,0.078,104.326,表3-1启摆,0
10.979,78.267,103.779,359.956,0.000,18.338,0.059,101.733,表3-1启摆,0
11.000,80.420,103.540,359.956,0.000,17.879,0.044,99.580,表3-1启摆,0
11.019,81.606,100.493,359.956,0.000,17.790,0.033,98.394,表3-1启摆,0
11.039,82.837,99.818,359.956,0.000,17.781,0.025,97.163,表3-1启摆,0
11.060,85.364,103.227,359.956,0.000,17.487,0.019,94.636,表3-1启摆,0
11.080,89.626,106.916,359.956,0.000,16.959,0.014,90.374,表3-1启摆,0
11.100,92.329,106.790,359.956,0.000,-9.027,0.010,87.671,表3-1启摆,0
11.120,94.504,106.131,359.956,0.000,-28.462,0.008,85.496,表3-1启摆,0
11.140,95.317,100.284,359.956,0.000,-42.548,0.006,84.683,表3-1启摆,0
11.160,95.186,94.970,359.956,0.000,-52.667,0.004,84.814,表3-1启摆,0
11.180,94.746,87.851,359.956,0.000,-59.660,0.003,85.254,表3-1启摆,0
11.200,92.637,74.939,359.956,0.000,-63.823,0.002,87.363,表3-1启摆,0
11.220,88.374,59.822,359.956,0.000,-40.079,0.002,91.626,表3-1启摆,0
11.240,83.430,41.621,359.956,0.000,-20.746,0.001,96.570,表3-1启摆,0
11.260,78.311,32.340,359.956,0.000,-5.469,0.001,101.689,表3-1启摆,0
11.279,76.838,28.953,359.956,4.800,6.273,-0.239,103.162,表3-1启摆,0
11.300,76.289,26.905,359.956,0.000,15.251,-0.179,103.711,表3-1启摆,0
11.320,76.069,25.560,359.956,0.000,22.097,-0.135,103.931,表3-1启摆,0
11.339,76.069,24.282,359.956,0.000,27.338,-0.101,103.931,表3-1启摆,0
11.359,76.069,23.068,359.956,0.000,31.371,-0.076,103.931,表3-1启摆,0
11.379,76.157,21.974,359.956,-4.800,34.487,0.183,103.843,表3-1启摆,0
11.399,76.355,21.716,359.956,-5.400,36.846,0.407,103.645,表3-1启摆,0
11.419,77.080,24.350,359.956,0.000,38.395,0.306,102.920,表3-1启摆,0
11.439,78.816,27.572,359.956,-4.800,39.286,0.469,101.184,表3-1启摆,0
11.459,80.750,31.384,359.956,0.000,39.635,0.352,99.250,表3-1启摆,0
11.479,82.551,34.795,359.956,0.000,39.612,0.264,97.449,表3-1启摆,0
11.499,85.474,43.165,359.956,0.000,38.893,0.198,94.526,表3-1启摆,0
11.519,90.747,52.017,359.956,0.000,12.012,0.148,89.253,表3-1启摆,0
11.539,94.724,57.876,359.956,0.000,-8.640,0.111,85.276,表3-1启摆,0
11.560,96.921,56.512,359.956,0.000,-24.014,0.084,83.079,表3-1启摆,0
11.580,96.965,53.416,359.956,4.800,-35.286,-0.177,83.035,表3-1启摆,0
11.599,96.899,50.236,359.956,0.000,-43.473,-0.133,83.101,表3-1启摆,0
11.619,96.790,47.454,359.956,0.000,-49.380,-0.100,83.210,表3-1启摆,0
11.639,96.460,43.611,359.956,0.000,-53.489,-0.075,83.540,表3-1启摆,0
11.659,95.295,37.921,359.956,0.000,-56.093,-0.056,84.705,表3-1启摆,0
11.679,93.142,28.884,359.956,0.000,-57.290,-0.042,86.858,表3-1启摆,0
11.699,88.813,15.140,359.956,0.000,-31.436,-0.032,91.187,表3-1启摆,0
11.719,83.738,0.133,359.956,0.000,-10.788,-0.024,96.262,表3-1启摆,0
11.739,78.245,-7.343,359.956,0.000,-17.076,-0.018,101.755,表3-1启摆,0
11.759,76.992,-9.316,359.956,0.000,-21.626,-0.013,103.008,表3-1启摆,0
11.779,75.586,-13.920,359.956,0.000,-24.654,-0.010,104.414,表3-1启摆,0
11.799,72.927,-19.734,359.956,0.000,-26.437,-0.007,107.073,表3-1启摆,0
11.820,70.598,-24.898,359.956,0.000,-27.342,-0.006,109.402,表3-1启摆,0
11.840,66.577,-38.263,359.956,0.000,-26.901,-0.004,113.423,表3-1启摆,0
11.859,61.787,-43.130,359.956,0.000,-26.162,-0.003,118.213,表3-1启摆,0
11.879,59.897,-45.263,359.956,0.000,-25.430,-0.002,120.103,表3-1启摆,0
11.899,57.568,-49.300,359.956,0.000,-24.542,-0.002,122.432,表3-1启摆,0
11.919,54.778,-53.465,359.956,0.000,-23.528,-0.001,125.222,表3-1启摆,0
11.939,50.823,-63.362,359.956,4.800,-21.938,-0.241,129.177,表3-1启摆,0
11.959,46.208,-66.794,359.956,0.000,-20.457,-0.181,133.792,表3-1启摆,0
11.979,45.000,-64.954,359.956,0.000,-19.502,-0.136,135.000,表3-1启摆,0
11.999,44.055,-64.556,359.956,0.000,-18.818,-0.102,135.945,表3-1启摆,0
12.020,42.012,-67.718,359.956,0.000,-18.040,-0.076,137.988,表3-1启摆,0
12.039,39.485,-70.483,359.956,0.000,-17.225,-0.057,140.515,表3-1启摆,0
12.059,36.541,-75.268,359.956,0.000,-16.213,-0.043,143.459,表3-1启摆,0
12.079,32.651,-81.585,359.934,0.000,-14.925,-0.032,147.349,表3-1启摆,0
12.099,30.278,-79.306,359.956,0.000,-14.150,-0.024,149.722,表3-1启摆,0
12.120,29.817,-76.750,359.956,0.000,-13.783,-0.018,150.183,表3-1启摆,0
12.139,29.399,-73.783,359.956,0.000,-13.756,-0.014,150.601,表3-1启摆,0
12.159,28.894,-71.594,359.956,0.000,-13.919,-0.010,151.106,表3-1启摆,0
12.179,28.147,-70.834,359.956,0.000,-14.105,-0.008,151.853,表3-1启摆,0
12.199,26.982,-70.652,359.934,0.000,-14.260,-0.006,153.018,表3-1启摆,0
12.219,25.378,-72.670,359.934,0.000,-14.207,-0.004,154.622,表3-1启摆,0
12.239,22.874,-76.326,359.956,0.000,-13.861,-0.003,157.126,表3-1启摆,0
12.259,19.775,-79.920,359.934,0.000,-13.300,-0.002,160.225,表3-1启摆,0
12.279,16.501,-84.534,359.934,0.000,-12.493,-0.002,163.499,表3-1启摆,0
12.299,14.480,-82.617,359.934,0.000,-12.049,-0.001,165.520,表3-1启摆,0
12.319,13.953,-79.356,359.934,0.000,-11.988,-0.001,166.047,表3-1启摆,0
12.339,13.491,-76.589,359.934,-4.800,-12.175,0.239,166.509,表3-1启摆,0
12.359,12.942,-74.259,359.934,0.000,-12.510,0.179,167.058,表3-1启摆,0
12.379,12.217,-72.376,359.934,0.000,-12.919,0.135,167.783,表3-1启摆,0
12.399,11.008,-72.207,359.934,-5.400,-13.240,0.371,168.992,表3-1启摆,0
12.419,9.207,-74.027,359.934,0.000,-13.328,0.278,170.793,表3-1启摆,0
12.440,6.504,-76.746,359.934,0.000,-13.167,0.209,173.496,表3-1启摆,0
12.460,4.087,-78.788,359.934,0.000,-12.875,0.156,175.913,表3-1启摆,0
12.480,1.714,-81.539,359.934,0.000,-12.425,0.117,178.286,表3-1启摆,0
12.500,359.363,-81.362,359.934,-4.800,7.097,0.328,179.363,表3-1启摆,0
12.520,358.242,-79.034,359.934,0.000,21.544,0.246,178.242,表3-1启摆,0
12.539,357.737,-75.862,359.934,0.000,32.114,0.185,177.737,表3-1启摆,0
12.559,357.715,-72.069,359.934,-6.000,39.723,0.438,177.715,表3-1启摆,0
12.579,357.737,-68.466,359.934,0.000,45.128,0.329,177.737,表3-1启摆,0
12.599,357.825,-64.262,359.934,0.000,48.830,0.247,177.825,表3-1启摆,0
12.619,358.044,-60.449,359.934,0.000,51.286,0.185,178.044,表3-1启摆,0
12.640,359.187,-53.467,359.934,0.000,52.544,0.139,179.187,表3-1启摆,0
12.659,1.296,-44.073,359.934,0.000,33.500,0.104,178.704,表3-1启摆,0
12.679,5.471,-29.240,359.934,0.000,17.975,0.078,174.529,表3-1启摆,0
12.700,11.162,-11.728,359.934,0.000,4.864,0.059,168.838,表3-1启摆,0
12.719,15.908,-8.411,359.934,0.000,-5.248,0.044,164.092,表3-1启摆,0
12.740,15.996,-7.991,359.956,0.000,-12.866,0.033,164.004,表3-1启摆,0
12.759,15.974,-7.591,359.934,0.000,-18.614,0.025,164.026,表3-1启摆,0
12.779,15.952,-7.212,359.934,0.000,-22.956,0.019,164.048,表3-1启摆,0
12.799,15.952,-6.851,359.934,0.000,-26.243,0.014,164.048,表3-1启摆,0
12.819,15.930,-6.509,359.934,-4.800,-28.737,0.250,164.070,表3-1启摆,0
12.840,15.908,-6.723,359.934,0.000,-30.590,0.188,164.092,表3-1启摆,0
12.860,15.864,-6.657,359.934,0.000,-31.984,0.141,164.136,表3-1启摆,0
12.880,15.732,-7.134,359.934,0.000,-32.991,0.106,164.268,表3-1启摆,0
12.899,15.403,-8.487,359.934,0.000,-33.632,0.079,164.597,表3-1启摆,0
12.919,14.546,-10.103,359.934,0.000,-33.978,0.059,165.454,表3-1启摆,0
12.940,13.689,-12.058,359.934,-4.800,-34.073,0.285,166.311,表3-1启摆,0
12.960,12.502,-14.905,359.934,0.000,-33.906,0.213,167.498,表3-1启摆,0
12.980,10.745,-19.980,359.934,0.000,-33.356,0.160,169.255,表3-1启摆,0
13.000,6.899,-32.271,359.934,0.000,-31.913,0.120,173.101,表3-1启摆,0
13.019,1.428,-45.387,359.934,0.000,-29.733,0.090,178.572,表3-1启摆,0
13.039,356.814,-49.868,359.934,0.000,-8.522,0.068,176.814,表3-1启摆,0
13.059,353.892,-55.684,359.934,0.000,7.874,0.051,173.892,表3-1启摆,0
13.079,349.717,-63.010,359.934,-5.400,20.784,0.308,169.717,表3-1启摆,0
13.099,346.860,-65.860,359.934,-4.800,30.705,0.471,166.860,表3-1启摆,0
13.119,345.344,-64.397,359.934,0.000,38.024,0.353,165.344,表3-1启摆,0
13.139,345.059,-61.177,359.934,0.000,43.243,0.265,165.059,表3-1启摆,0
13.159,345.146,-58.118,359.934,10.800,46.901,-0.341,165.146,表3-1启摆,0
13.180,345.454,-54.072,359.934,0.000,49.306,-0.256,165.454,表3-1启摆,0
13.199,346.882,-45.789,359.934,0.000,50.415,-0.192,166.882,表3-1启摆,0
13.219,350.068,-33.749,359.934,0.000,50.239,-0.144,170.068,表3-1启摆,0
13.239,355.188,-14.992,359.934,0.000,48.535,-0.108,175.188,表3-1启摆,0
13.259,1.318,-3.472,359.934,10.200,27.092,-0.591,178.682,表3-1启摆,0
13.279,5.801,10.082,359.934,0.000,32.275,-0.443,174.199,表3-1启摆,0
13.299,11.689,26.917,359.934,0.000,34.751,-0.332,168.311,表3-1启摆,0
13.320,17.402,32.802,359.934,0.000,36.115,-0.249,162.598,表3-1启摆,0
13.340,20.654,42.442,359.956,0.000,36.331,-0.187,159.346,表3-1启摆,0
13.360,25.818,55.109,359.956,0.000,35.431,-0.140,154.182,表3-1启摆,0
13.380,31.707,63.244,359.956,0.000,34.075,-0.105,148.293,表3-1启摆,0
13.400,34.365,66.352,359.956,0.000,32.798,-0.079,145.635,表3-1启摆,0
13.420,38.145,75.124,359.956,0.000,31.105,-0.059,141.855,表3-1启摆,0
13.440,43.770,86.758,359.956,0.000,28.860,-0.044,136.230,表3-1启摆,0
13.460,48.516,89.500,359.956,0.000,26.947,-0.033,131.484,表3-1启摆,0
13.480,50.559,90.545,359.956,0.000,25.425,-0.025,129.441,表3-1启摆,0
13.500,53.240,94.838,359.956,0.000,23.924,-0.019,126.760,表3-1启摆,0
13.520,57.898,102.666,359.956,0.000,22.142,-0.014,122.102,表3-1启摆,0
13.539,62.183,106.353,359.956,0.000,20.497,-0.011,117.817,表3-1启摆,0
13.559,64.600,105.475,359.956,0.000,19.336,-0.008,115.400,表3-1启摆,0
13.580,65.896,103.621,359.956,0.000,18.621,-0.006,114.104,表3-1启摆,0
13.599,67.302,102.610,359.956,0.000,18.170,-0.004,112.698,表3-1启摆,0
13.620,69.851,106.210,359.956,0.000,17.529,-0.003,110.149,表3-1启摆,0
13.640,73.872,110.499,359.956,0.000,16.690,-0.002,106.128,表3-1启摆,0
13.659,76.619,110.524,359.956,0.000,16.058,-0.002,103.381,表3-1启摆,0
13.679,78.640,109.528,359.956,0.000,15.668,-0.001,101.360,表3-1启摆,0
13.699,80.156,107.832,359.956,0.000,15.517,-0.001,99.844,表3-1启摆,0
13.720,81.145,104.300,359.956,0.000,15.700,-0.001,98.855,表3-1启摆,0
13.739,81.870,101.095,359.956,0.000,16.106,-0.001,98.130,表3-1启摆,0
13.760,82.749,98.680,359.956,0.000,16.612,-0.000,97.251,表3-1启摆,0
13.780,84.419,99.836,359.956,0.000,16.895,-0.000,95.581,表3-1启摆,0
13.800,88.022,105.284,359.956,0.000,16.651,-0.000,91.978,表3-1启摆,0
13.819,91.406,105.960,359.956,0.000,-9.188,-0.000,88.594,表3-1启摆,0
13.839,93.428,103.782,359.956,0.000,-28.386,-0.000,86.572,表3-1启摆,0
13.859,94.131,98.623,359.956,-5.400,-42.352,0.270,85.869,表3-1启摆,0
13.879,94.065,93.422,359.956,0.000,-52.390,0.202,85.935,表3-1启摆,0
13.899,93.867,87.311,359.956,0.000,-59.407,0.152,86.133,表3-1启摆,0
13.919,92.395,76.735,359.956,0.000,-63.784,0.114,87.605,表3-1启摆,0
13.939,88.440,62.639,359.956,0.000,-40.286,0.085,91.560,表3-1启摆,0
13.959,83.254,43.907,359.956,0.000,-21.092,0.064,96.746,表3-1启摆,0
13.980,76.641,30.041,359.956,0.000,-5.536,0.048,103.359,表3-1启摆,0
13.999,72.949,22.629,359.956,0.000,6.752,0.036,107.051,表3-1启摆,0
14.019,71.345,18.858,359.956,0.000,16.284,0.027,108.655,表3-1启摆,0
14.039,70.708,17.345,359.956,0.000,23.560,0.020,109.292,表3-1启摆,0
14.059,70.642,16.478,359.956,0.000,29.090,0.015,109.358,表3-1启摆,0
14.079,70.708,16.464,359.956,0.000,33.238,0.011,109.292,表3-1启摆,0
14.099,70.862,15.971,359.956,0.000,36.391,0.009,109.138,表3-1启摆,0
14.119,71.521,18.382,359.956,0.000,38.553,0.006,108.479,表3-1启摆,0
14.139,73.542,23.403,359.956,0.000,39.754,0.005,106.458,表3-1启摆,0
14.159,76.311,30.903,359.956,0.000,40.027,0.004,103.689,表3-1启摆,0
14.179,79.783,38.238,359.956,0.000,39.617,0.003,100.217,表3-1启摆,0
14.199,82.573,41.666,359.956,0.000,39.022,0.002,97.427,表3-1启摆,0
14.219,85.825,51.462,359.956,0.000,37.755,0.002,94.175,表3-1启摆,0
14.239,91.296,60.859,359.956,0.000,10.418,0.001,88.704,表3-1启摆,0
14.259,95.603,67.356,359.956,0.000,-10.629,0.001,84.397,表3-1启摆,0
14.279,97.361,65.429,359.956,0.000,-26.253,0.001,82.639,表3-1启摆,0
14.299,97.383,62.157,359.956,0.000,-37.697,0.000,82.617,表3-1启摆,0
14.319,97.295,59.049,359.956,0.000,-46.020,0.000,82.705,表3-1启摆,0
14.339,97.075,55.227,359.956,0.000,-51.942,0.000,82.925,表3-1启摆,0
14.359,96.240,48.985,359.956,0.000,-55.860,0.000,83.760,表3-1启摆,0
14.380,94.241,39.786,359.956,0.000,-58.028,0.000,85.759,表3-1启摆,0
14.399,89.736,23.997,359.956,0.000,-32.731,0.000,90.264,表3-1启摆,0
14.419,84.375,9.417,359.956,0.000,-12.538,0.000,95.625,表3-1启摆,0
14.439,78.420,-0.534,359.956,0.000,-18.958,0.000,101.580,表3-1启摆,0
14.459,75.938,-6.057,359.956,4.800,-23.311,-0.240,104.062,表3-1启摆,0
14.479,73.455,-12.444,359.956,0.000,-26.041,-0.180,106.545,表3-1启摆,0
14.499,71.147,-17.402,359.956,0.000,-27.673,-0.135,108.853,表3-1启摆,0
14.519,68.005,-27.092,359.956,0.000,-28.085,-0.101,111.995,表3-1启摆,0
14.539,63.083,-35.607,359.956,0.000,-27.681,-0.076,116.917,表3-1启摆,0
14.559,60.688,-38.507,359.956,0.000,-27.135,-0.057,119.312,表3-1启摆,0
14.579,58.557,-42.432,359.956,0.000,-26.396,-0.043,121.443,表3-1启摆,0
14.600,55.986,-47.000,359.956,-4.800,-25.460,0.208,124.014,表3-1启摆,0
14.620,52.976,-53.350,359.956,0.000,-24.225,0.156,127.024,表3-1启摆,0
14.639,48.318,-63.373,359.956,0.000,-22.460,0.117,131.682,表3-1启摆,0
14.659,45.505,-63.054,359.956,0.000,-21.163,0.088,134.495,表3-1启摆,0
14.680,44.297,-62.931,359.956,0.000,-20.200,0.066,135.703,表3-1启摆,0
14.699,42.605,-64.195,359.956,0.000,-19.372,0.049,137.395,表3-1启摆,0
14.719,40.408,-66.655,359.956,0.000,-18.545,0.037,139.592,表3-1启摆,0
14.740,37.925,-70.042,359.956,0.000,-17.641,0.028,142.075,表3-1启摆,0
14.760,34.497,-76.350,359.956,0.000,-16.434,0.021,145.503,表3-1启摆,0
14.780,30.872,-78.983,359.934,0.000,-15.309,0.016,149.128,表3-1启摆,0
14.800,29.421,-77.673,359.934,0.000,-14.575,0.012,150.579,表3-1启摆,0
14.820,28.542,-75.860,359.934,0.000,-14.176,0.009,151.458,表3-1启摆,0
14.840,27.620,-74.707,359.934,0.000,-13.973,0.007,152.380,表3-1启摆,0
14.860,26.301,-75.261,359.934,0.000,-13.775,0.005,153.699,表3-1启摆,0
14.879,23.950,-78.608,359.934,0.000,-13.346,0.004,156.050,表3-1启摆,0
14.899,20.874,-82.268,359.934,0.000,-12.717,0.003,159.126,表3-1启摆,0
14.919,18.237,-84.995,359.934,0.000,-12.017,0.002,161.763,表3-1启摆,0
14.939,15.557,-85.575,359.934,0.000,-11.444,0.002,164.443,表3-1启摆,0
14.959,14.788,-82.136,359.934,0.000,-11.302,0.001,165.212,表3-1启摆,0
14.980,14.370,-78.929,359.934,0.000,-11.464,0.001,165.630,表3-1启摆,0
15.000,13.821,-76.723,359.934,0.000,-11.771,0.001,166.179,表3-1启摆,0
15.020,13.184,-74.867,359.934,0.000,-12.156,0.000,166.816,表3-1启摆,0
15.039,12.458,-73.193,359.934,0.000,-12.585,0.000,167.542,表3-1启摆,0
15.059,11.162,-73.824,359.934,0.000,-12.854,0.000,168.838,表3-1启摆,0
15.080,8.855,-77.513,359.934,0.000,-12.747,0.000,171.145,表3-1启摆,0
15.100,5.603,-81.827,359.934,0.000,-12.305,0.000,174.397,表3-1启摆,0
15.121,3.032,-83.946,359.934,0.000,-11.796,0.000,176.968,表3-1启摆,0
15.140,0.088,-87.068,359.934,0.000,-11.153,0.000,179.912,表3-1启摆,0
15.161,358.572,-84.455,359.934,0.000,8.311,0.000,178.572,表3-1启摆,0
15.180,357.979,-81.372,359.934,0.000,22.650,0.000,177.979,表3-1启摆,0
15.200,357.715,-77.303,359.934,0.000,33.064,0.000,177.715,表3-1启摆,0
15.220,357.737,-73.438,359.934,0.000,40.550,0.000,177.737,表3-1启摆,0
15.240,357.935,-68.926,359.934,0.000,45.787,0.000,177.935,表3-1启摆,0
15.261,358.462,-62.840,359.934,0.000,49.205,0.000,178.462,表3-1启摆,0
15.281,359.824,-55.768,359.934,0.000,51.176,0.000,179.824,表3-1启摆,0
15.301,2.065,-45.390,359.934,0.000,32.584,0.000,177.935,表3-1启摆,0
15.320,6.812,-29.170,359.934,0.000,17.282,0.000,173.188,表3-1启摆,0
15.341,13.381,-9.982,359.934,0.000,4.198,0.000,166.619,表3-1启摆,0
15.360,16.501,-8.553,359.934,0.000,-5.735,0.000,163.499,表3-1启摆,0
15.380,16.897,-7.525,359.934,0.000,-13.271,0.000,163.103,表3-1启摆,0
15.400,17.402,-5.409,359.934,0.000,-19.100,0.000,162.598,表3-1启摆,0
15.419,18.523,-2.198,359.934,0.000,-23.741,0.000,161.477,表3-1启摆,0
15.439,19.424,-0.618,359.934,0.000,-27.354,0.000,160.576,表3-1启摆,0
15.459,19.534,-0.587,359.934,0.000,-30.066,0.000,160.466,表3-1启摆,0
15.479,19.490,-0.828,359.934,0.000,-32.080,0.000,160.510,表3-1启摆,0
15.499,19.336,-1.327,359.934,-5.400,-33.549,0.270,160.664,表3-1启摆,0
15.519,18.940,-3.330,359.934,0.000,-34.483,0.203,161.060,表3-1启摆,0
15.540,17.029,-8.534,359.934,0.000,-34.747,0.152,162.971,表3-1启摆,0
15.559,15.249,-10.897,359.934,0.000,-34.747,0.114,164.751,表3-1启摆,0
15.579,14.106,-13.292,359.934,0.000,-34.547,0.085,165.894,表3-1启摆,0
15.599,12.700,-16.258,359.934,0.000,-34.148,0.064,167.300,表3-1启摆,0
15.619,10.635,-23.005,359.934,0.000,-33.284,0.048,169.365,表3-1启摆,0
15.639,6.086,-36.045,359.934,0.000,-31.543,0.036,173.914,表3-1启摆,0
15.660,359.890,-50.982,359.934,0.000,-9.786,0.027,179.890,表3-1启摆,0
15.679,356.331,-51.613,359.934,0.000,6.584,0.020,176.331,表3-1启摆,0
15.700,355.583,-50.203,359.934,0.000,18.744,0.015,175.583,表3-1启摆,0
15.720,355.364,-47.692,359.934,0.000,27.653,0.011,175.364,表3-1启摆,0
15.739,355.386,-45.308,359.934,0.000,34.136,0.009,175.386,表3-1启摆,0
15.759,355.474,-43.042,359.934,0.000,38.808,0.006,175.474,表3-1启摆,0
15.779,355.649,-40.590,359.934,0.000,42.106,0.005,175.649,表3-1启摆,0
15.799,355.979,-36.251,359.934,0.000,44.217,0.004,175.979,表3-1启摆,0
15.819,357.341,-30.928,359.934,0.000,45.354,0.003,177.341,表3-1启摆,0
15.840,358.967,-25.002,359.934,0.000,45.710,0.002,178.967,表3-1启摆,0
15.859,0.835,-18.982,359.934,0.000,26.272,0.002,179.165,表3-1启摆,0
15.880,3.406,-10.473,359.934,0.000,10.982,0.001,176.594,表3-1启摆,0
15.899,6.658,-3.169,359.934,0.000,-1.098,0.001,173.342,表3-1启摆,0
15.919,9.250,2.809,359.934,0.000,11.741,0.001,170.750,表3-1启摆,0
15.939,12.063,10.709,359.934,0.000,20.709,0.000,167.937,表3-1启摆,0
15.959,14.919,14.944,359.934,0.000,27.080,0.000,165.081,表3-1启摆,0
15.979,16.458,18.066,359.934,0.000,31.596,0.000,163.542,表3-1启摆,0
15.999,18.721,24.183,359.934,-4.800,34.471,0.240,161.279,表3-1启摆,0
16.019,23.049,34.464,359.934,0.000,35.766,0.180,156.951,表3-1启摆,0
16.039,28.521,48.251,359.956,4.800,35.582,-0.105,151.479,表3-1启摆,0
16.059,32.871,52.288,359.956,0.000,35.106,-0.079,147.129,表3-1启摆,0
16.079,35.750,59.064,359.956,0.000,34.182,-0.059,144.250,表3-1启摆,0
16.099,40.496,69.041,359.956,0.000,32.652,-0.044,139.504,表3-1启摆,0
16.119,45.967,78.219,359.956,0.000,30.736,-0.033,134.033,表3-1启摆,0
16.139,49.021,79.528,359.956,0.000,29.190,-0.025,130.979,表3-1启摆,0
16.159,51.240,81.731,359.956,0.000,27.845,-0.019,128.760,表3-1启摆,0
16.179,54.778,88.325,359.956,0.000,26.284,-0.014,125.222,表3-1启摆,0
16.199,59.612,95.668,359.956,0.000,24.499,-0.011,120.388,表3-1启摆,0
16.219,63.567,98.595,359.956,0.000,22.914,-0.008,116.433,表3-1启摆,0
16.239,65.742,98.045,359.956,-4.800,21.772,0.234,114.258,表3-1启摆,0
16.259,67.522,98.513,359.956,0.000,20.876,0.176,112.478,表3-1启摆,0
16.279,70.466,103.037,359.956,4.800,19.825,-0.108,109.534,表3-1启摆,0
16.299,74.597,106.615,359.956,0.000,18.737,-0.081,105.403,表3-1启摆,0
16.319,77.805,109.175,359.956,0.000,17.706,-0.061,102.195,表3-1启摆,0
16.339,80.398,108.936,359.956,0.000,16.954,-0.046,99.602,表3-1启摆,0
16.359,81.672,105.829,359.956,-4.800,16.649,0.206,98.328,表3-1启摆,0
16.379,82.529,102.638,359.956,0.000,16.688,0.154,97.471,表3-1启摆,0
16.400,83.716,101.616,359.956,0.000,16.803,0.116,96.284,表3-1启摆,0
16.421,85.913,103.885,359.956,0.000,16.699,0.087,94.087,表3-1启摆,0
16.440,89.165,105.051,359.956,0.000,16.524,0.065,90.835,表3-1启摆,0
16.460,91.187,103.458,359.956,0.000,-9.074,0.049,88.813,表3-1启摆,0
16.480,92.329,100.535,359.956,0.000,-28.028,0.037,87.671,表3-1启摆,0
16.499,92.417,95.509,359.956,0.000,-41.822,0.027,87.583,表3-1启摆,0
16.519,92.351,90.223,359.956,0.000,-51.725,0.021,87.649,表3-1启摆,0
16.539,92.000,83.972,359.956,0.000,-58.629,0.015,88.000,表3-1启摆,0
16.559,90.176,73.353,359.978,0.000,-62.917,0.012,89.824,表3-1启摆,0
16.580,87.034,59.996,359.956,0.000,-39.414,0.009,92.966,表3-1启摆,0
16.599,81.211,37.916,359.956,0.000,-19.937,0.007,98.789,表3-1启摆,0
16.620,75.916,26.930,359.956,0.000,-4.409,0.005,104.084,表3-1启摆,0
16.639,72.971,19.674,359.956,0.000,7.845,0.004,107.029,表3-1启摆,0
16.660,71.873,17.520,359.956,0.000,17.216,0.003,108.127,表3-1启摆,0
16.679,71.829,16.914,359.956,0.000,24.295,0.002,108.171,表3-1启摆,0
16.699,71.895,16.308,359.956,0.000,29.655,0.002,108.105,表3-1启摆,0
16.719,72.004,16.033,359.956,0.000,33.698,0.001,107.996,表3-1启摆,0
16.739,72.180,15.801,359.956,0.000,36.750,0.001,107.820,表3-1启摆,0
16.759,72.751,17.921,359.956,0.000,38.861,0.001,107.249,表3-1启摆,0
16.779,74.136,21.285,359.956,0.000,40.163,0.000,105.864,表3-1启摆,0
16.799,76.311,26.941,359.956,0.000,40.665,0.000,103.689,表3-1启摆,0
16.819,79.409,33.544,359.956,-4.800,40.489,0.240,100.591,表3-1启摆,0
16.839,82.266,37.807,359.956,0.000,39.999,0.180,97.734,表3-1启摆,0
16.859,85.386,47.616,359.956,0.000,38.810,0.135,94.614,表3-1启摆,0
16.879,91.143,58.315,359.956,0.000,11.422,0.101,88.857,表3-1启摆,0
16.899,95.933,65.960,359.956,0.000,-9.759,0.076,84.067,表3-1启摆,0
16.919,98.086,64.402,359.956,0.000,-25.515,0.057,81.914,表3-1启摆,0
16.939,98.438,61.422,359.956,0.000,-37.082,0.043,81.562,表3-1启摆,0
16.959,98.394,58.321,359.956,0.000,-45.497,0.032,81.606,表3-1启摆,0
16.979,98.306,54.865,359.956,0.000,-51.519,0.024,81.694,表3-1启摆,0
17.000,97.844,49.931,359.956,0.000,-55.622,0.018,82.156,表3-1启摆,0
17.019,96.306,42.215,359.956,0.000,-58.053,0.014,83.694,表3-1启摆,0
17.039,93.823,32.364,359.956,0.000,-59.051,0.010,86.177,表3-1启摆,0
17.059,88.945,16.676,359.956,0.000,-32.886,0.008,91.055,表3-1启摆,0
17.079,83.101,-0.178,359.956,0.000,-34.249,0.006,96.899,表3-1启摆,0
17.100,76.948,-11.299,359.956,-5.400,-34.340,0.274,103.052,表3-1启摆,0
17.119,72.510,-22.314,359.956,0.000,-33.486,0.206,107.490,表3-1启摆,0
17.139,67.917,-35.838,359.956,0.000,-31.712,0.154,112.083,表3-1启摆,0
17.159,61.633,-44.727,359.956,0.000,-29.637,0.116,118.367,表3-1启摆,0
17.179,58.052,-51.280,359.956,0.000,-27.532,0.087,121.948,表3-1启摆,0
17.199,54.404,-57.776,359.956,0.000,-25.409,0.065,125.596,表3-1启摆,0
17.219,49.460,-69.527,359.956,0.000,-22.832,0.049,130.540,表3-1启摆,0
17.239,45.439,-71.811,359.956,0.000,-20.708,0.037,134.561,表3-1启摆,0
17.259,43.857,-72.090,359.956,0.000,-19.091,0.027,136.143,表3-1启摆,0
17.279,41.880,-73.496,359.956,0.000,-17.761,0.021,138.120,表3-1启摆,0
17.300,39.639,-75.131,359.956,0.000,-16.627,0.015,140.361,表3-1启摆,0
17.319,37.244,-77.555,359.956,0.000,-15.573,0.012,142.756,表3-1启摆,0
17.340,34.255,-81.177,359.956,0.000,-14.479,0.009,145.745,表3-1启摆,0
17.359,31.619,-81.468,359.934,0.000,-13.634,0.007,148.381,表3-1启摆,0
17.379,30.718,-78.565,359.934,0.000,-13.244,0.005,149.282,表3-1启摆,0
17.399,30.388,-74.966,359.956,0.000,-13.253,0.004,149.612,表3-1启摆,0
17.419,30.015,-71.848,359.934,0.000,-13.520,0.003,149.985,表3-1启摆,0
17.439,29.509,-69.456,359.956,0.000,-13.921,0.002,150.491,表3-1启摆,0
17.459,28.696,-68.353,359.934,-4.800,-14.315,0.242,151.304,表3-1启摆,0
17.480,27.642,-67.815,359.956,0.000,-14.655,0.181,152.358,表3-1启摆,0
17.499,26.213,-68.564,359.956,0.000,-14.847,0.136,153.787,表3-1启摆,0
17.519,24.148,-71.106,359.934,0.000,-14.778,0.102,155.852,表3-1启摆,0
17.539,21.445,-74.721,359.934,0.000,-14.424,0.076,158.555,表3-1启摆,0
17.559,18.325,-79.505,359.934,0.000,-13.757,0.057,161.675,表3-1启摆,0
17.579,14.854,-81.830,359.934,0.000,-13.063,0.043,165.146,表3-1启摆,0
17.599,13.711,-79.418,359.934,0.000,-12.744,0.032,166.289,表3-1启摆,0
17.620,13.250,-75.837,359.934,0.000,-12.804,0.024,166.750,表3-1启摆,0
17.640,12.678,-73.305,359.934,0.000,-13.062,0.018,167.322,表3-1启摆,0
17.659,11.689,-73.210,359.934,0.000,-13.263,0.014,168.311,表3-1启摆,0
17.679,10.283,-73.390,359.934,0.000,-13.399,0.010,169.717,表3-1启摆,0
17.699,8.240,-75.150,359.934,0.000,-13.354,0.008,171.760,表3-1启摆,0
17.720,5.911,-77.033,359.934,0.000,-13.162,0.006,174.089,表3-1启摆,0
17.740,4.065,-77.501,359.934,0.000,-12.979,0.004,175.935,表3-1启摆,0
17.760,1.802,-80.616,359.934,0.000,-12.580,0.003,178.198,表3-1启摆,0
17.780,359.099,-81.385,359.934,0.000,6.983,0.002,179.099,表3-1启摆,0
17.800,358.000,-78.216,359.934,0.000,21.390,0.002,178.000,表3-1启摆,0
17.820,357.781,-74.305,359.934,0.000,31.867,0.001,177.781,表3-1启摆,0
17.840,357.627,-70.590,359.934,0.000,39.414,0.001,177.627,表3-1启摆,0
17.859,357.693,-66.790,359.934,0.000,44.756,0.001,177.693,表3-1启摆,0
17.880,357.913,-62.611,359.934,4.800,48.412,-0.239,177.913,表3-1启摆,0
17.899,358.726,-56.180,359.934,0.000,50.616,-0.180,178.726,表3-1启摆,0
17.919,0.352,-47.791,359.934,0.000,32.366,-0.135,179.648,表3-1启摆,0
17.939,3.384,-35.922,359.934,0.000,17.684,-0.101,176.616,表3-1启摆,0
17.959,7.976,-22.696,359.934,0.000,5.564,-0.076,172.024,表3-1启摆,0
17.980,12.964,-8.991,359.934,0.000,-4.674,-0.057,167.036,表3-1启摆,0
18.000,15.359,-7.971,359.934,0.000,-12.438,-0.043,164.641,表3-1启摆,0
18.019,15.381,-7.573,359.934,0.000,-18.294,-0.032,164.619,表3-1启摆,0
18.039,15.359,-7.434,359.934,0.000,-22.698,-0.024,164.641,表3-1启摆,0
18.059,15.359,-7.332,359.934,0.000,-26.009,-0.018,164.641,表3-1启摆,0
18.079,15.337,-6.966,359.934,0.000,-28.523,-0.013,164.663,表3-1启摆,0
18.099,15.293,-6.617,359.934,0.000,-30.438,-0.010,164.707,表3-1启摆,0
18.119,15.139,-7.067,359.934,-5.400,-31.836,0.262,164.861,表3-1启摆,0
18.140,14.854,-7.373,359.934,0.000,-32.860,0.197,165.146,表3-1启摆,0
18.160,14.106,-8.835,359.934,0.000,-33.505,0.148,165.894,表3-1启摆,0
18.180,13.228,-10.763,359.934,0.000,-33.827,0.111,166.772,表3-1启摆,0
18.199,11.689,-15.295,359.934,0.000,-33.689,0.083,168.311,表3-1启摆,0
18.220,8.569,-25.570,359.934,0.000,-32.724,0.062,171.431,表3-1启摆,0
18.239,3.384,-37.762,359.934,0.000,-30.980,0.047,176.616,表3-1启摆,0
18.259,357.957,-46.673,359.934,4.800,-9.725,-0.205,177.957,表3-1启摆,0
18.279,356.221,-46.080,359.934,10.800,6.167,-0.694,176.221,表3-1启摆,0
18.300,355.715,-43.866,359.934,0.000,17.900,-0.520,175.715,表3-1启摆,0
18.319,355.627,-41.432,359.934,0.000,26.496,-0.390,175.627,表3-1启摆,0
18.339,355.693,-39.091,359.934,0.000,32.747,-0.293,175.693,表3-1启摆,0
18.359,355.825,-36.626,359.934,0.000,37.229,-0.220,175.825,表3-1启摆,0
18.381,356.155,-33.115,359.934,4.800,40.296,-0.405,176.155,表3-1启摆,0
18.400,357.100,-29.599,359.934,0.000,42.301,-0.303,177.100,表3-1启摆,0
18.420,358.088,-25.059,359.934,0.000,43.425,-0.228,178.088,表3-1启摆,0
18.440,359.539,-20.506,359.934,4.800,43.887,-0.411,179.539,表3-1启摆,0
18.460,1.208,-14.471,359.934,0.000,24.528,-0.308,178.792,表3-1启摆,0
18.479,3.999,-5.167,359.934,0.000,9.229,-0.231,176.001,表3-1启摆,0
18.499,7.317,2.111,359.934,0.000,19.545,-0.173,172.683,表3-1启摆,0
18.520,10.349,10.945,359.934,0.000,26.541,-0.130,169.651,表3-1启摆,0
18.539,14.392,19.248,359.934,0.000,31.094,-0.097,165.608,表3-1启摆,0
18.559,16.150,20.686,359.934,0.000,34.387,-0.073,163.850,表3-1启摆,0
18.579,17.512,24.031,359.934,0.000,36.577,-0.055,162.488,表3-1启摆,0
18.600,20.391,33.480,359.934,0.000,37.428,-0.041,159.609,表3-1启摆,0
18.619,25.049,44.466,359.956,0.000,37.146,-0.031,154.951,表3-1启摆,0
18.639,31.135,55.863,359.956,0.000,35.979,-0.023,148.865,表3-1启摆,0
18.660,34.321,60.329,359.934,0.000,34.730,-0.017,145.679,表3-1启摆,0
18.680,38.320,70.573,359.956,-5.400,32.936,0.257,141.680,表3-1启摆,0
18.699,44.407,83.004,359.956,0.000,30.548,0.193,135.593,表3-1启摆,0
18.719,49.175,85.934,359.956,0.000,28.512,0.145,130.825,表3-1启摆,0
18.740,51.724,89.257,359.956,0.000,26.706,0.108,128.276,表3-1启摆,0
18.759,55.986,98.745,359.956,-5.400,24.557,0.351,124.014,表3-1启摆,0
18.779,61.304,105.897,359.956,0.000,22.346,0.263,118.696,表3-1启摆,0
18.799,64.622,105.582,359.956,0.000,20.714,0.198,115.378,表3-1启摆,0
18.819,66.116,103.033,359.956,0.000,19.704,0.148,113.884,表3-1启摆,0
18.839,67.698,103.072,359.956,0.000,18.943,0.111,112.302,表3-1启摆,0
18.860,70.620,108.448,359.956,0.000,17.922,0.083,109.380,表3-1启摆,0
18.879,74.927,113.106,359.956,0.000,16.766,0.063,105.073,表3-1启摆,0
18.899,78.311,115.460,359.956,0.000,15.702,0.047,101.689,表3-1启摆,0
18.919,80.815,114.007,359.956,0.000,15.025,0.035,99.185,表3-1启摆,0
18.939,81.892,110.317,359.956,0.000,14.827,0.026,98.108,表3-1启摆,0
18.960,82.727,107.261,359.956,0.000,14.934,0.020,97.273,表3-1启摆,0
18.980,84.023,105.768,359.956,0.000,15.140,0.015,95.977,表3-1启摆,0
19.000,86.902,110.560,359.956,0.000,14.893,0.011,93.098,表3-1启摆,0
19.020,90.725,112.592,359.956,0.000,-11.063,0.008,89.275,表3-1启摆,0
19.039,92.505,109.812,359.956,0.000,-30.297,0.006,87.495,表3-1启摆,0
19.059,92.791,104.262,359.956,0.000,-44.257,0.005,87.209,表3-1启摆,0
19.079,92.659,98.478,359.956,0.000,-54.243,0.004,87.341,表3-1启摆,0
19.099,92.219,91.485,359.956,0.000,-61.146,0.003,87.781,表3-1启摆,0
19.120,90.242,79.860,359.956,0.000,-65.350,0.002,89.758,表3-1启摆,0
19.139,86.462,63.897,359.956,0.000,-41.566,0.001,93.538,表3-1启摆,0
19.160,79.233,43.122,359.956,0.000,-21.987,0.001,100.767,表3-1启摆,0
19.179,73.850,29.746,359.956,0.000,-6.182,0.001,106.150,表3-1启摆,0
19.199,70.576,22.679,359.956,0.000,6.263,0.001,109.424,表3-1启摆,0
19.219,67.830,13.025,359.956,0.000,16.406,0.000,112.170,表3-1启摆,0
19.239,65.061,7.994,359.956,0.000,24.435,0.000,114.939,表3-1启摆,0
19.260,64.709,7.594,359.956,0.000,30.490,0.000,115.291,表3-1启摆,0
19.280,64.775,7.754,359.956,0.000,35.018,0.000,115.225,表3-1启摆,0
19.299,64.885,7.667,359.956,0.000,38.421,0.000,115.115,表3-1启摆,0
19.320,65.325,9.263,359.956,0.000,40.840,0.000,114.675,表3-1启摆,0
19.340,66.599,13.210,359.956,0.000,42.323,0.000,113.401,表3-1启摆,0
19.360,69.368,22.660,359.956,0.000,42.644,0.000,110.632,表3-1启摆,0
19.380,74.729,35.177,359.956,0.000,41.836,0.000,105.271,表3-1启摆,0
19.399,79.233,43.738,359.956,0.000,40.513,0.000,100.767,表3-1启摆,0
19.419,82.397,47.701,359.956,0.000,39.188,0.000,97.603,表3-1启摆,0
19.439,85.474,56.416,359.956,0.000,37.465,0.000,94.526,表3-1启摆,0
19.460,90.791,66.645,359.956,0.000,9.716,0.000,89.209,表3-1启摆,0
19.479,94.812,71.533,359.956,0.000,-11.506,0.000,85.188,表3-1启摆,0
19.500,96.877,69.516,359.956,0.000,-27.253,0.000,83.123,表3-1启摆,0
19.520,96.987,66.040,359.956,0.000,-38.773,0.000,83.013,表3-1启摆,0
19.539,96.899,62.468,359.956,-4.800,-47.113,0.240,83.101,表3-1启摆,0
19.559,96.746,58.805,359.956,0.000,-53.061,0.180,83.254,表3-1启摆,0
19.579,96.152,52.835,359.956,0.000,-57.022,0.135,83.848,表3-1启摆,0
19.599,94.592,44.973,359.956,0.000,-59.334,0.101,85.408,表3-1启摆,0
19.620,91.406,31.444,359.956,0.000,-59.935,0.076,88.594,表3-1启摆,0
19.639,86.858,18.322,359.956,4.800,-33.686,-0.183,93.142,表3-1启摆,0
19.659,80.464,-1.104,359.956,0.000,-34.772,-0.137,99.536,表3-1启摆,0
19.679,75.850,-10.169,359.956,0.000,-34.827,-0.103,104.150,表3-1启摆,0
19.699,71.851,-18.960,359.956,0.000,-34.132,-0.077,108.149,表3-1启摆,0
19.719,67.720,-31.692,359.956,0.000,-32.544,-0.058,112.280,表3-1启摆,0
19.739,61.721,-41.148,359.956,-4.800,-30.561,0.197,118.279,表3-1启摆,0
19.759,58.250,-48.150,359.956,0.000,-28.487,0.147,121.750,表3-1启摆,0
19.779,54.536,-55.283,359.956,-4.800,-26.334,0.351,125.464,表3-1启摆,0
19.799,49.570,-67.459,359.956,0.000,-23.699,0.263,130.430,表3-1启摆,0
19.819,45.176,-69.576,359.956,0.000,-21.545,0.197,134.824,表3-1启摆,0
19.840,43.484,-70.507,359.956,0.000,-19.852,0.148,136.516,表3-1启摆,0
19.859,41.199,-73.132,359.956,0.000,-18.363,0.111,138.801,表3-1启摆,0
19.880,38.320,-77.635,359.956,0.000,-16.868,0.083,141.680,表3-1启摆,0
19.899,34.585,-84.583,359.934,0.000,-15.165,0.062,145.415,表3-1启摆,0
19.919,30.718,-86.924,359.934,0.000,-13.692,0.047,149.282,表3-1启摆,0
19.939,29.575,-84.048,359.956,0.000,-12.827,0.035,150.425,表3-1启摆,0
19.959,29.004,-81.856,359.956,0.000,-12.363,0.026,150.996,表3-1启摆,0
19.979,28.323,-79.803,359.934,0.000,-12.187,0.020,151.677,表3-1启摆,0
19.999,27.422,-78.183,359.934,0.000,-12.190,0.015,152.578,表3-1启摆,0
20.019,26.213,-77.573,359.934,0.000,-12.244,0.011,153.787,表3-1启摆,0
20.039,24.434,-78.975,359.956,0.000,-12.167,0.008,155.566,表3-1启摆,0
20.059,22.039,-80.606,359.956,4.800,-11.972,-0.234,157.961,表3-1启摆,0
20.079,19.622,-82.546,359.934,0.000,-11.664,-0.175,160.378,表3-1启摆,0
20.099,17.117,-85.138,359.934,0.000,-11.215,-0.131,162.883,表3-1启摆,0
20.119,15.007,-83.852,359.934,0.000,-10.987,-0.099,164.993,表3-1启摆,0
20.139,14.216,-81.159,359.934,0.000,-11.041,-0.074,165.784,表3-1启摆,0
20.159,13.601,-78.301,359.934,0.000,-11.321,-0.055,166.399,表3-1启摆,0
20.179,12.876,-76.426,359.934,4.800,-11.688,-0.282,167.124,表3-1启摆,0
20.199,11.997,-74.705,359.934,0.000,-12.108,-0.211,168.003,表3-1启摆,0
20.220,10.920,-73.729,359.934,0.000,-12.504,-0.158,169.080,表3-1启摆,0
20.240,9.185,-76.193,359.934,0.000,-12.595,-0.119,170.815,表3-1启摆,0
20.260,6.350,-80.483,359.934,0.000,-12.304,-0.089,173.650,表3-1启摆,0
20.279,3.494,-83.509,359.934,0.600,-11.832,-0.097,176.506,表3-1启摆,0
20.299,0.417,-87.314,359.934,0.000,-11.159,-0.073,179.583,表3-1启摆,0
20.320,358.484,-84.988,359.934,4.800,8.351,-0.294,178.484,表3-1启摆,0
20.339,358.044,-80.769,359.934,0.000,22.629,-0.221,178.044,表3-1启摆,0
20.359,357.979,-76.730,359.934,0.000,33.000,-0.166,177.979,表3-1启摆,0
20.379,358.000,-72.894,359.934,0.000,40.457,-0.124,178.000,表3-1启摆,0
20.399,358.110,-68.979,359.934,3.600,45.721,-0.273,178.110,表3-1启摆,0
20.420,358.396,-64.570,359.934,4.800,49.300,-0.445,178.396,表3-1启摆,0
20.440,359.363,-57.652,359.934,4.800,51.405,-0.574,179.363,表3-1启摆,0
20.459,1.450,-47.539,359.934,0.000,32.936,-0.430,178.550,表3-1启摆,0
20.480,5.779,-32.112,359.934,0.000,17.793,-0.323,174.221,表3-1启摆,0
20.499,10.854,-17.216,359.934,0.000,5.187,-0.242,169.146,表3-1启摆,0
20.519,15.271,-11.436,359.934,0.000,-4.752,-0.182,164.729,表3-1启摆,0
20.539,15.908,-9.754,359.956,4.800,-12.347,-0.376,164.092,表3-1启摆,0
20.559,16.128,-9.266,359.956,0.000,-18.084,-0.282,163.872,表3-1启摆,0
20.580,16.172,-8.803,359.934,0.000,-22.425,-0.212,163.828,表3-1启摆,0
20.599,16.150,-8.363,359.934,0.000,-25.718,-0.159,163.850,表3-1启摆,0
20.619,16.106,-7.945,359.934,0.000,-28.223,-0.119,163.894,表3-1启摆,0
20.639,16.040,-8.087,359.934,0.000,-30.090,-0.089,163.960,表3-1启摆,0
20.659,15.952,-7.683,359.934,0.000,-31.524,-0.067,164.048,表3-1启摆,0
20.679,15.842,-7.389,359.934,0.000,-32.624,-0.050,164.158,表3-1启摆,0
20.699,15.601,-7.649,359.934,0.000,-33.427,-0.038,164.399,表3-1启摆,0
20.720,14.722,-10.057,359.934,0.000,-33.828,-0.028,165.278,表3-1启摆,0
20.740,13.689,-12.674,359.934,-4.800,-33.909,0.219,166.311,表3-1启摆,0
20.759,12.261,-16.390,359.934,0.000,-33.659,0.164,167.739,表3-1启摆,0
20.780,9.932,-23.791,359.934,0.000,-32.851,0.123,170.068,表3-1启摆,0
20.800,5.361,-35.441,359.934,0.000,-31.269,0.092,174.639,表3-1启摆,0
20.820,0.088,-47.829,359.934,0.000,-29.045,0.069,179.912,表3-1启摆,0
20.840,356.704,-49.758,359.934,0.000,-8.015,0.052,176.704,表3-1启摆,0
20.860,355.276,-50.540,359.934,0.000,7.823,0.039,175.276,表3-1启摆,0
20.879,353.936,-51.073,359.934,0.000,19.746,0.029,173.936,表3-1启摆,0
20.900,352.727,-50.379,359.934,-5.400,28.630,0.292,172.727,表3-1启摆,0
20.919,352.288,-47.860,359.934,0.000,35.082,0.219,172.288,表3-1启摆,0
20.939,352.375,-44.687,359.934,0.000,39.655,0.164,172.375,表3-1启摆,0
20.959,352.507,-42.153,359.934,0.000,42.873,0.123,172.507,表3-1启摆,0
20.980,352.793,-38.605,359.934,0.000,44.989,0.092,172.793,表3-1启摆,0
20.999,354.375,-30.795,359.934,0.000,45.921,0.069,174.375,表3-1启摆,0
21.020,357.671,-20.585,359.934,0.000,45.766,0.052,177.671,表3-1启摆,0
21.039,0.198,-14.036,359.934,0.000,25.900,0.039,179.802,表3-1启摆,0
21.060,2.483,-6.644,359.934,0.000,10.382,0.029,177.517,表3-1启摆,0
21.079,5.537,1.338,359.934,0.000,20.474,0.022,174.463,表3-1启摆,0
21.099,8.350,8.951,359.934,0.000,27.406,0.016,171.650,表3-1启摆,0
21.119,12.283,20.504,359.934,0.000,31.637,0.012,167.717,表3-1启摆,0
21.139,15.908,24.548,359.934,0.000,34.471,0.009,164.092,表3-1启摆,0
21.159,17.490,27.431,359.956,0.000,36.355,0.007,162.510,表3-1启摆,0
21.179,20.193,36.439,359.934,0.000,37.014,0.005,159.807,表3-1启摆,0
21.199,24.851,47.487,359.956,4.800,36.582,-0.236,155.149,表3-1启摆,0
21.219,30.959,58.943,359.956,0.000,35.298,-0.177,149.041,表3-1启摆,0
21.239,34.167,62.146,359.956,4.800,34.067,-0.373,145.833,表3-1启摆,0
21.259,37.903,70.649,359.956,0.000,32.432,-0.280,142.097,表3-1启摆,0
21.280,43.792,83.856,359.956,0.000,30.099,-0.210,136.208,表3-1启摆,0
21.299,48.955,87.733,359.956,0.000,28.024,-0.157,131.045,表3-1启摆,0
21.320,51.614,90.877,359.956,-4.800,26.205,0.122,128.386,表3-1启摆,0
21.339,55.854,100.253,359.956,0.000,24.055,0.092,124.146,表3-1启摆,0
21.360,61.282,106.460,359.956,0.000,21.922,0.069,118.718,表3-1启摆,0
21.380,64.709,107.227,359.956,0.000,20.259,0.051,115.291,表3-1启摆,0
21.400,66.533,106.276,359.956,0.000,19.091,0.039,113.467,表3-1启摆,0
21.420,68.643,107.442,359.956,0.000,18.117,0.029,111.357,表3-1启摆,0
21.439,72.334,112.690,359.956,0.000,16.947,0.022,107.666,表3-1启摆,0
21.459,75.894,113.715,359.956,0.000,15.984,0.016,104.106,表3-1启摆,0
21.479,78.179,113.850,359.956,0.600,15.250,-0.018,101.821,表3-1启摆,0
21.499,79.827,111.547,359.956,0.000,14.892,-0.013,100.173,表3-1启摆,0
21.519,80.903,107.980,359.956,0.000,14.923,-0.010,99.097,表3-1启摆,0
21.540,81.606,104.141,359.956,0.000,15.268,-0.008,98.394,表3-1启摆,0
21.559,82.705,102.714,359.956,0.000,15.646,-0.006,97.295,表3-1启摆,0
21.579,84.639,103.968,359.956,0.000,15.825,-0.004,95.361,表3-1启摆,0
21.599,87.935,107.920,359.956,0.000,15.627,-0.003,92.065,表3-1启摆,0
21.619,90.615,106.934,359.956,0.000,-10.038,-0.002,89.385,表3-1启摆,0
21.639,91.780,102.727,359.956,0.000,-28.935,-0.002,88.220,表3-1启摆,0
21.659,91.824,97.591,359.956,0.000,-42.677,-0.001,88.176,表3-1启摆,0
21.679,91.758,92.471,359.956,0.000,-52.554,-0.001,88.242,表3-1启摆,0
21.699,91.516,86.948,359.956,0.000,-59.500,-0.001,88.484,表3-1启摆,0
21.719,90.374,77.050,359.956,4.800,-63.880,-0.241,89.626,表3-1启摆,0
21.739,87.737,64.738,359.956,0.000,-40.533,-0.180,92.263,表3-1启摆,0
21.759,82.771,44.341,359.956,4.800,-21.315,-0.375,97.229,表3-1启摆,0
21.779,76.816,32.884,359.956,0.000,-5.941,-0.281,103.184,表3-1启摆,0
21.800,73.564,24.160,359.956,0.000,6.320,-0.211,106.436,表3-1启摆,0
21.820,72.048,21.182,359.956,0.000,15.766,-0.158,107.952,表3-1启摆,0
21.840,71.719,20.123,359.956,0.000,22.939,-0.119,108.281,表3-1启摆,0
21.860,71.741,19.116,359.956,0.000,28.402,-0.089,108.259,表3-1启摆,0
21.881,71.829,18.401,359.956,0.000,32.560,-0.067,108.171,表3-1启摆,0
21.900,71.960,18.021,359.956,0.000,35.711,-0.050,108.040,表3-1启摆,0
21.920,72.180,17.450,359.956,0.000,38.121,-0.038,107.820,表3-1启摆,0
21.940,73.081,19.787,359.956,0.000,39.733,-0.028,106.919,表3-1启摆,0
21.960,74.641,24.018,359.956,4.800,40.588,-0.261,105.359,表3-1启摆,0
21.980,77.080,29.597,359.956,0.000,40.761,-0.196,102.920,表3-1启摆,0
22.000,80.244,36.397,359.956,0.000,40.322,-0.147,99.756,表3-1启摆,0
22.020,82.837,40.727,359.956,-5.400,39.629,0.160,97.163,表3-1启摆,0
22.040,86.309,51.441,359.956,0.000,38.213,0.120,93.691,表3-1启摆,0
22.059,91.143,59.219,359.956,0.000,10.898,0.090,88.857,表3-1启摆,0
22.080,94.658,63.428,359.956,0.000,-9.940,0.067,85.342,表3-1启摆,0
22.100,96.768,61.786,359.956,0.000,-25.431,0.051,83.232,表3-1启摆,0
22.119,96.899,58.697,359.956,0.000,-36.791,0.038,83.101,表3-1启摆,0
22.139,96.833,55.732,359.956,0.000,-45.062,0.028,83.167,表3-1启摆,0
22.159,96.680,52.106,359.956,0.000,-50.962,0.021,83.320,表3-1启摆,0
22.180,96.350,48.030,359.956,0.000,-55.045,0.016,83.650,表3-1启摆,0
22.199,95.032,41.459,359.956,0.000,-57.557,0.012,84.968,表3-1启摆,0
22.219,92.461,30.656,359.956,0.000,-58.536,0.009,87.539,表3-1启摆,0
22.240,88.352,19.583,359.956,0.000,-32.743,0.007,91.648,表3-1启摆,0
22.259,84.045,5.794,359.956,0.000,-12.242,0.005,95.955,表3-1启摆,0
22.279,78.816,-3.226,359.956,0.000,-18.512,0.004,101.184,表3-1启摆,0
22.299,76.619,-8.254,359.956,0.000,-22.792,0.003,103.381,表3-1启摆,0
22.319,74.312,-13.902,359.956,0.000,-25.529,0.002,105.688,表3-1启摆,0
22.339,71.807,-19.387,359.956,0.000,-27.123,0.002,108.193,表3-1启摆,0
22.360,68.994,-27.027,359.956,0.000,-27.678,0.001,111.006,表3-1启摆,0
22.379,63.918,-37.556,359.956,0.000,-27.212,0.001,116.082,表3-1启摆,0
22.399,60.754,-41.258,359.956,0.000,-26.553,0.001,119.246,表3-1启摆,0
22.419,58.359,-46.215,359.956,0.000,-25.643,0.001,121.641,表3-1启摆,0
22.439,55.459,-51.225,359.956,0.000,-24.541,0.000,124.541,表3-1启摆,0
22.459,51.768,-60.693,359.956,0.000,-22.921,0.000,128.232,表3-1启摆,0
22.479,46.648,-67.919,359.956,4.800,-21.101,-0.240,133.352,表3-1启摆,0
22.499,44.187,-69.263,359.956,5.400,-19.623,-0.450,135.813,表3-1启摆,0
22.519,42.012,-72.130,359.956,0.000,-18.275,-0.337,137.988,表3-1启摆,0
22.539,39.331,-75.843,359.956,0.000,-16.952,-0.253,140.669,表3-1启摆,0
22.560,36.211,-80.661,359.956,0.000,-15.557,-0.190,143.789,表3-1启摆,0
22.579,32.256,-86.708,359.934,-5.400,-14.003,0.128,147.744,表3-1启摆,0
22.599,29.905,-85.342,359.956,0.000,-12.953,0.096,150.095,表3-1启摆,0
22.619,29.070,-83.145,359.956,0.000,-12.349,0.072,150.930,表3-1启摆,0
22.640,28.081,-81.958,359.956,0.000,-11.996,0.054,151.919,表3-1启摆,0
22.659,26.829,-81.430,359.934,0.000,-11.775,0.040,153.171,表3-1启摆,0
22.679,25.027,-82.519,359.934,0.000,-11.518,0.030,154.973,表3-1启摆,0
22.700,22.610,-85.233,359.934,0.000,-11.098,0.023,157.390,表3-1启摆,0
22.719,19.951,-86.791,359.934,0.000,-10.653,0.017,160.049,表3-1启摆,0
22.739,17.227,-90.672,359.934,0.000,-9.993,0.013,162.773,表3-1启摆,0
22.759,14.700,-88.868,359.934,0.000,-9.650,0.010,165.300,表3-1启摆,0
22.779,14.172,-85.295,359.934,0.000,-9.692,0.007,165.828,表3-1启摆,0
22.799,13.689,-81.960,359.934,0.000,-10.003,0.005,166.311,表3-1启摆,0
22.820,13.184,-79.062,359.934,0.000,-10.479,0.004,166.816,表3-1启摆,0
22.840,12.634,-76.849,359.934,0.000,-11.021,0.003,167.366,表3-1启摆,0
22.859,11.997,-74.866,359.934,0.000,-11.594,0.002,168.003,表3-1启摆,0
22.880,11.140,-73.703,359.934,0.000,-12.121,0.002,168.860,表3-1启摆,0
22.900,9.866,-74.098,359.934,0.000,-12.483,0.001,170.134,表3-1启摆,0
22.919,7.932,-75.913,359.934,0.000,-12.603,0.001,172.068,表3-1启摆,0
22.939,5.713,-76.857,359.934,0.000,-12.613,0.001,174.287,表3-1启摆,0
22.959,3.867,-76.794,359.934,-4.800,-12.626,0.241,176.133,表3-1启摆,0
22.979,1.780,-79.435,359.934,0.000,-12.415,0.180,178.220,表3-1启摆,0
23.000,359.495,-79.303,359.934,0.000,6.932,0.135,179.495,表3-1启摆,0
23.019,358.726,-76.178,359.934,0.000,21.181,0.101,178.726,表3-1启摆,0
23.039,358.704,-72.369,359.934,0.000,31.549,0.076,178.704,表3-1启摆,0
23.059,358.748,-68.751,359.934,0.000,39.021,0.057,178.748,表3-1启摆,0
23.080,358.857,-64.803,359.934,0.000,44.295,0.043,178.857,表3-1启摆,0
23.099,359.099,-60.693,359.934,0.000,47.906,0.032,179.099,表3-1启摆,0
23.119,0.176,-52.738,359.934,0.000,30.747,0.024,179.824,表3-1启摆,0
23.139,2.461,-43.351,359.934,0.000,17.092,0.018,177.539,表3-1启摆,0
23.159,6.021,-32.304,359.934,0.000,5.926,0.014,173.979,表3-1启摆,0
23.179,9.316,-23.009,359.934,0.000,-3.228,0.010,170.684,表3-1启摆,0
23.199,12.590,-14.748,359.934,0.000,-10.786,0.008,167.410,表3-1启摆,0
23.219,14.019,-13.411,359.934,0.000,-16.566,0.006,165.981,表3-1启摆,0
23.240,13.997,-12.740,359.934,0.000,-20.957,0.004,166.003,表3-1启摆,0
23.260,13.931,-12.403,359.934,0.000,-24.279,0.003,166.069,表3-1启摆,0
23.280,13.843,-12.023,359.934,0.000,-26.802,0.002,166.157,表3-1启摆,0
23.299,13.733,-11.692,359.934,0.000,-28.722,0.002,166.267,表3-1启摆,0
23.319,13.513,-11.977,359.934,0.000,-30.138,0.001,166.487,表3-1启摆,0
23.340,12.942,-13.568,359.934,0.000,-31.067,0.001,167.058,表3-1启摆,0
23.359,11.711,-16.970,359.934,0.000,-31.478,0.001,168.289,表3-1启摆,0
23.379,9.624,-23.141,359.934,0.000,-31.270,0.001,170.376,表3-1启摆,0
23.400,5.691,-32.904,359.934,0.000,-30.296,0.000,174.309,表3-1启摆,0
23.419,1.428,-43.229,359.934,0.000,-28.700,0.000,178.572,表3-1启摆,0
23.440,357.759,-46.708,359.934,0.000,-8.012,0.000,177.759,表3-1启摆,0
23.459,356.616,-46.052,359.934,0.000,7.449,0.000,176.616,表3-1启摆,0
23.480,356.309,-43.750,359.934,0.000,18.852,0.000,176.309,表3-1启摆,0
23.500,356.353,-41.562,359.934,0.000,27.221,0.000,176.353,表3-1启摆,0
23.520,356.440,-38.944,359.934,0.000,33.278,0.000,176.440,表3-1启摆,0
23.540,356.660,-35.947,359.934,0.000,37.570,0.000,176.660,表3-1启摆,0
23.559,357.122,-31.840,359.934,0.000,40.445,0.000,177.122,表3-1启摆,0
23.579,358.638,-26.078,359.934,0.000,42.118,0.000,178.638,表3-1启摆,0
23.599,0.308,-21.024,359.934,0.000,23.750,0.000,179.692,表3-1启摆,0
23.620,1.758,-16.733,359.934,0.000,9.614,0.000,178.242,表3-1启摆,0
23.640,3.604,-10.286,359.934,0.000,-1.528,0.000,176.396,表3-1启摆,0
23.659,5.933,-5.362,359.934,0.000,-10.296,0.000,174.067,表3-1启摆,0
23.679,6.790,-4.554,359.934,0.000,-16.941,0.000,173.210,表3-1启摆,0
23.699,6.790,-4.326,359.934,0.000,-21.943,0.000,173.210,表3-1启摆,0
23.719,6.768,-4.110,359.934,0.000,-25.713,0.000,173.232,表3-1启摆,0
23.740,6.680,-3.904,359.934,0.000,-28.558,0.000,173.320,表3-1启摆,0
23.759,6.570,-4.249,359.934,0.000,-30.662,0.000,173.430,表3-1启摆,0
23.779,6.438,-4.576,359.934,-4.800,-32.213,0.240,173.562,表3-1启摆,0
23.800,6.240,-4.918,359.934,0.000,-33.348,0.180,173.760,表3-1启摆,0
23.820,3.845,-16.192,359.934,0.000,-33.255,0.135,176.155,表3-1启摆,0
23.840,359.099,-25.792,359.934,0.000,-13.180,0.101,179.099,表3-1启摆,0
23.859,357.056,-26.513,359.934,0.000,1.936,0.076,177.056,表3-1启摆,0
23.879,356.528,-25.787,359.934,0.000,13.212,0.057,176.528,表3-1启摆,0
23.899,356.484,-24.258,359.934,4.800,21.541,-0.197,176.484,表3-1启摆,0
23.919,356.550,-22.775,359.934,0.000,27.664,-0.148,176.550,表3-1启摆,0
23.939,356.660,-20.856,359.934,0.000,32.095,-0.111,176.660,表3-1启摆,0
23.959,356.858,-19.183,359.934,0.000,35.279,-0.083,176.858,表3-1启摆,0
23.980,357.297,-16.184,359.934,0.000,37.415,-0.062,177.297,表3-1启摆,0
24.000,358.198,-13.215,359.934,0.000,38.768,-0.047,178.198,表3-1启摆,0
24.019,359.363,-8.234,359.934,-10.200,39.366,0.475,179.363,表3-1启摆,0
24.039,1.143,-3.562,359.934,-0.600,20.223,0.386,178.857,表3-1启摆,0
24.059,3.560,3.636,359.934,0.000,27.663,0.290,176.440,表3-1启摆,0
24.079,6.526,11.104,359.934,0.000,32.617,0.217,173.474,表3-1启摆,0
24.100,10.107,21.589,359.934,0.000,35.454,0.163,169.893,表3-1启摆,0
24.119,14.700,29.569,359.934,0.000,36.913,0.122,165.300,表3-1启摆,0
24.139,16.743,33.911,359.934,0.000,37.644,0.092,163.257,表3-1启摆,0
24.159,20.259,43.495,359.956,0.000,37.389,0.069,159.741,表3-1启摆,0
24.179,25.708,56.051,359.956,0.000,36.146,0.052,154.292,表3-1启摆,0
24.199,31.729,63.268,359.956,0.000,34.609,0.039,148.271,表3-1启摆,0
24.219,34.321,66.285,359.956,4.800,33.204,-0.211,145.679,表3-1启摆,0
24.239,37.771,73.890,359.956,0.000,31.513,-0.158,142.229,表3-1启摆,0
24.259,43.264,85.466,359.956,0.000,29.275,-0.119,136.736,表3-1启摆,0
24.279,48.208,88.693,359.956,0.000,27.326,-0.089,131.792,表3-1启摆,0
24.299,50.361,89.628,359.956,0.000,25.786,-0.067,129.639,表3-1启摆,0
24.320,52.844,93.247,359.956,0.000,24.327,-0.050,127.156,表3-1启摆,0
24.340,57.107,100.434,359.956,0.000,22.632,-0.038,122.893,表3-1启摆,0
24.360,61.326,104.293,359.956,0.000,21.036,-0.028,118.674,表3-1启摆,0
24.380,64.182,104.118,359.956,0.000,19.855,-0.021,115.818,表3-1启摆,0
24.400,65.742,102.242,359.956,-5.400,19.126,0.254,114.258,表3-1启摆,0
24.420,67.126,101.180,359.956,0.000,18.668,0.191,112.874,表3-1启摆,0
24.440,69.060,102.451,359.956,0.000,18.218,0.143,110.940,表3-1启摆,0
24.460,72.268,105.548,359.956,0.000,17.621,0.107,107.732,表3-1启摆,0
24.480,75.081,106.061,359.956,5.400,17.130,-0.190,104.919,表3-1启摆,0
24.500,76.794,104.868,359.956,0.000,16.862,-0.142,103.206,表3-1启摆,0
24.520,78.750,104.335,359.956,0.000,16.706,-0.107,101.250,表3-1启摆,0
24.539,80.398,103.018,359.956,0.000,16.699,-0.080,99.602,表3-1启摆,0
24.559,81.760,100.987,359.956,0.000,16.864,-0.060,98.240,表3-1启摆,0
24.580,83.013,99.838,359.956,-4.800,17.084,0.195,96.987,表3-1启摆,0
24.599,85.012,100.996,359.956,0.000,17.152,0.146,94.988,表3-1启摆,0
24.620,88.286,104.046,359.956,0.000,16.948,0.110,91.714,表3-1启摆,0
24.640,90.747,103.254,359.956,0.000,-8.739,0.082,89.253,表3-1启摆,0
24.660,92.263,100.011,359.956,0.000,-27.733,0.062,87.737,表3-1启摆,0
24.680,92.615,95.010,359.956,0.000,-41.559,0.046,87.385,表3-1启摆,0
24.700,92.483,90.200,359.956,0.000,-51.526,0.035,87.517,表3-1启摆,0
24.720,92.175,83.980,359.956,0.000,-58.480,0.026,87.825,表3-1启摆,0
24.741,90.352,73.721,359.956,0.000,-62.836,0.020,89.648,表3-1启摆,0
24.760,87.012,60.105,359.956,0.000,-39.362,0.015,92.988,表3-1启摆,0
24.779,81.035,37.840,359.956,0.000,-19.892,0.011,98.965,表3-1启摆,0
24.799,75.696,26.348,359.956,0.000,-4.326,0.008,104.304,表3-1启摆,0
24.819,72.708,19.570,359.956,0.000,7.916,0.006,107.292,表3-1启摆,0
24.839,71.411,17.392,359.956,0.000,17.280,0.005,108.589,表3-1启摆,0
24.859,71.345,16.522,359.956,0.000,24.376,0.003,108.655,表3-1启摆,0
24.880,71.455,16.506,359.956,0.000,29.699,0.003,108.545,表3-1启摆,0
24.899,71.653,16.821,359.956,0.000,33.665,0.002,108.347,表3-1启摆,0
24.920,72.598,19.760,359.956,0.000,36.393,0.001,107.402,表3-1启摆,0
24.939,74.641,25.132,359.956,0.000,37.990,0.001,105.359,表3-1启摆,0
24.959,77.520,32.395,359.956,0.000,38.578,0.001,102.480,表3-1启摆,0
24.979,80.991,38.215,359.978,0.000,38.532,0.001,99.009,表3-1启摆,0
25.000,83.408,42.815,359.956,-5.400,38.112,0.270,96.592,表3-1启摆,0
25.020,88.000,55.734,359.956,0.000,36.715,0.203,92.000,表3-1启摆,0
25.039,93.428,64.407,359.978,0.000,9.341,0.152,86.572,表3-1启摆,0
25.060,97.405,66.977,359.956,0.000,-11.406,0.114,82.595,表3-1启摆,0
25.079,98.218,63.628,359.956,0.000,-26.685,0.086,81.782,表3-1启摆,0
25.099,98.108,59.907,359.956,0.000,-37.832,0.064,81.892,表3-1启摆,0
25.119,97.822,56.251,359.956,0.000,-45.887,0.048,82.178,表3-1启摆,0
25.139,96.965,50.109,359.978,0.000,-51.413,0.036,83.035,表3-1启摆,0
25.160,95.054,41.723,359.978,-5.400,-54.855,0.297,84.946,表3-1启摆,0
25.179,91.714,27.727,359.956,0.000,-56.264,0.223,88.286,表3-1启摆,0
25.199,86.858,14.401,359.978,5.400,-30.605,-0.103,93.142,表3-1启摆,0
25.219,80.486,-3.599,359.978,0.000,-32.252,-0.077,99.514,表3-1启摆,0
25.239,76.179,-11.399,359.978,0.000,-32.834,-0.058,103.821,表3-1启摆,0
25.259,72.773,-19.079,359.978,0.000,-32.627,-0.043,107.227,表3-1启摆,0
25.280,69.500,-27.575,359.978,0.000,-31.760,-0.033,110.500,表3-1启摆,0
25.299,63.962,-40.747,359.956,0.000,-30.007,-0.024,116.038,表3-1启摆,0
25.319,60.491,-44.619,359.978,0.000,-28.367,-0.018,119.509,表3-1启摆,0
25.339,58.074,-49.798,359.956,0.000,-26.703,-0.014,121.926,表3-1启摆,0
25.360,55.217,-54.718,359.956,0.000,-25.043,-0.010,124.783,表3-1启摆,0
25.379,51.372,-64.493,359.956,0.000,-22.980,-0.008,128.628,表3-1启摆,0
25.400,46.362,-70.238,359.956,-5.400,-20.950,0.264,133.638,表3-1启摆,0
25.420,44.758,-69.666,359.956,0.000,-19.477,0.198,135.242,表3-1启摆,0
25.439,43.418,-70.473,359.956,0.000,-18.303,0.149,136.582,表3-1启摆,0
25.460,41.375,-72.739,359.956,0.000,-17.234,0.111,138.625,表3-1启摆,0
25.480,39.023,-74.832,359.956,0.000,-16.256,0.084,140.977,表3-1启摆,0
25.499,36.101,-79.551,359.956,0.000,-15.128,0.063,143.899,表3-1启摆,0
25.519,32.322,-84.573,359.956,0.000,-13.861,0.047,147.678,表3-1启摆,0
25.540,30.300,-82.114,359.956,0.000,-13.116,0.035,149.700,表3-1启摆,0
25.559,29.817,-78.909,359.956,0.000,-12.827,0.026,150.183,表3-1启摆,0
25.580,29.290,-76.403,359.956,0.000,-12.819,0.020,150.710,表3-1启摆,0
25.599,28.564,-73.873,359.934,0.000,-13.026,0.015,151.436,表3-1启摆,0
25.619,27.664,-72.279,359.956,4.800,-13.314,-0.229,152.336,表3-1启摆,0
25.640,26.389,-72.325,359.956,0.000,-13.526,-0.172,153.611,表3-1启摆,0
25.659,24.543,-74.019,359.956,0.000,-13.544,-0.129,155.457,表3-1启摆,0
25.680,21.929,-77.458,359.956,0.000,-13.269,-0.097,158.071,表3-1启摆,0
25.699,19.270,-80.575,359.956,0.000,-12.801,-0.072,160.730,表3-1启摆,0
25.719,16.326,-84.827,359.956,0.000,-12.095,-0.054,163.674,表3-1启摆,0
25.739,14.590,-82.055,359.956,0.000,-11.797,-0.041,165.410,表3-1启摆,0
25.759,14.194,-79.062,359.934,0.000,-11.824,-0.031,165.806,表3-1启摆,0
