时间(s),摆角(°),摆速(°/s),飞轮角(°),飞轮速(°/s),M1(RPM),M2(RPM),误差(°)
0.000,0.220,0.000,359.978,0.000,76.153,-5.956,179.780
0.020,0.681,43.200,359.956,-4.800,66.668,-4.908,179.319
0.040,3.757,213.600,359.956,0.000,28.722,-5.956,176.243
0.060,9.426,247.800,359.956,0.000,18.966,-5.956,170.574
0.081,12.942,152.400,359.934,0.000,37.992,-5.955,167.058
0.100,16.501,216.000,359.934,0.000,22.808,-5.955,163.499
0.120,20.039,154.200,359.912,5.400,34.599,-7.134,159.961
0.140,23.533,202.200,359.890,0.000,22.797,-5.955,156.467
0.161,27.488,142.200,359.890,0.000,34.024,-5.955,152.512
0.180,30.125,150.600,359.868,0.000,31.101,-5.954,149.875
0.200,33.772,178.200,359.846,-5.400,23.620,-4.775,146.228
0.220,37.134,169.200,359.824,0.000,24.132,-5.954,142.866
0.240,40.847,223.200,359.824,0.000,10.947,-5.954,139.153
0.260,44.099,73.200,359.802,0.000,41.825,-5.953,135.901
0.280,45.264,99.600,359.780,0.000,35.655,-5.953,134.736
0.300,48.472,189.000,359.780,0.000,15.071,-5.953,131.528
0.320,52.273,178.200,359.758,0.000,15.784,-5.952,127.727
0.340,55.305,164.400,359.736,0.000,17.467,-5.952,124.695
0.360,58.887,137.400,359.714,0.000,21.756,-5.952,121.113
0.380,60.227,35.400,359.692,0.000,43.122,-5.951,119.773
0.400,61.545,118.200,359.648,0.000,24.758,-5.951,118.455
0.420,64.600,165.000,359.583,0.000,13.401,-5.950,115.400
0.440,68.093,132.600,358.967,-159.000,18.888,28.768,111.907
0.460,71.060,175.200,354.792,-111.600,8.471,18.491,108.940
0.480,75.103,131.400,354.133,0.000,16.177,-5.859,104.897
0.500,75.872,16.800,354.133,0.000,40.495,-5.859,104.128
0.520,76.729,88.200,354.133,0.000,24.778,-5.859,103.271
0.540,79.058,127.800,354.089,-4.800,15.276,-4.811,100.942
0.560,82.266,174.000,354.067,0.000,3.982,-5.858,97.734
0.580,85.210,135.000,354.023,0.000,11.122,-5.858,94.790
0.600,88.088,166.800,353.936,0.000,3.064,-5.856,91.912
0.620,90.681,48.000,353.892,-10.200,27.513,-3.629,89.319
0.640,91.099,42.000,353.870,4.800,28.626,-6.903,88.901
0.660,92.241,58.200,353.870,0.000,24.658,-5.855,87.759
0.680,93.450,65.400,353.848,0.000,22.598,-5.855,86.550
0.700,95.208,111.000,353.804,0.000,12.048,-5.854,84.792
0.720,98.306,171.000,353.694,-10.800,-2.167,-3.495,81.694
0.740,101.316,129.600,352.925,-136.200,5.460,23.891,78.684
0.760,103.447,111.000,351.804,0.600,8.557,-5.952,76.553
0.780,105.667,88.200,351.782,0.000,12.520,-5.820,74.333
0.800,106.611,34.200,351.782,5.400,23.732,-6.999,73.389
0.820,107.161,51.000,351.760,-4.800,19.887,-4.772,72.839
0.840,108.040,31.200,351.716,0.000,23.773,-5.819,71.960
0.860,108.896,52.200,351.694,0.000,18.894,-5.819,71.104
0.880,110.215,66.000,351.672,0.000,15.368,-5.819,69.785
0.900,112.126,106.200,351.606,-10.200,5.913,-3.591,67.874
0.920,114.785,145.800,351.541,-5.400,-3.729,-4.638,65.215
0.940,117.422,122.400,351.519,-10.200,0.186,-3.590,62.578
0.960,119.004,62.400,351.475,-4.800,12.419,-4.768,60.996
0.980,119.905,59.400,351.453,0.000,12.682,-5.815,60.095
1.000,121.245,67.200,351.431,-5.400,10.437,-4.636,58.755
1.020,122.256,25.200,351.387,-4.800,19.041,-4.766,57.744
1.040,122.893,42.600,351.365,0.000,15.029,-5.814,57.107
1.060,123.794,46.200,351.343,0.000,13.873,-5.813,56.206
1.080,124.453,28.800,351.299,0.000,17.336,-5.812,55.547
1.100,125.178,42.000,351.277,-10.200,14.190,-3.586,54.822
1.120,126.387,49.800,351.211,0.000,12.001,-5.811,53.613
1.140,127.639,66.000,351.101,-5.400,7.987,-4.630,52.361
1.160,129.529,121.800,350.508,-83.400,-4.813,12.406,50.471
1.180,132.253,124.800,348.728,-34.200,-6.612,1.696,47.747
1.200,133.901,32.400,348.662,0.000,12.560,-5.769,46.099
1.220,134.275,23.400,348.618,0.000,14.337,-5.768,45.725
1.240,135.264,70.200,348.574,0.000,3.854,-5.767,44.736
1.260,136.604,46.800,348.530,0.000,8.318,-5.767,43.396
1.280,137.197,34.800,348.508,0.000,10.647,-5.766,42.803
1.300,137.834,40.200,348.464,0.000,9.216,-5.766,42.166
1.320,138.647,45.000,348.420,-5.400,7.840,-4.586,41.353
1.340,139.241,7.200,348.311,-10.200,15.717,-3.537,40.759
1.360,139.724,33.600,347.827,-66.600,9.835,8.783,40.276
1.380,140.581,25.200,344.905,-123.600,11.278,21.274,39.419
1.400,141.174,22.800,343.652,-0.600,11.543,-5.555,38.826
1.420,141.658,19.200,343.652,0.000,12.113,-5.686,38.342
1.440,142.251,34.800,343.586,-10.200,8.507,-3.458,37.749
1.460,143.240,52.800,343.542,0.000,4.217,-5.684,36.760
1.480,144.404,55.800,343.477,-16.200,3.079,-2.147,35.596
1.500,146.206,110.400,343.433,0.000,-9.426,-5.682,33.794
1.520,148.359,87.600,343.389,0.000,-5.435,-5.682,31.641
1.540,148.953,0.000,343.367,-4.800,13.151,-4.633,31.047
1.560,149.019,12.000,343.301,0.000,10.543,-5.680,30.981
1.580,149.634,36.600,343.235,-10.800,4.992,-3.322,30.366
1.600,150.513,39.600,343.015,-23.400,3.975,-0.567,29.487
1.620,151.018,12.000,341.016,-117.600,9.696,20.028,28.982
1.640,151.370,28.200,339.983,-0.600,6.063,-5.494,28.630
1.660,151.919,28.800,339.983,0.000,5.702,-5.625,28.081
1.680,152.600,40.200,339.939,0.000,2.962,-5.625,27.400
1.700,153.325,36.000,339.807,-0.600,3.558,-5.491,26.675
1.720,153.743,22.800,339.719,-5.400,6.219,-4.442,26.257
1.740,154.072,12.600,339.631,-4.800,8.273,-4.572,25.928
1.760,154.731,46.200,339.543,0.000,0.769,-5.618,25.269
1.780,155.654,30.000,339.478,0.000,3.861,-5.617,24.346
1.800,155.874,5.400,339.390,0.000,9.058,-5.615,24.126
1.820,156.028,16.800,339.280,-5.400,6.542,-4.435,23.972
1.840,156.204,4.800,338.884,-55.200,9.048,6.442,23.796
1.860,156.379,17.400,337.039,-24.000,6.264,-0.338,23.621
1.880,156.709,12.000,336.973,0.000,7.285,-5.575,23.291
1.900,157.544,51.000,336.973,0.000,-1.455,-5.575,22.456
1.920,157.896,0.000,336.951,-5.400,9.363,-4.396,22.104
1.940,157.917,0.000,336.929,0.000,9.354,-5.575,22.083
1.960,158.159,6.600,336.907,0.000,7.832,-5.574,21.841
1.980,158.467,18.000,336.907,4.800,5.251,-6.622,21.533
2.000,159.016,46.200,336.885,0.000,-1.046,-5.574,20.984
2.020,160.093,46.200,336.863,0.000,-1.502,-5.574,19.907
2.040,160.796,40.800,336.863,0.000,-0.639,-5.574,19.204
2.060,161.587,36.600,336.841,0.000,-0.071,-5.573,18.413
2.080,162.642,63.600,336.819,-0.600,-6.324,-5.442,17.358
2.100,163.586,34.200,336.797,-4.800,-0.402,-4.525,16.414
2.120,163.806,0.600,336.775,0.000,6.731,-5.572,16.194
2.140,163.872,6.000,336.709,-10.200,5.541,-3.345,16.128
2.160,164.114,10.800,336.643,0.000,4.407,-5.570,15.886
2.180,164.268,10.800,335.610,-207.600,4.342,39.764,15.732
2.200,164.465,5.400,333.611,17.400,5.419,-9.318,15.535
2.220,164.905,29.400,333.611,0.000,0.072,-5.520,15.095
2.240,165.762,23.400,333.611,0.000,0.999,-5.520,14.238
2.260,165.872,0.000,333.589,0.000,5.985,-5.519,14.128
2.280,165.938,10.800,333.589,0.000,3.634,-5.519,14.062
2.300,166.113,10.200,333.567,0.000,3.689,-5.519,13.887
2.320,166.179,0.600,333.523,0.000,5.725,-5.518,13.821
2.340,166.289,0.600,333.479,0.000,5.679,-5.518,13.711
2.360,166.443,6.000,333.413,-0.600,4.452,-5.386,13.557
2.380,166.575,5.400,333.369,0.000,4.526,-5.516,13.425
2.400,166.838,18.600,333.303,-5.400,1.575,-4.336,13.162
2.420,168.047,52.200,333.237,0.000,-6.162,-5.514,11.953
2.440,168.267,0.000,333.171,0.000,4.970,-5.513,11.733
2.460,168.267,4.800,333.040,-26.400,3.938,0.252,11.733
2.480,168.289,0.000,331.831,-163.800,4.961,30.265,11.711
2.500,168.354,10.800,329.326,-72.000,2.610,10.268,11.646
2.520,168.552,0.600,329.019,0.000,4.720,-5.444,11.448
2.540,168.662,4.800,329.019,0.000,3.770,-5.444,11.338
2.560,168.882,7.200,328.975,-0.600,3.161,-5.312,11.118
2.580,169.189,28.200,328.931,-0.600,-1.485,-5.311,10.811
2.600,170.178,69.000,328.865,0.000,-10.677,-5.441,9.822
2.620,170.771,4.800,328.777,0.000,2.877,-5.440,9.229
2.640,170.750,0.000,328.711,-10.200,3.918,-3.212,9.250
2.660,170.771,0.000,328.623,-0.600,3.909,-5.306,9.229
2.680,170.859,0.600,328.513,-16.200,3.743,-1.899,9.141
2.700,170.991,10.200,328.250,-34.200,1.623,2.034,9.009
2.720,171.079,5.400,326.755,-59.400,2.618,7.560,8.921
2.740,171.101,4.800,326.492,4.800,2.737,-6.450,8.899
2.760,171.145,5.400,326.492,0.000,2.590,-5.402,8.855
2.780,171.211,0.000,326.448,0.000,3.723,-5.401,8.789
2.800,171.277,0.000,326.426,-5.400,3.695,-4.222,8.723
2.820,171.343,5.400,326.404,0.000,2.506,-5.401,8.657
2.840,171.387,10.800,326.382,-4.800,1.326,-4.352,8.613
2.860,171.387,0.000,326.338,0.000,3.649,-5.399,8.613
2.880,171.409,0.000,326.316,0.000,3.639,-5.399,8.591
2.900,171.431,0.000,326.294,0.000,3.630,-5.399,8.569
2.920,171.497,0.000,326.250,0.000,3.602,-5.398,8.503
2.940,171.541,0.000,326.162,-10.200,3.583,-3.170,8.459
2.960,171.584,5.400,325.833,-46.200,2.404,4.694,8.416
2.980,171.650,0.000,322.888,-107.400,3.537,18.102,8.350
3.000,171.694,4.800,322.097,10.800,2.486,-7.687,8.306
3.020,171.760,4.800,322.097,0.000,2.458,-5.329,8.240
3.040,171.870,10.800,322.053,0.000,1.121,-5.329,8.130
3.060,172.705,142.200,321.987,0.000,-27.489,-5.328,7.295
3.080,173.826,-0.600,321.943,0.000,2.744,-5.327,6.174
3.100,173.804,0.000,321.877,0.000,2.625,-5.326,6.196
3.120,173.804,5.400,321.812,0.000,1.463,-5.325,6.196
3.140,173.804,0.000,321.746,0.000,2.625,-5.324,6.196
3.160,173.804,0.000,321.658,0.000,2.625,-5.322,6.196
3.180,173.804,0.000,321.504,-16.200,2.625,-1.783,6.196
3.200,173.804,0.000,319.922,-130.200,2.625,23.128,6.196
3.220,173.826,0.000,319.263,4.800,2.615,-6.330,6.174
3.240,173.826,0.000,319.285,0.000,2.615,-5.283,6.174
3.260,173.826,0.000,319.263,0.000,2.615,-5.282,6.174
3.280,173.826,0.000,319.263,0.000,2.615,-5.282,6.174
3.300,173.848,5.400,319.241,-10.200,1.445,-3.056,6.152
3.320,173.848,0.000,319.219,0.000,2.606,-5.282,6.152
3.340,173.848,5.400,319.197,-5.400,1.445,-4.103,6.152
3.360,173.848,0.000,319.175,0.000,2.606,-5.281,6.152
3.380,173.848,0.000,319.131,-1.200,2.606,-5.018,6.152
3.400,173.870,4.800,319.087,-5.400,1.565,-4.101,6.130
3.420,173.914,5.400,318.999,-1.200,1.417,-5.016,6.086
3.440,173.914,0.000,318.823,-10.800,2.578,-2.918,6.086
3.460,173.958,0.000,317.593,-130.800,2.560,23.297,6.042
3.480,174.023,4.800,316.780,6.000,1.499,-6.551,5.977
3.500,174.067,0.000,316.780,-4.800,2.513,-4.194,5.933
3.520,174.089,0.000,316.780,0.000,2.504,-5.241,5.911
3.540,174.111,5.400,316.758,0.000,1.333,-5.241,5.889
3.560,174.133,0.000,316.736,0.000,2.485,-5.241,5.867
3.580,174.155,4.800,316.692,0.000,1.444,-5.240,5.845
3.600,174.177,0.000,316.670,0.000,2.466,-5.240,5.823
3.620,174.199,0.000,316.626,-4.800,2.457,-4.191,5.801
3.640,174.221,0.000,316.560,-4.800,2.448,-4.190,5.779
3.660,174.243,0.000,316.516,0.000,2.439,-5.237,5.757
3.680,174.265,0.000,316.428,-10.800,2.429,-2.878,5.735
3.700,174.309,0.000,316.296,-10.200,2.411,-3.007,5.691
3.720,174.331,0.000,315.879,-46.200,2.401,4.858,5.669
3.740,174.353,0.000,313.198,-109.800,2.392,18.786,5.647
3.760,174.397,4.800,311.968,0.000,1.341,-5.162,5.603
3.780,174.419,0.000,311.968,0.000,2.364,-5.162,5.581
3.800,174.441,10.200,311.946,-0.600,0.161,-5.030,5.559
3.820,174.441,0.000,311.902,-5.400,2.355,-3.982,5.559
3.840,174.463,0.000,311.858,0.000,2.345,-5.160,5.537
3.860,174.485,5.400,311.836,-4.800,1.175,-4.112,5.515
3.880,174.507,0.000,311.770,-5.400,2.327,-3.980,5.493
3.900,174.529,0.000,311.726,-10.200,2.318,-2.931,5.471
3.920,174.573,0.000,311.704,0.000,2.299,-5.157,5.427
3.940,174.639,15.600,311.660,-4.800,-1.084,-4.109,5.361
3.960,174.749,10.800,311.594,-1.200,-0.098,-4.894,5.251
3.980,175.386,106.200,311.550,0.000,-20.883,-5.155,4.614
4.000,178.000,60.600,311.440,0.000,-12.185,-5.153,2.000
4.020,178.462,0.000,310.891,-78.000,0.652,11.883,1.538
4.040,178.440,0.000,308.716,-24.000,0.661,0.131,1.560
4.060,178.440,4.200,308.672,-4.800,-0.242,-4.059,1.560
4.080,178.440,0.000,308.650,0.000,0.661,-5.107,1.560
4.100,178.440,0.000,308.584,-10.200,0.661,-2.879,1.560
4.120,178.440,0.000,308.474,-0.600,0.661,-4.973,1.560
4.140,178.440,-4.800,308.364,-5.400,1.693,-3.923,1.560
4.160,178.440,0.000,308.210,-16.200,0.661,-1.563,1.560
4.180,178.440,0.000,308.079,-15.600,0.661,-1.692,1.560
4.200,178.440,0.000,308.013,0.000,0.661,-5.096,1.560
4.220,178.462,4.800,307.947,-11.400,-0.381,-2.607,1.538
4.240,178.440,0.000,307.859,-10.200,0.661,-2.867,1.560
4.260,178.440,0.000,307.771,-4.800,0.661,-4.045,1.560
4.280,178.440,0.000,307.683,-5.400,0.661,-3.912,1.560
4.300,178.440,-4.800,307.551,-6.000,1.693,-3.779,1.560
4.320,178.440,0.000,306.409,-155.400,0.661,28.852,1.560
4.340,178.440,0.000,304.958,0.000,0.661,-5.046,1.560
4.360,178.440,0.000,304.980,0.000,0.661,-5.046,1.560
4.380,178.440,0.000,304.980,0.000,0.661,-5.046,1.560
4.400,178.440,0.000,304.958,0.000,0.661,-5.046,1.560
4.420,178.440,0.000,304.937,0.000,0.661,-5.045,1.560
4.440,178.440,0.000,304.915,0.000,0.661,-5.045,1.560
4.460,178.440,0.000,304.915,0.000,0.661,-5.045,1.560
4.480,178.440,0.000,304.893,0.000,0.661,-5.045,1.560
4.500,178.440,0.000,304.871,0.000,0.661,-5.044,1.560
4.520,178.440,5.400,304.849,0.000,-0.500,-5.044,1.560
4.540,178.440,0.000,304.805,0.000,0.661,-5.043,1.560
4.560,178.440,0.000,304.783,0.000,0.661,-5.043,1.560
4.580,178.440,0.000,304.739,0.000,0.661,-5.042,1.560
4.600,178.440,0.000,304.607,-11.400,0.661,-2.551,1.560
4.620,178.440,-4.800,302.476,-169.200,1.693,31.930,1.560
4.640,178.440,0.000,301.267,6.000,0.661,-6.294,1.560
4.660,178.440,0.000,301.289,0.000,0.661,-4.985,1.560
4.680,178.440,0.000,301.267,0.000,0.661,-4.985,1.560
4.700,178.440,0.000,301.267,0.000,0.661,-4.985,1.560
4.720,178.440,0.000,301.245,0.000,0.661,-4.984,1.560
4.740,178.440,0.000,301.245,0.000,0.661,-4.984,1.560
4.760,178.440,-5.400,301.223,0.000,1.822,-4.984,1.560
4.780,178.440,0.000,301.201,0.000,0.661,-4.984,1.560
4.800,178.440,0.000,301.179,0.000,0.661,-4.983,1.560
4.820,178.462,0.000,301.135,-5.400,0.652,-3.804,1.538
4.840,178.440,0.000,301.091,0.000,0.661,-4.982,1.560
4.860,178.440,0.000,301.047,0.000,0.661,-4.981,1.560
4.880,178.462,0.000,300.959,-10.800,0.652,-2.622,1.538
4.900,178.462,0.000,300.674,-40.200,0.652,3.800,1.538
4.920,178.462,0.000,298.916,-58.200,0.652,7.759,1.538
4.940,178.462,4.800,298.323,-27.000,-0.381,0.958,1.538
4.960,178.440,-5.400,298.235,0.000,1.822,-4.935,1.560
4.980,178.440,0.000,298.191,-1.200,0.661,-4.672,1.560
5.000,178.462,4.800,298.037,-0.600,-0.381,-4.800,1.538
5.020,178.462,0.000,297.729,-23.400,0.652,0.182,1.538
5.040,178.462,0.000,296.917,-36.600,0.652,3.077,1.538
5.060,178.462,0.000,296.521,-6.000,0.652,-3.596,1.538
5.080,178.462,4.800,296.433,-4.800,-0.381,-3.857,1.538
5.100,178.440,0.000,296.389,-0.600,0.661,-4.773,1.560
5.120,178.440,0.000,296.367,0.000,0.661,-4.904,1.560
5.140,178.440,0.000,296.301,-16.200,0.661,-1.366,1.560
5.160,178.440,0.000,296.257,-4.800,0.661,-3.854,1.560
5.180,178.462,0.000,296.235,0.000,0.652,-4.901,1.538
5.200,178.462,0.000,296.169,-4.800,0.652,-3.853,1.538
5.220,178.462,0.000,296.125,-5.400,0.652,-3.721,1.538
5.240,178.462,0.000,296.060,-0.600,0.652,-4.768,1.538
5.260,178.484,0.000,295.994,-1.200,0.642,-4.635,1.516
5.280,178.484,4.800,295.928,-5.400,-0.390,-3.718,1.516
5.300,178.484,0.000,295.774,-16.200,0.642,-1.358,1.516
5.320,178.484,0.000,294.280,-131.400,0.642,23.814,1.516
5.340,178.484,0.000,293.467,10.200,0.642,-7.082,1.516
5.360,178.484,0.000,293.467,0.000,0.642,-4.856,1.516
5.380,178.506,0.000,293.445,0.000,0.633,-4.855,1.494
5.400,178.506,4.800,293.423,-4.800,-0.399,-3.807,1.494
5.420,178.506,0.000,293.423,0.000,0.633,-4.855,1.494
5.440,178.506,0.000,293.401,-4.800,0.633,-3.807,1.494
5.460,178.506,0.000,293.379,0.000,0.633,-4.854,1.494
5.480,178.506,0.000,293.357,0.000,0.633,-4.854,1.494
5.500,178.506,0.000,293.335,0.000,0.633,-4.853,1.494
5.520,178.506,0.000,293.313,0.000,0.633,-4.853,1.494
5.540,178.506,0.000,293.291,0.000,0.633,-4.853,1.494
5.560,178.506,0.000,293.269,0.000,0.633,-4.852,1.494
5.580,178.506,0.000,293.225,-5.400,0.633,-3.673,1.494
5.600,178.484,-4.800,293.159,-0.600,1.674,-4.720,1.516
5.620,178.506,0.000,293.027,-16.200,0.633,-1.312,1.494
5.640,178.506,0.000,291.841,-141.000,0.633,25.950,1.494
5.660,178.506,0.000,290.500,-0.600,0.633,-4.676,1.494
5.680,178.506,0.000,290.500,0.000,0.633,-4.807,1.494
5.700,178.506,0.000,290.500,0.000,0.633,-4.807,1.494
5.720,178.506,0.000,290.457,0.000,0.633,-4.806,1.494
5.740,178.506,0.000,290.413,0.000,0.633,-4.805,1.494
5.760,178.506,0.000,290.347,-4.800,0.633,-3.756,1.494
5.780,178.506,4.800,290.259,0.000,-0.399,-4.803,1.494
5.800,178.506,0.000,290.171,0.000,0.633,-4.801,1.494
5.820,178.506,0.000,290.061,-10.800,0.633,-2.442,1.494
5.840,178.506,0.000,289.907,-1.800,0.633,-4.404,1.494
5.860,178.506,0.000,288.765,-141.600,0.633,26.132,1.494
5.880,178.506,0.000,287.249,4.800,0.633,-5.801,1.494
5.900,178.506,0.000,287.249,-5.400,0.633,-3.574,1.494
5.920,178.506,0.000,287.227,0.000,0.633,-4.752,1.494
5.940,178.506,0.000,287.205,0.000,0.633,-4.752,1.494
5.960,178.506,0.000,287.183,-4.800,0.633,-3.704,1.494
5.980,178.506,-10.200,287.161,0.000,2.826,-4.751,1.494
6.000,178.506,0.000,287.117,0.000,0.633,-4.751,1.494
6.020,178.506,0.000,287.095,-5.400,0.633,-3.571,1.494
6.040,178.506,0.000,287.051,0.000,0.633,-4.749,1.494
6.060,178.506,0.000,286.963,-5.400,0.633,-3.569,1.494
6.080,178.506,0.000,286.436,-63.000,0.633,9.013,1.494
6.100,178.506,0.000,285.403,-0.600,0.633,-4.591,1.494
6.120,178.506,0.000,285.403,-4.800,0.633,-3.674,1.494
6.140,178.506,0.000,285.381,0.000,0.633,-4.722,1.494
6.160,178.506,0.000,285.337,-4.800,0.633,-3.673,1.494
6.180,178.506,0.000,285.293,-10.800,0.633,-2.363,1.494
6.200,178.506,0.000,285.249,-4.800,0.633,-3.672,1.494
6.220,178.506,0.000,285.227,0.000,0.633,-4.719,1.494
6.241,178.506,0.000,285.139,-0.600,0.633,-4.587,1.494
6.261,178.506,0.000,285.073,0.000,0.633,-4.717,1.494
6.280,178.506,0.000,285.007,0.000,0.633,-4.716,1.494
6.300,178.506,0.000,284.963,0.000,0.633,-4.715,1.494
6.320,178.506,0.000,284.919,-4.800,0.633,-3.666,1.494
6.341,178.506,0.000,284.875,-5.400,0.633,-3.535,1.494
6.361,178.506,0.000,284.810,-10.200,0.633,-2.486,1.494
6.380,178.506,0.000,284.766,0.000,0.633,-4.712,1.494
6.400,178.506,5.400,284.722,0.000,-0.528,-4.711,1.494
6.420,178.506,0.000,284.546,-7.200,0.633,-3.136,1.494
6.441,178.506,0.000,282.502,-147.600,0.633,27.545,1.494
6.460,178.506,0.000,281.052,-1.200,0.633,-4.388,1.494
6.480,178.506,0.000,281.052,0.000,0.633,-4.650,1.494
6.500,178.506,0.000,281.030,0.000,0.633,-4.650,1.494
6.520,178.484,0.000,280.986,0.000,0.642,-4.649,1.516
6.540,178.506,0.000,280.942,0.000,0.633,-4.648,1.494
6.560,178.506,0.000,280.876,0.000,0.633,-4.647,1.494
6.580,178.506,0.000,280.811,0.000,0.633,-4.646,1.494
6.600,178.484,0.000,280.745,0.000,0.642,-4.645,1.516
6.620,178.506,0.000,280.613,-10.800,0.633,-2.285,1.494
6.640,178.506,10.800,280.283,-28.800,-1.690,1.649,1.494
6.660,178.506,0.000,279.250,-46.200,0.633,5.465,1.494
6.680,178.506,0.000,278.899,0.000,0.633,-4.615,1.494
6.700,178.506,0.000,278.877,-5.400,0.633,-3.435,1.494
6.720,178.506,5.400,278.877,0.000,-0.528,-4.614,1.494
6.740,178.506,0.000,278.833,0.000,0.633,-4.613,1.494
6.760,178.484,0.000,278.833,0.000,0.642,-4.613,1.516
6.780,178.484,0.000,278.789,-5.400,0.642,-3.434,1.516
6.800,178.484,0.000,278.767,-4.800,0.642,-3.565,1.516
6.820,178.484,0.000,278.745,-5.400,0.642,-3.433,1.516
6.840,178.506,0.000,278.701,0.000,0.633,-4.611,1.494
6.860,178.484,0.000,278.657,-15.600,0.642,-1.205,1.516
6.880,178.484,0.000,278.547,-1.200,0.642,-4.347,1.516
6.900,178.484,0.000,278.394,-11.400,0.642,-2.118,1.516
6.920,178.484,0.000,277.273,-105.000,0.642,18.333,1.516
6.940,178.484,0.000,276.768,0.000,0.642,-4.579,1.516
6.960,178.506,0.000,276.746,-4.800,0.633,-3.531,1.494
6.980,178.506,0.000,276.746,0.000,0.633,-4.579,1.494
7.000,178.506,5.400,276.746,0.000,-0.528,-4.579,1.494
7.020,178.506,0.000,276.724,0.000,0.633,-4.579,1.494
7.040,178.506,0.000,276.680,0.000,0.633,-4.578,1.494
7.060,178.506,0.000,276.636,0.000,0.633,-4.577,1.494
7.080,178.506,0.000,276.548,-5.400,0.633,-3.397,1.494
7.100,178.506,0.000,276.460,-10.800,0.633,-2.217,1.494
7.120,178.506,0.000,276.394,0.000,0.633,-4.573,1.494
7.140,178.506,4.800,276.350,-5.400,-0.399,-3.394,1.494
7.160,178.506,0.000,276.284,-4.800,0.633,-3.524,1.494
7.180,178.506,0.000,276.218,-10.800,0.633,-2.213,1.494
7.200,178.506,0.000,276.174,-5.400,0.633,-3.391,1.494
7.220,178.506,0.000,276.108,-0.600,0.633,-4.437,1.494
7.240,178.550,0.600,275.999,-5.400,0.485,-3.388,1.450
7.260,178.682,5.400,275.537,-62.400,-0.603,9.062,1.318
7.280,178.792,0.000,272.725,-106.800,0.512,18.801,1.208
7.300,178.879,0.600,271.099,-14.400,0.346,-1.342,1.121
7.321,179.077,16.800,271.033,0.000,-3.222,-4.484,0.923
7.340,179.473,34.200,271.011,0.000,-7.131,-4.484,0.527
7.360,180.176,17.400,270.967,0.000,-3.816,-4.483,0.176
7.380,180.352,5.400,270.945,-5.400,-1.310,-3.304,0.352
7.400,180.923,46.200,270.923,0.000,-10.326,-4.483,0.923
7.420,181.868,29.400,270.901,0.000,-7.113,-4.482,1.868
7.440,182.373,28.200,270.879,0.000,-7.069,-4.482,2.373
7.460,182.549,5.400,270.835,0.000,-2.241,-4.481,2.549
7.480,182.571,0.000,270.791,0.000,-1.089,-4.480,2.571
7.501,182.747,11.400,270.725,-6.000,-3.615,-3.170,2.747
7.520,182.812,0.000,270.637,-10.200,-1.191,-2.251,2.812
7.540,182.988,6.000,269.934,-91.800,-2.556,15.573,2.988
7.560,183.274,22.200,268.879,5.400,-6.161,-5.628,3.274
7.580,183.735,18.000,268.879,-5.400,-5.453,-3.270,3.735
7.600,183.999,5.400,268.857,0.000,-2.855,-4.448,3.999
7.621,184.065,0.000,268.835,0.000,-1.722,-4.448,4.065
7.640,184.175,5.400,268.792,0.000,-2.930,-4.447,4.175
7.660,184.285,0.600,268.770,0.000,-1.944,-4.447,4.285
7.680,184.351,10.200,268.704,-5.400,-4.036,-3.267,4.351
7.700,184.526,16.200,268.616,-11.400,-5.401,-1.956,4.526
7.720,184.812,16.200,268.550,-4.800,-5.522,-3.396,4.812
7.740,185.164,13.200,268.440,-10.800,-5.026,-2.084,5.164
7.760,185.449,10.800,268.308,-0.600,-4.631,-4.308,5.449
7.780,185.449,-5.400,268.000,-34.800,-1.147,3.162,5.449
7.801,185.427,0.000,267.012,-13.200,-2.299,-1.536,5.427
7.820,185.471,0.000,266.968,0.000,-2.318,-4.417,5.471
7.840,185.537,0.000,266.924,0.000,-2.345,-4.416,5.537
7.860,185.603,0.000,266.858,-5.400,-2.373,-3.237,5.603
7.880,185.713,10.800,266.748,-5.400,-4.742,-3.235,5.713
7.900,185.823,4.800,266.660,-16.200,-3.499,-0.876,5.823
7.920,185.823,0.000,266.616,0.000,-2.466,-4.411,5.823
7.940,185.845,0.000,266.594,0.000,-2.476,-4.411,5.845
7.960,185.823,0.000,266.550,0.000,-2.466,-4.410,5.823
7.980,185.845,0.000,266.484,-5.400,-2.476,-3.230,5.845
8.000,185.823,0.000,266.418,-0.600,-2.466,-4.277,5.823
8.021,185.845,0.000,266.353,0.000,-2.476,-4.407,5.845
8.041,185.823,0.000,266.287,0.000,-2.466,-4.406,5.823
8.060,185.801,0.000,266.199,-4.800,-2.457,-3.357,5.801
8.080,185.823,0.000,266.023,-11.400,-2.466,-1.913,5.823
8.100,185.845,0.000,263.936,-123.600,-2.476,22.613,5.845
8.120,185.823,0.000,262.859,0.000,-2.466,-4.349,5.823
8.140,185.823,0.000,262.881,0.000,-2.466,-4.350,5.823
8.160,185.801,0.000,262.859,0.000,-2.457,-4.349,5.801
8.180,185.713,-10.800,262.859,0.000,-0.097,-4.349,5.713
8.200,185.405,-22.800,262.815,0.000,2.613,-4.348,5.405
8.220,184.438,-76.800,262.771,-5.400,14.635,-3.169,4.438
8.241,183.054,-52.800,262.771,0.000,10.060,-4.348,3.054
8.260,182.395,-33.600,262.749,0.000,6.211,-4.347,2.395
8.280,181.780,-55.800,262.727,-4.800,11.245,-3.299,1.780
8.300,180.725,-40.200,262.683,0.000,8.338,-4.346,0.725
8.320,180.286,-22.200,262.661,0.000,4.653,-4.346,0.286
8.341,179.978,-6.600,262.595,0.000,1.429,-4.345,0.022
8.360,179.692,-11.400,262.529,0.000,2.582,-4.344,0.308
8.380,179.517,-10.800,262.332,-22.200,2.527,0.506,0.483
8.400,179.055,-52.200,261.255,-100.800,11.625,17.681,0.945
8.420,178.198,-10.800,260.420,-5.400,3.086,-3.130,1.802
8.440,178.132,0.000,260.420,4.800,0.791,-5.357,1.868
8.460,178.044,0.000,260.398,0.000,0.828,-4.308,1.956
8.480,178.000,0.000,260.354,0.000,0.847,-4.308,2.000
8.500,177.979,0.000,260.310,-5.400,0.856,-3.128,2.021
8.520,177.935,0.000,260.288,0.000,0.875,-4.307,2.065
8.540,177.847,-4.800,260.266,0.000,1.944,-4.306,2.153
8.560,177.759,-5.400,260.222,-4.800,2.111,-3.258,2.241
8.580,177.627,-5.400,260.156,-5.400,2.166,-3.126,2.373
8.600,177.451,-6.600,260.090,0.000,2.499,-4.303,2.549
8.620,176.199,-69.600,259.893,-7.800,16.577,-2.597,3.801
8.640,175.430,-12.600,258.201,-114.600,4.645,20.744,4.570
8.660,175.364,0.000,255.828,-94.200,1.964,16.330,4.636
8.680,175.364,0.000,255.322,0.000,1.964,-4.224,4.636
8.700,175.342,-4.800,255.344,0.000,3.005,-4.225,4.658
8.720,175.342,-10.800,255.322,0.000,4.296,-4.224,4.658
8.740,175.342,0.000,255.300,0.000,1.973,-4.224,4.658
8.760,175.342,0.000,255.256,-4.800,1.973,-3.176,4.658
8.780,175.342,0.000,255.234,0.000,1.973,-4.223,4.658
8.800,175.364,0.000,255.212,0.000,1.964,-4.223,4.636
8.820,175.386,0.000,255.168,0.000,1.955,-4.222,4.614
8.840,175.408,0.000,255.125,0.000,1.945,-4.221,4.592
8.860,175.408,0.000,255.037,0.000,1.945,-4.220,4.592
8.880,175.430,0.000,254.927,-0.600,1.936,-4.087,4.570
8.900,175.430,0.000,254.597,-31.200,1.936,2.598,4.570
8.920,175.452,0.000,253.147,-13.800,1.927,-1.176,4.548
8.940,175.474,0.000,253.125,0.000,1.917,-4.188,4.526
8.960,175.474,0.000,253.103,0.000,1.917,-4.188,4.526
8.980,175.496,0.000,253.081,0.000,1.908,-4.187,4.504
9.000,175.518,0.000,253.059,0.000,1.899,-4.187,4.482
9.021,175.540,0.000,253.015,0.000,1.889,-4.186,4.460
9.040,175.583,0.000,252.971,0.000,1.871,-4.186,4.417
9.060,175.605,0.000,252.927,0.000,1.861,-4.185,4.395
9.080,175.671,10.200,252.839,-5.400,-0.360,-3.005,4.329
9.100,175.671,-10.200,252.642,-10.800,4.027,-1.823,4.329
9.120,175.671,4.800,251.609,-128.400,0.801,23.865,4.329
9.140,175.671,5.400,250.774,5.400,0.672,-5.328,4.329
9.160,175.671,0.000,250.774,0.000,1.834,-4.149,4.329
9.180,175.671,0.000,250.774,0.000,1.834,-4.149,4.329
9.200,175.671,0.000,250.752,0.000,1.834,-4.149,4.329
9.220,175.671,0.000,250.752,-5.400,1.834,-2.970,4.329
9.240,175.671,0.000,250.730,0.000,1.834,-4.149,4.329
9.260,175.693,10.800,250.708,0.000,-0.498,-4.148,4.307
9.280,175.671,0.000,250.686,0.000,1.834,-4.148,4.329
9.300,175.671,0.000,250.664,-5.400,1.834,-2.969,4.329
9.320,175.671,4.800,250.642,0.000,0.801,-4.147,4.329
9.340,175.693,0.000,250.598,-4.800,1.824,-3.099,4.307
9.360,175.693,0.000,250.576,0.000,1.824,-4.146,4.307
9.380,175.693,0.000,250.510,0.000,1.824,-4.145,4.307
9.400,175.693,0.000,250.400,-10.800,1.824,-1.786,4.307
9.420,175.693,0.000,250.312,0.000,1.824,-4.142,4.307
9.440,175.671,-4.800,250.269,-0.600,2.866,-4.010,4.329
9.460,175.693,0.000,250.159,-5.400,1.824,-2.960,4.307
9.480,175.693,0.000,249.104,-164.400,1.824,31.765,4.307
9.500,175.693,5.400,247.720,11.400,0.663,-6.587,4.307
9.520,175.693,0.000,247.720,0.000,1.824,-4.099,4.307
9.540,175.693,0.000,247.720,0.000,1.824,-4.099,4.307
9.560,175.693,0.000,247.698,0.000,1.824,-4.098,4.307
9.580,175.693,0.000,247.698,0.000,1.824,-4.098,4.307
9.600,175.693,-4.200,247.654,-5.400,2.727,-2.919,4.307
9.620,175.693,0.000,247.632,0.000,1.824,-4.097,4.307
9.640,175.693,0.000,247.610,-5.400,1.824,-2.918,4.307
9.660,175.715,0.000,247.566,0.000,1.815,-4.096,4.285
9.680,175.693,0.000,247.522,-4.800,1.824,-3.048,4.307
9.700,175.715,0.000,247.412,-0.600,1.815,-3.963,4.285
9.720,175.715,0.000,247.302,-5.400,1.815,-2.913,4.285
9.740,175.759,0.600,247.148,-6.600,1.667,-2.649,4.241
9.760,175.891,0.600,246.577,-57.600,1.611,8.494,4.109
9.780,178.879,189.600,245.654,-12.000,-40.297,-1.445,1.121
9.800,180.703,1.800,245.632,-5.400,-0.685,-2.885,0.703
9.820,180.747,15.600,245.632,0.000,-3.671,-4.064,0.747
9.840,180.769,4.800,245.610,0.000,-1.358,-4.064,0.769
9.860,180.813,0.000,245.588,0.000,-0.344,-4.063,0.813
9.880,180.835,0.000,245.544,0.000,-0.354,-4.063,0.835
9.900,180.857,6.000,245.500,-0.600,-1.653,-3.931,0.857
9.920,181.165,29.400,245.457,0.000,-6.816,-4.061,1.165
9.940,182.285,42.000,245.391,-4.800,-10.000,-3.012,2.285
9.960,182.703,15.600,245.303,-4.800,-4.499,-3.011,2.703
9.980,182.922,22.200,245.237,-4.800,-6.012,-3.010,2.922
10.001,183.230,23.400,245.193,-0.600,-6.400,-3.926,3.230
10.020,183.647,24.000,245.127,-4.800,-6.706,-3.008,3.647
10.040,184.570,40.800,245.017,-5.400,-10.710,-2.875,4.570
10.060,185.164,28.200,244.666,-40.200,-8.251,4.727,5.164
10.080,185.273,0.000,242.534,-116.400,-2.234,21.396,5.273
10.100,185.295,0.000,240.996,-25.200,-2.243,1.513,5.295
10.120,185.339,10.800,240.886,0.000,-4.584,-3.986,5.339
10.140,185.691,22.200,240.864,0.000,-7.185,-3.985,5.691
10.160,186.416,24.000,240.820,-5.400,-7.879,-2.806,6.416
10.180,186.812,7.200,240.798,0.000,-4.434,-3.984,6.812
10.200,187.141,28.800,240.754,0.000,-9.218,-3.983,7.141
10.220,187.515,6.600,240.645,-10.200,-4.602,-1.755,7.515
10.240,187.734,11.400,240.381,-7.200,-5.728,-2.406,7.734
10.260,188.152,24.000,239.150,-100.200,-8.614,17.916,8.152
10.280,188.503,12.000,238.447,0.000,-6.182,-3.945,8.503
10.300,188.723,10.800,238.447,0.000,-6.018,-3.945,8.723
10.320,188.767,-5.400,238.403,0.000,-2.552,-3.945,8.767
10.340,188.811,0.000,238.381,-4.800,-3.732,-2.896,8.811
10.360,188.855,6.000,238.359,0.000,-5.041,-3.944,8.855
10.380,189.031,10.200,238.381,0.000,-6.019,-3.944,9.031
10.400,189.053,0.000,238.381,0.000,-3.835,-3.944,9.053
10.420,189.031,0.000,238.359,0.000,-3.825,-3.944,9.031
10.440,188.965,-1.200,238.359,0.000,-3.539,-3.944,8.965
10.460,188.833,-6.000,238.337,0.000,-2.451,-3.943,8.833
10.480,188.701,-0.600,238.337,-4.800,-3.557,-2.896,8.701
10.500,188.569,-5.400,238.315,0.000,-2.469,-3.943,8.569
10.520,188.350,-16.200,238.293,0.000,-0.053,-3.943,8.350
10.540,184.856,-301.200,238.271,-10.200,62.714,-1.716,4.856
10.560,180.242,-87.600,238.228,0.000,18.735,-3.942,0.242
10.580,179.890,-10.800,238.206,-4.800,2.369,-2.893,0.110
10.600,179.758,0.000,238.140,0.000,0.102,-3.940,0.242
10.620,179.648,-10.800,237.986,-16.200,2.471,-0.401,0.352
10.640,179.648,0.000,236.667,-136.200,0.149,25.815,0.352
10.660,179.692,4.800,236.228,0.000,-0.902,-3.909,0.308
10.680,179.692,5.400,236.228,0.600,-1.031,-4.040,0.308
10.700,179.648,-15.600,236.228,0.000,3.504,-3.909,0.352
10.720,179.626,0.000,236.228,0.000,0.158,-3.909,0.374
10.740,179.583,-4.800,236.206,0.000,1.209,-3.908,0.417
10.760,179.517,0.000,236.206,0.000,0.205,-3.908,0.483
10.780,179.517,0.600,236.206,0.000,0.076,-3.908,0.483
10.800,179.495,0.000,236.184,0.000,0.214,-3.908,0.505
10.820,179.495,0.000,236.184,-4.800,0.214,-2.860,0.505
10.840,179.495,0.000,236.162,0.000,0.214,-3.907,0.505
10.860,179.495,0.000,236.162,0.000,0.214,-3.907,0.505
10.880,179.495,0.000,236.140,0.000,0.214,-3.907,0.505
10.900,179.451,0.000,236.140,0.000,0.233,-3.907,0.549
10.920,178.506,-121.800,236.096,-6.000,26.825,-2.597,1.494
10.940,176.748,-79.800,236.096,0.000,18.538,-3.906,3.252
10.960,175.210,-87.600,236.074,-4.800,20.867,-2.858,4.790
10.980,173.848,-66.000,236.052,0.000,16.799,-3.906,6.152
11.000,172.705,-63.600,236.030,0.000,16.767,-3.905,7.295
11.020,171.519,-59.400,235.986,0.000,16.366,-3.905,8.481
11.040,170.156,-66.000,235.920,0.000,18.363,-3.903,9.844
11.060,168.860,-61.200,235.854,-10.200,17.879,-1.676,11.140
11.080,167.783,-35.400,235.789,0.000,12.787,-3.901,12.217
11.101,167.278,-18.000,235.767,0.000,9.260,-3.901,12.722
11.120,167.014,-10.800,235.723,-5.400,7.823,-2.721,12.986
11.140,166.882,-11.400,235.657,-0.600,8.008,-3.768,13.118
11.160,166.729,-10.800,235.547,-6.000,7.944,-2.588,13.271
11.180,166.421,-18.000,234.053,-153.000,9.623,29.526,13.579
11.200,165.762,-33.600,233.218,10.800,13.257,-6.216,14.238
11.220,165.476,-6.000,233.218,0.000,7.442,-3.859,14.524
11.240,165.322,-10.800,233.218,0.000,8.540,-3.859,14.678
11.260,165.190,-10.800,233.218,0.000,8.596,-3.859,14.810
11.280,165.146,0.000,233.196,0.000,6.292,-3.858,14.854
11.300,165.190,0.000,233.196,0.000,6.273,-3.858,14.810
11.320,165.256,0.000,233.174,0.000,6.245,-3.858,14.744
11.340,165.476,12.000,233.152,0.000,3.572,-3.858,14.524
11.360,166.091,57.600,233.152,5.400,-6.495,-5.036,13.909
11.380,167.695,109.200,233.130,0.000,-18.270,-3.857,12.305
11.400,171.057,230.400,233.108,0.000,-45.758,-3.857,8.943
11.420,174.858,105.600,233.086,0.000,-20.531,-3.857,5.142
11.440,176.638,117.000,233.042,-5.400,-23.736,-2.677,3.362
11.460,179.583,165.000,233.020,0.000,-35.305,-3.855,0.417
11.480,181.692,40.800,232.976,-5.400,-9.490,-2.676,1.692
11.500,181.736,0.000,232.910,-5.400,-0.735,-2.675,1.736
11.520,181.714,0.000,232.822,-0.600,-0.726,-3.721,1.714
11.540,181.692,0.000,232.690,-10.800,-0.717,-1.493,1.692
11.560,181.670,-4.800,231.482,-125.400,0.325,23.543,1.670
11.580,181.626,0.000,230.515,10.800,-0.689,-6.172,1.626
11.600,181.780,22.800,230.493,0.000,-5.657,-3.814,1.780
11.620,183.142,103.200,230.493,0.000,-23.523,-3.814,3.142
11.640,185.537,100.800,230.493,0.000,-24.022,-3.814,5.537
11.660,187.625,87.600,230.471,0.000,-22.067,-3.813,7.625
11.680,189.229,66.000,230.471,0.000,-18.102,-3.813,9.229
11.701,190.613,66.600,230.449,0.000,-18.817,-3.813,10.613
11.720,192.129,88.200,230.427,0.000,-24.104,-3.813,12.129
11.740,193.777,69.000,230.427,0.000,-20.674,-3.813,13.777
11.760,195.073,48.000,230.405,0.000,-16.707,-3.812,15.073
11.780,196.062,47.400,230.383,-10.200,-16.997,-1.585,16.062
11.800,197.095,52.200,230.361,5.400,-18.466,-4.990,17.095
11.820,197.864,18.000,230.339,-4.800,-11.438,-2.763,17.864
11.840,198.083,0.600,230.317,5.400,-7.789,-4.990,18.083
11.860,198.040,-4.800,230.295,0.000,-6.609,-3.810,18.040
11.880,197.930,-6.600,230.229,0.000,-6.176,-3.809,17.930
11.900,197.688,-12.600,230.164,0.000,-4.783,-3.808,17.688
11.920,197.227,-34.800,230.098,0.000,0.186,-3.807,17.227
11.940,196.194,-80.400,230.010,-0.600,10.430,-3.675,16.194
11.960,193.162,-220.800,229.834,-17.400,41.906,-0.005,13.162
11.980,188.767,-175.200,227.549,-138.000,33.962,26.359,8.767
12.000,186.482,-111.000,225.593,-37.200,21.124,4.388,6.482
12.020,183.560,-175.800,225.527,0.000,36.297,-3.732,3.560
12.040,180.396,-128.400,225.527,0.000,27.444,-3.732,0.396
12.060,178.154,-99.000,225.505,0.000,22.071,-3.731,1.846
12.080,176.331,-89.400,225.483,0.000,20.779,-3.731,3.669
12.100,174.683,-66.600,225.439,0.000,16.574,-3.730,5.317
12.120,173.628,-48.600,225.396,0.000,13.150,-3.729,6.372
12.140,173.232,-15.600,225.352,-4.800,6.221,-2.681,6.768
12.160,173.232,0.000,225.286,0.000,2.867,-3.728,6.768
12.180,173.167,-5.400,225.198,-10.800,4.056,-1.369,6.833
12.200,172.947,-5.400,225.044,-6.000,4.149,-2.414,7.053
12.220,172.947,0.000,224.495,-79.800,2.988,13.705,7.053
12.240,172.969,0.000,222.341,-47.400,2.978,6.668,7.031
12.261,173.079,0.600,222.100,0.000,2.803,-3.675,6.921
12.281,173.408,18.000,222.078,0.000,-1.079,-3.674,6.592
12.301,174.045,73.800,222.078,0.000,-13.348,-3.674,5.955
12.320,176.199,115.200,222.056,0.000,-23.163,-3.674,3.801
12.340,178.396,109.200,222.034,0.000,-22.803,-3.674,1.604
12.360,180.110,42.600,222.012,0.000,-9.207,-3.673,0.110
12.380,180.198,-5.400,222.012,0.000,1.077,-3.673,0.198
12.400,180.176,0.000,221.968,0.000,-0.074,-3.673,0.176
12.420,180.176,0.000,221.946,0.000,-0.074,-3.672,0.176
12.440,180.176,0.000,221.924,0.000,-0.074,-3.672,0.176
12.460,180.176,0.000,221.880,0.000,-0.074,-3.671,0.176
12.480,180.176,0.000,221.814,0.000,-0.074,-3.670,0.176
12.500,180.176,0.000,221.726,0.000,-0.074,-3.669,0.176
12.520,180.176,0.000,221.660,-6.000,-0.074,-2.358,0.176
12.540,180.176,0.000,221.616,0.000,-0.074,-3.667,0.176
12.560,180.176,0.000,221.572,0.000,-0.074,-3.666,0.176
12.580,180.176,0.000,221.528,0.000,-0.074,-3.665,0.176
12.600,180.176,0.000,221.396,-0.600,-0.074,-3.532,0.176
12.620,180.176,4.800,220.210,-121.200,-1.107,22.813,0.176
12.640,180.176,0.000,219.507,0.000,-0.074,-3.632,0.176
12.660,180.176,0.000,219.507,0.000,-0.074,-3.632,0.176
12.680,180.176,0.000,219.529,0.000,-0.074,-3.632,0.176
12.700,180.176,0.000,219.507,-4.800,-0.074,-2.584,0.176
12.720,180.176,0.000,219.507,-5.400,-0.074,-2.453,0.176
12.740,180.176,-4.800,219.507,-4.800,0.958,-2.584,0.176
12.760,180.176,0.000,219.507,0.000,-0.074,-3.632,0.176
12.780,180.176,0.000,219.485,0.000,-0.074,-3.632,0.176
12.800,180.176,0.000,219.485,0.000,-0.074,-3.632,0.176
12.820,180.176,0.000,219.485,4.800,-0.074,-4.679,0.176
12.840,180.154,-4.800,219.463,0.000,0.967,-3.631,0.154
12.860,180.176,0.000,219.441,0.000,-0.074,-3.631,0.176
12.880,180.154,0.000,219.441,0.000,-0.065,-3.631,0.154
12.900,180.176,0.000,219.419,4.800,-0.074,-4.678,0.176
12.920,180.176,4.800,219.375,10.800,-1.107,-5.987,0.176
12.940,180.176,0.000,219.353,0.000,-0.074,-3.629,0.176
12.960,180.154,0.000,219.331,0.000,-0.065,-3.629,0.154
12.980,180.154,0.000,219.309,0.000,-0.065,-3.629,0.154
13.000,180.176,0.000,219.287,5.400,-0.074,-4.807,0.176
13.020,180.154,0.000,219.243,0.000,-0.065,-3.628,0.154
13.040,180.154,0.000,219.177,-5.400,-0.065,-2.448,0.154
13.061,180.154,0.000,219.089,-4.800,-0.065,-2.577,0.154
13.080,180.154,0.000,218.826,-22.800,-0.065,1.356,0.154
13.100,180.154,0.000,217.375,-34.200,-0.065,3.869,0.154
13.120,180.154,0.000,217.288,0.000,-0.065,-3.595,0.154
13.140,180.154,0.000,217.266,0.000,-0.065,-3.595,0.154
13.161,180.154,0.000,217.244,0.000,-0.065,-3.594,0.154
13.180,180.154,0.000,217.244,0.000,-0.065,-3.594,0.154
13.200,180.154,0.000,217.200,0.000,-0.065,-3.594,0.154
13.220,180.154,0.000,217.178,-4.800,-0.065,-2.546,0.154
13.240,180.154,0.000,217.178,0.000,-0.065,-3.593,0.154
13.260,180.154,0.000,217.156,0.000,-0.065,-3.593,0.154
13.280,180.176,0.000,217.112,0.000,-0.074,-3.592,0.176
13.300,180.154,0.000,217.068,-5.400,-0.065,-2.413,0.154
13.320,180.154,0.000,216.980,0.000,-0.065,-3.590,0.154
13.340,180.154,0.000,216.914,-10.800,-0.065,-1.231,0.154
13.360,180.154,0.000,216.892,0.000,-0.065,-3.589,0.154
13.380,180.154,0.000,216.848,-10.800,-0.065,-1.230,0.154
13.400,180.154,4.800,216.826,0.000,-1.097,-3.588,0.154
13.420,180.154,0.000,216.804,0.000,-0.065,-3.587,0.154
13.440,180.154,0.000,216.760,0.000,-0.065,-3.586,0.154
13.460,180.154,0.000,216.650,-4.800,-0.065,-2.537,0.154
13.480,180.154,0.000,215.684,-156.000,-0.065,30.484,0.154
13.500,180.154,0.000,213.684,-16.200,-0.065,0.001,0.154
13.520,180.154,0.000,213.706,5.400,-0.065,-4.715,0.154
13.540,180.154,0.000,213.706,0.000,-0.065,-3.536,0.154
13.560,180.154,0.000,213.684,0.000,-0.065,-3.536,0.154
13.580,180.154,0.000,213.662,0.000,-0.065,-3.535,0.154
13.600,180.154,4.800,213.640,0.000,-1.097,-3.535,0.154
13.620,180.154,0.000,213.640,-4.800,-0.065,-2.487,0.154
13.640,180.154,0.000,213.618,-5.400,-0.065,-2.356,0.154
13.660,180.154,0.000,213.596,0.000,-0.065,-3.534,0.154
13.680,180.154,0.000,213.574,-4.800,-0.065,-2.486,0.154
13.700,180.154,0.000,213.574,0.000,-0.065,-3.534,0.154
13.720,180.154,0.000,213.530,0.000,-0.065,-3.533,0.154
13.740,180.154,0.000,213.486,0.000,-0.065,-3.532,0.154
13.761,180.154,-4.800,213.420,-4.800,0.967,-2.483,0.154
13.780,180.154,0.000,213.354,0.000,-0.065,-3.530,0.154
13.800,180.132,-4.800,213.289,-5.400,0.976,-2.350,0.132
13.820,180.154,0.000,213.245,0.000,-0.065,-3.528,0.154
13.840,180.154,4.800,213.223,-4.800,-1.097,-2.480,0.154
13.860,180.154,4.800,213.179,0.000,-1.097,-3.527,0.154
13.880,180.154,0.000,213.135,0.000,-0.065,-3.526,0.154
13.900,180.154,0.000,213.069,-5.400,-0.065,-2.347,0.154
13.920,180.154,0.000,212.893,-17.400,-0.065,0.276,0.154
13.940,180.132,0.000,210.520,-174.600,-0.056,34.630,0.132
13.960,180.132,0.000,208.433,-35.400,-0.056,4.279,0.132
13.980,180.132,0.000,208.411,0.000,-0.056,-3.448,0.132
14.000,180.132,0.000,208.433,0.000,-0.056,-3.449,0.132
14.020,180.132,0.000,208.411,0.000,-0.056,-3.448,0.132
14.040,180.154,0.000,208.411,0.000,-0.065,-3.448,0.154
14.060,180.154,0.000,208.389,-4.800,-0.065,-2.400,0.154
14.080,180.154,0.000,208.367,0.000,-0.065,-3.448,0.154
14.100,180.132,0.000,208.367,0.000,-0.056,-3.448,0.132
14.120,180.132,0.000,208.345,0.000,-0.056,-3.447,0.132
14.140,180.132,0.000,208.345,0.000,-0.056,-3.447,0.132
14.160,180.154,0.000,208.301,4.800,-0.065,-4.494,0.154
14.180,180.132,0.000,208.301,0.000,-0.056,-3.446,0.132
14.200,180.132,0.000,208.257,0.000,-0.056,-3.446,0.132
14.220,180.154,0.000,208.213,-4.800,-0.065,-2.397,0.154
14.240,180.132,0.000,208.169,-4.800,-0.056,-2.397,0.132
14.260,180.132,0.000,208.103,0.000,-0.056,-3.443,0.132
14.280,180.154,5.400,208.059,0.000,-1.226,-3.442,0.154
14.300,180.154,4.800,207.971,0.000,-1.097,-3.441,0.154
14.320,180.132,0.000,207.598,-52.800,-0.056,8.091,0.132
14.340,180.132,0.000,204.939,-87.600,-0.056,15.731,0.132
14.360,180.132,0.000,204.587,-4.800,-0.056,-2.337,0.132
14.380,180.154,4.800,204.587,0.000,-1.097,-3.385,0.154
14.400,180.154,5.400,204.587,0.000,-1.226,-3.385,0.154
14.420,180.132,0.000,204.587,0.000,-0.056,-3.385,0.132
14.440,180.132,0.000,204.587,0.000,-0.056,-3.385,0.132
14.460,180.132,0.000,204.565,0.000,-0.056,-3.385,0.132
14.480,180.132,0.000,204.565,0.000,-0.056,-3.385,0.132
14.500,180.132,4.800,204.543,0.000,-1.088,-3.384,0.132
14.520,180.132,0.000,204.521,-10.800,-0.056,-1.026,0.132
14.540,180.132,0.000,204.521,0.000,-0.056,-3.384,0.132
14.560,180.132,0.000,204.521,0.000,-0.056,-3.384,0.132
14.580,180.132,0.000,204.500,0.000,-0.056,-3.384,0.132
14.600,180.132,0.000,204.478,0.000,-0.056,-3.383,0.132
14.620,180.132,0.000,204.456,0.000,-0.056,-3.383,0.132
14.640,180.132,0.000,204.456,0.000,-0.056,-3.383,0.132
14.660,180.132,0.000,204.434,-4.800,-0.056,-2.335,0.132
14.680,180.132,0.000,204.390,0.000,-0.056,-3.382,0.132
14.700,180.132,0.000,204.368,0.000,-0.056,-3.381,0.132
14.720,180.132,0.000,204.346,0.000,-0.056,-3.381,0.132
14.740,180.132,0.000,204.280,0.000,-0.056,-3.380,0.132
14.760,180.132,0.000,204.236,0.000,-0.056,-3.379,0.132
14.780,180.132,0.000,204.192,-5.400,-0.056,-2.200,0.132
14.801,180.132,-5.400,204.148,0.000,1.105,-3.378,0.132
14.820,180.132,0.000,204.126,0.000,-0.056,-3.377,0.132
14.840,180.132,0.000,204.082,0.000,-0.056,-3.377,0.132
14.860,180.132,0.000,204.038,-10.200,-0.056,-1.149,0.132
14.880,180.132,0.000,203.994,0.000,-0.056,-3.375,0.132
14.900,180.132,4.800,203.950,0.000,-1.088,-3.375,0.132
14.920,180.132,-0.600,203.884,-4.800,0.073,-2.326,0.132
14.940,180.132,0.000,203.708,-22.200,-0.056,1.475,0.132
14.960,180.132,0.000,201.885,-95.400,-0.056,17.484,0.132
14.980,180.132,0.000,201.797,0.000,-0.056,-3.339,0.132
15.000,180.132,0.000,201.797,0.000,-0.056,-3.339,0.132
15.020,180.132,0.000,201.797,0.000,-0.056,-3.339,0.132
15.040,180.132,0.000,201.797,0.000,-0.056,-3.339,0.132
15.060,180.132,0.000,201.775,0.000,-0.056,-3.339,0.132
15.080,180.132,0.000,201.775,0.000,-0.056,-3.339,0.132
15.100,180.132,0.000,201.775,0.000,-0.056,-3.339,0.132
15.120,180.132,0.000,201.753,0.000,-0.056,-3.338,0.132
15.140,180.132,0.000,201.753,0.000,-0.056,-3.338,0.132
15.160,180.132,-4.800,201.731,-4.800,0.976,-2.290,0.132
15.180,180.132,0.000,201.709,0.000,-0.056,-3.337,0.132
15.200,180.132,0.000,201.687,-4.200,-0.056,-2.420,0.132
15.220,180.132,0.000,201.687,0.000,-0.056,-3.337,0.132
15.240,180.132,0.000,201.665,0.000,-0.056,-3.337,0.132
15.260,180.132,0.000,201.665,0.000,-0.056,-3.337,0.132
15.280,180.132,0.000,201.643,0.000,-0.056,-3.336,0.132
15.300,180.132,0.000,201.621,-5.400,-0.056,-2.157,0.132
15.320,180.132,0.000,201.599,0.000,-0.056,-3.336,0.132
15.340,180.132,0.000,201.577,0.000,-0.056,-3.335,0.132
15.360,180.132,0.000,201.555,-4.800,-0.056,-2.287,0.132
15.380,180.132,0.000,201.511,0.000,-0.056,-3.334,0.132
15.400,180.132,0.000,201.489,0.000,-0.056,-3.334,0.132
15.420,180.132,0.000,201.445,0.000,-0.056,-3.333,0.132
15.440,180.132,0.000,201.401,0.000,-0.056,-3.332,0.132
15.460,180.132,0.000,201.335,-10.800,-0.056,-0.974,0.132
15.480,180.132,0.000,201.138,-6.600,-0.056,-1.887,0.132
15.500,180.132,5.400,198.853,-136.800,-1.217,26.572,0.132
15.520,180.132,0.000,197.314,-36.000,-0.056,4.594,0.132
15.540,180.132,0.000,197.205,-5.400,-0.056,-2.084,0.132
15.560,180.132,-4.800,197.205,0.000,0.976,-3.263,0.132
15.580,180.132,4.800,197.183,-4.800,-1.088,-2.215,0.132
15.600,180.132,0.000,197.183,0.000,-0.056,-3.263,0.132
15.620,180.132,0.000,197.161,0.000,-0.056,-3.262,0.132
15.640,180.132,0.000,197.139,0.000,-0.056,-3.262,0.132
15.660,180.132,0.000,197.117,0.000,-0.056,-3.261,0.132
15.680,180.132,4.800,197.117,0.000,-1.088,-3.261,0.132
15.700,180.132,0.000,197.095,0.000,-0.056,-3.261,0.132
15.720,180.132,0.000,197.073,0.000,-0.056,-3.261,0.132
15.740,180.132,0.000,197.051,0.000,-0.056,-3.260,0.132
15.760,180.132,0.000,197.029,0.000,-0.056,-3.260,0.132
15.780,180.132,0.000,196.963,-1.200,-0.056,-2.997,0.132
15.800,180.132,0.000,196.897,-0.600,-0.056,-3.127,0.132
15.820,180.132,0.000,196.743,-16.800,-0.056,0.412,0.132
15.840,180.132,4.800,195.337,-135.600,-1.088,26.368,0.132
15.860,180.132,0.000,194.019,0.000,-0.056,-3.210,0.132
15.880,180.132,0.000,194.062,0.000,-0.056,-3.211,0.132
15.900,180.132,0.000,194.041,0.000,-0.056,-3.211,0.132
15.920,180.132,4.800,194.041,0.000,-1.088,-3.211,0.132
15.940,180.132,0.000,194.019,0.000,-0.056,-3.210,0.132
15.960,180.132,0.000,193.997,0.000,-0.056,-3.210,0.132
15.980,180.132,0.000,193.975,-4.800,-0.056,-2.162,0.132
16.000,180.132,-5.400,193.953,0.000,1.105,-3.209,0.132
16.020,180.132,0.000,193.931,0.000,-0.056,-3.209,0.132
16.040,180.132,0.000,193.887,0.000,-0.056,-3.208,0.132
16.060,180.132,0.000,193.865,-5.400,-0.056,-2.029,0.132
