时间(s),摆角(°),摆速(°/s),飞轮角(°),飞轮速(°/s),电机1(RPM),电机2(RPM),误差(°),能量(J),阶段,是否平衡
0.000,359.780,0.000,359.780,0.000,90.000,120.000,179.780,-0.000,渐进启摆,0
0.020,0.066,39.600,0.286,85.200,-207.345,-276.460,179.934,0.000,渐进启摆,0
0.039,0.725,-102.600,0.571,-325.200,500.000,500.000,179.275,0.000,渐进启摆,0
0.060,359.121,519.000,354.089,603.000,-500.000,-500.000,179.121,0.002,渐进启摆,0
0.079,19.797,477.000,17.754,205.200,-500.000,-500.000,160.203,0.001,渐进启摆,0
0.100,2.329,-1717.800,351.189,-1975.800,500.000,500.000,177.671,0.018,渐进启摆,0
0.120,322.141,-1375.200,311.550,-870.600,500.000,500.000,142.141,0.011,渐进启摆,0
0.140,333.083,1560.600,330.557,1819.800,-500.000,-500.000,153.083,0.015,渐进启摆,0
0.159,12.085,1176.600,6.482,695.400,-500.000,-500.000,167.915,0.009,渐进启摆,0
0.179,359.099,-1614.000,345.190,-1784.400,500.000,500.000,179.099,0.016,渐进启摆,0
0.199,318.032,-1447.800,307.156,-816.600,500.000,500.000,138.032,0.012,渐进启摆,0
0.219,330.183,1620.000,328.118,1885.200,-500.000,-500.000,150.183,0.016,渐进启摆,0
0.239,9.998,1185.600,3.977,670.200,-500.000,-500.000,170.002,0.009,渐进启摆,0
0.259,356.924,-1761.000,342.092,-1887.000,500.000,500.000,176.924,0.019,渐进启摆,0
0.280,314.604,-1557.600,304.453,-703.800,500.000,500.000,134.604,0.014,渐进启摆,0
0.299,326.975,1702.800,325.525,1783.800,-500.000,-500.000,146.975,0.018,渐进启摆,0
0.320,7.427,1194.000,357.649,373.800,-500.000,-500.000,172.573,0.009,渐进启摆,0
0.339,353.979,-1873.800,337.104,-1734.000,500.000,500.000,173.979,0.022,渐进启摆,0
0.359,311.462,-1305.000,305.112,-504.000,500.000,500.000,131.462,0.009,渐进启摆,0
0.379,324.404,1768.200,324.536,1628.400,-500.000,-500.000,144.404,0.019,渐进启摆,0
0.399,4.570,1123.800,357.209,552.000,-500.000,-500.000,175.430,0.008,渐进启摆,0
0.419,349.761,-1894.800,339.390,-1523.400,500.000,500.000,169.761,0.022,渐进启摆,0
0.439,308.496,-1245.600,310.078,-479.400,500.000,500.000,128.496,0.008,渐进启摆,0
0.459,321.965,1800.000,328.184,1640.400,-500.000,-500.000,141.965,0.019,渐进启摆,0
0.479,1.560,1147.800,359.604,337.200,-500.000,-500.000,178.440,0.008,渐进启摆,0
0.499,345.894,-1827.000,341.719,-1538.400,500.000,500.000,165.894,0.021,渐进启摆,0
0.519,305.596,-1220.400,314.934,-286.800,500.000,500.000,125.596,0.008,渐进启摆,0
0.540,319.065,1841.400,333.062,1414.200,-500.000,-500.000,139.065,0.020,渐进启摆,0
0.559,0.549,1432.800,1.406,272.400,-500.000,-500.000,179.451,0.013,渐进启摆,0
0.579,347.695,-1812.600,345.432,-1380.000,500.000,500.000,167.695,0.021,渐进启摆,0
0.599,307.024,-1234.800,314.604,-532.800,500.000,500.000,127.024,0.008,渐进启摆,0
0.620,321.680,1954.200,328.315,1226.400,-500.000,-500.000,141.680,0.023,渐进启摆,0
0.640,3.867,1420.800,356.902,691.800,-500.000,-500.000,176.133,0.013,渐进启摆,0
0.660,351.035,-1894.800,344.729,-1323.600,500.000,500.000,171.035,0.022,渐进启摆,0
0.679,309.485,-1324.800,310.100,-997.200,500.000,500.000,129.485,0.010,渐进启摆,0
0.699,325.020,1951.800,320.493,1319.400,-500.000,-500.000,145.020,0.023,渐进启摆,0
0.719,5.625,1232.400,355.847,1057.800,-500.000,-500.000,174.375,0.010,渐进启摆,0
0.739,349.651,-1855.800,342.444,-1635.000,500.000,500.000,169.651,0.022,渐进启摆,0
0.759,307.090,-1346.400,304.277,-1084.200,500.000,500.000,127.090,0.010,渐进启摆,0
0.779,321.855,1991.400,318.582,1627.800,-500.000,-500.000,141.855,0.024,渐进启摆,0
0.799,4.263,1235.400,356.704,964.200,-500.000,-500.000,175.737,0.010,渐进启摆,0
0.819,350.750,-1830.000,340.312,-1852.800,500.000,500.000,170.750,0.021,渐进启摆,0
0.839,309.265,-1336.800,300.520,-1104.600,500.000,500.000,129.265,0.010,渐进启摆,0
0.859,325.393,1980.000,315.945,1795.800,-500.000,-500.000,145.393,0.024,渐进启摆,0
0.880,7.295,1311.000,355.627,1037.400,-500.000,-500.000,172.705,0.011,渐进启摆,0
0.900,353.386,-1955.400,338.093,-2035.200,500.000,500.000,173.386,0.024,渐进启摆,0
0.920,310.605,-1558.800,296.235,-1411.200,500.000,500.000,130.605,0.014,渐进启摆,0
0.940,324.097,1845.000,308.584,1770.000,-500.000,-500.000,144.097,0.021,渐进启摆,0
0.960,5.032,1232.400,348.860,1208.400,-500.000,-500.000,174.968,0.010,渐进启摆,0
0.980,350.508,-1959.600,333.259,-1822.200,500.000,500.000,170.508,0.024,渐进启摆,0
1.000,307.683,-1554.000,292.588,-1298.400,500.000,500.000,127.683,0.014,渐进启摆,0
1.019,320.647,1821.000,306.299,1736.400,-500.000,-500.000,140.647,0.020,渐进启摆,0
1.039,1.846,1244.400,345.959,1251.600,-500.000,-500.000,178.154,0.010,渐进启摆,0
1.059,346.860,-1938.600,329.985,-1818.000,500.000,500.000,166.860,0.023,渐进启摆,0
1.079,305.925,-1326.600,291.533,-1024.800,500.000,500.000,125.925,0.009,渐进启摆,0
1.099,322.053,1942.200,307.771,1722.000,-500.000,-500.000,142.053,0.023,渐进启摆,0
1.119,4.570,1303.200,347.695,1234.200,-500.000,-500.000,175.430,0.011,渐进启摆,0
1.139,350.332,-1924.200,331.853,-1788.000,500.000,500.000,170.332,0.023,渐进启摆,0
1.159,308.936,-1364.400,294.082,-1016.400,500.000,500.000,128.936,0.010,渐进启摆,0
1.179,325.745,1876.800,310.364,1905.600,-500.000,-500.000,145.745,0.021,渐进启摆,0
1.199,7.581,1307.400,350.310,1237.800,-500.000,-500.000,172.419,0.011,渐进启摆,0
1.219,353.298,-1887.000,334.731,-1837.800,500.000,500.000,173.298,0.022,渐进启摆,0
1.239,311.748,-1153.200,296.477,-998.400,500.000,500.000,131.748,0.007,渐进启摆,0
1.259,328.315,1908.000,314.341,1885.800,-500.000,-500.000,148.315,0.022,渐进启摆,0
1.279,10.261,1365.000,354.441,1089.600,-500.000,-500.000,169.739,0.012,渐进启摆,0
1.299,355.430,-1867.200,338.005,-1935.600,500.000,500.000,175.430,0.022,渐进启摆,0
1.320,313.242,-1336.200,297.554,-1198.800,500.000,500.000,133.242,0.010,渐进启摆,0
1.339,327.019,1845.000,313.572,1869.600,-500.000,-500.000,147.019,0.021,渐进启摆,0
1.359,7.866,1323.600,354.199,1254.600,-500.000,-500.000,172.134,0.011,渐进启摆,0
1.379,353.298,-1866.600,339.500,-1996.200,500.000,500.000,173.298,0.022,渐进启摆,0
1.399,310.825,-1368.600,299.949,-1153.200,500.000,500.000,130.825,0.010,渐进启摆,0
1.419,324.844,1825.200,316.340,1836.000,-500.000,-500.000,144.844,0.020,渐进启摆,0
1.439,4.724,1219.800,357.539,1337.400,-500.000,-500.000,175.276,0.009,渐进启摆,0
1.459,349.365,-1855.200,341.851,-1934.400,500.000,500.000,169.365,0.022,渐进启摆,0
1.479,307.705,-1351.800,301.860,-962.400,500.000,500.000,127.705,0.010,渐进启摆,0
1.499,321.548,1827.000,319.329,1837.800,-500.000,-500.000,141.548,0.020,渐进启摆,0
1.519,1.824,1234.800,0.747,1296.000,-500.000,-500.000,178.176,0.010,渐进启摆,0
1.539,346.025,-1857.600,344.377,-1883.400,500.000,500.000,166.025,0.022,渐进启摆,0
1.559,304.893,-1342.200,303.948,-1006.200,500.000,500.000,124.893,0.010,渐进启摆,0
1.579,318.779,1822.200,322.471,1974.000,-500.000,-500.000,138.779,0.020,渐进启摆,0
1.599,0.571,1456.200,4.087,1282.200,-500.000,-500.000,179.429,0.013,渐进启摆,0
1.619,347.783,-1782.000,347.388,-1905.000,500.000,500.000,167.783,0.020,渐进启摆,0
1.639,307.354,-1297.800,305.244,-1330.800,500.000,500.000,127.354,0.009,渐进启摆,0
1.659,322.009,1843.800,321.262,1859.400,-500.000,-500.000,142.009,0.020,渐进启摆,0
1.679,1.824,1191.000,1.868,990.600,-500.000,-500.000,178.176,0.009,渐进启摆,0
1.699,345.586,-1835.400,343.872,-1876.800,500.000,500.000,165.586,0.021,渐进启摆,0
1.719,304.695,-1339.800,302.805,-1183.800,500.000,500.000,124.695,0.009,渐进启摆,0
1.739,319.109,1889.400,318.911,1845.000,-500.000,-500.000,139.109,0.021,渐进启摆,0
1.760,1.055,1288.200,0.352,1227.000,-500.000,-500.000,178.945,0.010,渐进启摆,0
1.779,347.607,-1799.400,344.663,-1861.200,500.000,500.000,167.607,0.020,渐进启摆,0
1.799,307.178,-1269.000,305.134,-1242.600,500.000,500.000,127.178,0.008,渐进启摆,0
1.820,322.207,1914.600,321.702,1795.200,-500.000,-500.000,142.207,0.022,渐进启摆,0
1.840,3.516,1236.600,2.351,1201.800,-500.000,-500.000,176.484,0.010,渐进启摆,0
1.860,350.288,-1791.600,346.531,-1799.400,500.000,500.000,170.288,0.020,渐进启摆,0
1.880,308.694,-1482.600,305.991,-1248.600,500.000,500.000,128.694,0.012,渐进启摆,0
1.900,320.669,1803.000,320.537,1677.000,-500.000,-500.000,140.669,0.019,渐进启摆,0
1.920,1.099,1212.000,0.483,1230.600,-500.000,-500.000,178.901,0.009,渐进启摆,0
1.940,346.904,-1785.000,343.806,-1860.000,500.000,500.000,166.904,0.020,渐进启摆,0
1.960,305.508,-1451.400,303.333,-1144.800,500.000,500.000,125.508,0.011,渐进启摆,0
1.980,317.527,1811.400,318.538,1803.000,-500.000,-500.000,137.527,0.019,渐进启摆,0
1.999,358.594,1257.000,358.462,1293.600,-500.000,-500.000,178.594,0.010,渐进启摆,0
2.019,344.246,-1876.200,341.829,-1945.200,500.000,500.000,164.246,0.022,渐进启摆,0
2.039,304.255,-1242.000,301.091,-1151.400,500.000,500.000,124.255,0.008,渐进启摆,0
2.059,319.592,1873.800,315.879,1812.600,-500.000,-500.000,139.592,0.021,渐进启摆,0
2.080,0.923,1208.400,355.979,1049.400,-500.000,-500.000,179.077,0.009,渐进启摆,0
2.099,346.685,-1834.800,339.126,-1929.600,500.000,500.000,166.685,0.021,渐进启摆,0
2.119,305.684,-1398.600,298.059,-1246.800,500.000,500.000,125.684,0.011,渐进启摆,0
2.139,318.032,1771.800,313.066,1893.000,-500.000,-500.000,138.032,0.019,渐进启摆,0
2.159,358.132,1205.400,354.463,1494.600,-500.000,-500.000,178.132,0.009,渐进启摆,0
2.179,343.784,-1815.600,340.466,-1867.200,500.000,500.000,163.784,0.021,渐进启摆,0
2.199,303.398,-1460.400,299.905,-1206.000,500.000,500.000,123.398,0.012,渐进启摆,0
2.219,316.099,1777.200,315.945,1849.800,-500.000,-500.000,136.099,0.019,渐进启摆,0
2.239,355.693,1209.000,357.803,1359.000,-500.000,-500.000,175.693,0.009,渐进启摆,0
2.260,341.169,-1818.000,342.246,-1972.200,500.000,500.000,161.169,0.020,渐进启摆,0
2.280,300.410,-1240.200,300.762,-1152.000,500.000,500.000,120.410,0.008,渐进启摆,0
2.299,313.528,1812.000,314.934,1715.400,-500.000,-500.000,133.528,0.019,渐进启摆,0
2.319,353.254,1231.800,355.122,1279.800,-500.000,-500.000,173.254,0.009,渐进启摆,0
2.339,338.621,-1869.600,339.785,-2009.400,500.000,500.000,158.621,0.022,渐进启摆,0
2.359,297.334,-1269.000,300.146,-1167.000,500.000,500.000,117.334,0.008,渐进启摆,0
2.379,310.847,1800.600,316.780,1758.000,-500.000,-500.000,130.847,0.019,渐进启摆,0
2.399,350.859,1188.000,357.166,1302.600,-500.000,-500.000,170.859,0.009,渐进启摆,0
2.419,336.116,-1872.000,341.917,-1909.200,500.000,500.000,156.116,0.022,渐进启摆,0
2.439,294.983,-1203.000,303.354,-896.400,500.000,500.000,114.983,0.007,渐进启摆,0
2.459,308.606,1701.000,320.186,1831.200,-500.000,-500.000,128.606,0.017,渐进启摆,0
2.479,347.739,1148.400,359.341,1188.600,-500.000,-500.000,167.739,0.008,渐进启摆,0
2.499,332.820,-1816.200,343.894,-1708.800,500.000,500.000,152.820,0.020,渐进启摆,0
2.519,292.412,-1116.000,305.684,-974.400,500.000,500.000,112.412,0.005,渐进启摆,0
2.540,306.123,1803.000,322.339,1843.800,-500.000,-500.000,126.123,0.019,渐进启摆,0
2.559,346.487,1342.200,3.010,1381.800,-500.000,-500.000,166.487,0.011,渐进启摆,0
2.580,334.072,-1692.000,350.068,-1558.800,500.000,500.000,154.072,0.018,渐进启摆,0
2.600,294.829,-1146.000,311.704,-1133.400,500.000,500.000,114.829,0.006,渐进启摆,0
2.619,308.650,1798.200,325.723,1768.200,-500.000,-500.000,128.650,0.019,渐进启摆,0
2.639,349.146,1382.400,6.086,1128.600,-500.000,-500.000,169.146,0.012,渐进启摆,0
2.659,337.039,-1653.000,353.298,-1659.600,500.000,500.000,157.039,0.017,渐进启摆,0
2.679,297.224,-1219.200,314.561,-1080.600,500.000,500.000,117.224,0.007,渐进启摆,0
2.699,310.979,1810.200,329.634,1760.400,-500.000,-500.000,130.979,0.019,渐进启摆,0
2.719,351.672,1399.200,9.844,1204.800,-500.000,-500.000,171.672,0.012,渐进启摆,0
2.739,339.719,-1598.400,356.616,-1793.400,500.000,500.000,159.719,0.016,渐进启摆,0
2.760,299.861,-1237.200,316.824,-923.400,500.000,500.000,119.861,0.008,渐进启摆,0
2.779,313.616,1822.200,332.644,1690.800,-500.000,-500.000,133.616,0.020,渐进启摆,0
2.799,354.749,1266.600,13.250,1205.400,-500.000,-500.000,174.749,0.010,渐进启摆,0
2.819,342.114,-1634.400,359.143,-1752.000,500.000,500.000,162.114,0.017,渐进启摆,0
2.840,301.948,-1332.000,319.526,-949.800,500.000,500.000,121.948,0.009,渐进启摆,0
2.860,316.582,1802.400,336.379,1807.200,-500.000,-500.000,136.582,0.019,渐进启摆,0
2.880,357.759,1249.200,15.842,1267.200,-500.000,-500.000,177.759,0.010,渐进启摆,0
2.900,344.597,-1630.200,0.352,-1721.400,500.000,500.000,164.597,0.017,渐进启摆,0
2.919,302.959,-1546.200,320.251,-1224.600,500.000,500.000,122.959,0.013,渐进启摆,0
2.940,315.088,1762.800,335.281,1792.800,-500.000,-500.000,135.088,0.018,渐进启摆,0
2.960,356.001,1278.000,15.645,1245.600,-500.000,-500.000,176.001,0.010,渐进启摆,0
2.980,342.290,-1821.600,1.428,-1664.400,500.000,500.000,162.290,0.021,渐进启摆,0
3.000,301.245,-1507.800,321.724,-1306.200,500.000,500.000,121.245,0.012,渐进启摆,0
3.020,313.528,1687.800,337.961,1837.800,-500.000,-500.000,133.528,0.017,渐进启摆,0
3.040,352.639,1218.000,18.699,1192.200,-500.000,-500.000,172.639,0.009,渐进启摆,0
3.060,339.126,-1727.400,3.582,-1822.800,500.000,500.000,159.126,0.018,渐进启摆,0
3.080,299.136,-1421.400,322.449,-1545.000,500.000,500.000,119.136,0.011,渐进启摆,0
3.100,311.550,1594.800,336.731,1814.400,-500.000,-500.000,131.550,0.015,渐进启摆,0
3.120,349.805,1114.800,17.336,1246.200,-500.000,-500.000,169.805,0.008,渐进启摆,0
3.140,335.896,-1689.000,1.406,-1883.400,500.000,500.000,155.896,0.018,渐进启摆,0
3.159,296.917,-1144.800,319.307,-1269.600,500.000,500.000,116.917,0.006,渐进启摆,0
3.179,309.946,1582.800,334.006,1767.000,-500.000,-500.000,129.946,0.014,渐进启摆,0
3.199,346.794,1075.800,13.645,1064.400,-500.000,-500.000,166.794,0.007,渐进启摆,0
3.219,331.919,-1646.400,355.012,-1996.200,500.000,500.000,151.919,0.017,渐进启摆,0
3.239,294.785,-1005.600,313.264,-1059.600,500.000,500.000,114.785,0.004,渐进启摆,0
3.259,308.584,1604.400,329.590,1921.200,-500.000,-500.000,128.584,0.015,渐进启摆,0
3.279,343.916,969.000,11.624,1296.000,-500.000,-500.000,163.916,0.006,渐进启摆,0
3.299,328.271,-1616.400,356.396,-1915.200,500.000,500.000,148.271,0.016,渐进启摆,0
3.319,292.544,-888.000,316.428,-911.400,500.000,500.000,112.544,0.002,渐进启摆,0
3.339,307.244,1590.000,333.721,1740.600,-500.000,-500.000,127.244,0.014,渐进启摆,0
3.359,341.125,851.400,13.755,1235.400,-500.000,-500.000,161.125,0.004,渐进启摆,0
3.379,324.360,-1716.600,357.979,-1785.000,500.000,500.000,144.360,0.018,渐进启摆,0
3.399,289.622,-807.600,317.966,-1133.400,500.000,500.000,109.622,0.001,渐进启摆,0
3.419,304.233,1539.600,332.512,1670.400,-500.000,-500.000,124.233,0.013,渐进启摆,0
3.439,337.830,856.200,10.173,1198.200,-500.000,-500.000,157.830,0.004,渐进启摆,0
3.459,320.955,-1655.400,354.858,-1744.200,500.000,500.000,140.955,0.016,渐进启摆,0
3.479,286.216,-898.200,315.813,-1048.200,500.000,500.000,106.216,0.002,渐进启摆,0
3.499,301.509,1572.600,330.359,1686.600,-500.000,-500.000,121.509,0.014,渐进启摆,0
3.519,335.083,835.200,6.790,832.200,-500.000,-500.000,155.083,0.004,渐进启摆,0
3.539,318.010,-1677.600,351.233,-1682.400,500.000,500.000,138.010,0.017,渐进启摆,0
3.559,283.535,-829.200,313.022,-1090.200,500.000,500.000,103.535,0.001,渐进启摆,0
3.579,299.399,1614.600,327.019,1697.400,-500.000,-500.000,119.399,0.014,渐进启摆,0
3.599,332.710,789.000,3.845,810.000,-500.000,-500.000,152.710,0.003,渐进启摆,0
3.619,315.044,-1662.000,347.432,-1666.800,500.000,500.000,135.044,0.016,渐进启摆,0
3.640,280.679,-781.800,309.836,-896.400,500.000,500.000,100.679,0.000,渐进启摆,0
3.659,297.202,1589.400,323.833,1615.200,-500.000,-500.000,117.202,0.014,渐进启摆,0
3.680,332.029,855.000,1.648,1075.800,-500.000,-500.000,152.029,0.004,渐进启摆,0
3.700,316.296,-1641.000,347.915,-1450.800,500.000,500.000,136.296,0.016,渐进启摆,0
3.720,282.458,-763.200,311.770,-994.800,500.000,500.000,102.458,0.000,渐进启摆,0
3.740,299.268,1651.800,323.921,1624.200,-500.000,-500.000,119.268,0.015,渐进启摆,0
3.760,333.984,848.400,0.945,1260.000,-500.000,-500.000,153.984,0.004,渐进启摆,0
3.780,318.208,-1621.200,348.970,-1288.200,500.000,500.000,138.208,0.015,渐进启摆,0
3.800,283.140,-1024.800,312.847,-1159.800,500.000,500.000,103.140,0.003,渐进启摆,0
3.820,297.751,1557.000,323.262,1457.400,-500.000,-500.000,117.751,0.013,渐进启摆,0
3.840,331.985,771.000,358.682,1025.400,-500.000,-500.000,151.985,0.003,渐进启摆,0
3.860,315.747,-1638.600,346.838,-1302.600,500.000,500.000,135.747,0.016,渐进启摆,0
3.880,280.591,-983.400,310.649,-1192.200,500.000,500.000,100.591,0.003,渐进启摆,0
3.900,295.730,1587.600,321.064,1322.400,-500.000,-500.000,115.730,0.013,渐进启摆,0
3.920,330.095,802.800,356.265,1065.600,-500.000,-500.000,150.095,0.003,渐进启摆,0
3.940,313.132,-1651.200,343.828,-1522.800,500.000,500.000,133.132,0.016,渐进启摆,0
3.960,278.306,-911.400,308.057,-1030.800,500.000,500.000,98.306,0.002,渐进启摆,0
3.980,294.543,1556.400,319.329,1250.400,-500.000,-500.000,114.543,0.013,渐进启摆,0
4.000,329.788,999.000,353.518,1019.400,-500.000,-500.000,149.788,0.006,渐进启摆,0
4.019,314.714,-1634.400,340.840,-1561.800,500.000,500.000,134.714,0.016,渐进启摆,0
4.039,281.580,-730.800,306.606,-1021.800,500.000,500.000,101.580,0.000,渐进启摆,0
4.059,299.993,1718.400,320.032,1334.400,-500.000,-500.000,119.993,0.016,渐进启摆,0
4.079,334.973,772.200,355.430,1060.800,-500.000,-500.000,154.973,0.003,渐进启摆,0
4.099,317.791,-1753.800,343.521,-1471.800,500.000,500.000,137.791,0.018,渐进启摆,0
4.119,283.931,-799.800,309.946,-743.400,500.000,500.000,103.931,0.001,渐进启摆,0
4.140,302.344,1752.000,323.635,1557.600,-500.000,-500.000,122.344,0.017,渐进启摆,0
4.160,338.950,960.000,357.363,1001.400,-500.000,-500.000,158.950,0.006,渐进启摆,0
4.180,323.591,-1581.600,344.136,-1356.600,500.000,500.000,143.591,0.015,渐进启摆,0
4.200,289.556,-751.200,311.353,-847.800,500.000,500.000,109.556,0.001,渐进启摆,0
4.220,305.486,1633.200,324.822,1457.400,-500.000,-500.000,125.486,0.015,渐进启摆,0
4.240,340.708,934.800,358.000,958.800,-500.000,-500.000,160.708,0.005,渐进启摆,0
4.260,325.679,-1468.200,344.553,-1510.800,500.000,500.000,145.679,0.013,渐进启摆,0
4.280,292.698,-757.800,310.364,-1084.800,500.000,500.000,112.698,0.001,渐进启摆,0
4.300,308.738,1596.600,323.350,1450.200,-500.000,-500.000,128.738,0.014,渐进启摆,0
4.320,342.971,891.600,356.880,996.000,-500.000,-500.000,162.971,0.005,渐进启摆,0
4.340,327.986,-1458.000,341.719,-1559.400,500.000,500.000,147.986,0.013,渐进启摆,0
4.360,293.862,-964.200,307.112,-886.200,500.000,500.000,113.862,0.003,渐进启摆,0
4.380,307.595,1552.200,321.306,1345.200,-500.000,-500.000,127.595,0.013,渐进启摆,0
4.400,340.862,901.200,353.430,868.800,-500.000,-500.000,160.862,0.005,渐进启摆,0
4.419,326.030,-1470.000,337.632,-1583.400,500.000,500.000,146.030,0.013,渐进启摆,0
4.439,294.126,-709.200,307.397,-709.200,500.000,500.000,114.126,0.001,渐进启摆,0
4.459,308.628,1449.600,323.328,1417.200,-500.000,-500.000,128.628,0.012,渐进启摆,0
4.479,338.445,646.200,354.309,718.800,-500.000,-500.000,158.445,0.002,渐进启摆,0
4.499,323.591,-1329.000,338.467,-1542.000,500.000,500.000,143.591,0.010,渐进启摆,0
4.519,293.423,-692.400,310.430,-372.600,500.000,500.000,113.423,0.001,渐进启摆,0
4.540,307.200,1366.800,327.854,1440.000,-500.000,-500.000,127.200,0.010,渐进启摆,0
4.559,337.280,856.800,357.275,645.000,-500.000,-500.000,157.280,0.004,渐进启摆,0
4.579,324.119,-1262.400,340.027,-1572.600,500.000,500.000,144.119,0.009,渐进启摆,0
4.599,294.170,-690.000,309.529,-636.000,500.000,500.000,114.170,0.001,渐进启摆,0
4.619,309.045,1451.400,325.415,1448.400,-500.000,-500.000,129.045,0.012,渐进启摆,0
4.640,340.422,850.800,356.199,700.200,-500.000,-500.000,160.422,0.004,渐进启摆,0
4.660,326.536,-1252.800,338.467,-1599.600,500.000,500.000,146.536,0.009,渐进启摆,0
4.679,296.213,-739.800,307.244,-658.200,500.000,500.000,116.213,0.001,渐进启摆,0
4.699,311.155,1444.800,322.888,1446.600,-500.000,-500.000,131.155,0.012,渐进启摆,0
4.720,342.839,619.200,353.320,419.400,-500.000,-500.000,162.839,0.002,渐进启摆,0
4.740,328.909,-1236.600,335.457,-1507.200,500.000,500.000,148.909,0.009,渐进启摆,0
4.760,299.246,-707.400,304.958,-549.000,500.000,500.000,119.246,0.001,渐进启摆,0
4.779,313.989,1428.000,321.086,1298.400,-500.000,-500.000,133.989,0.012,渐进启摆,0
4.799,344.993,595.200,352.529,674.400,-500.000,-500.000,164.993,0.002,渐进启摆,0
4.819,331.150,-1193.400,336.621,-1523.400,500.000,500.000,151.150,0.008,渐进启摆,0
4.839,302.036,-757.800,306.255,-606.000,500.000,500.000,122.036,0.002,渐进启摆,0
4.859,316.692,1408.200,322.800,1439.400,-500.000,-500.000,136.692,0.011,渐进启摆,0
4.879,347.585,616.200,353.408,457.200,-500.000,-500.000,167.585,0.002,渐进启摆,0
4.899,333.677,-1256.400,335.325,-1542.000,500.000,500.000,153.677,0.009,渐进启摆,0
4.920,304.167,-778.200,304.387,-309.000,500.000,500.000,124.167,0.002,渐进启摆,0
4.940,319.263,1427.400,321.636,1421.400,-500.000,-500.000,139.263,0.012,渐进启摆,0
4.960,352.024,850.200,354.573,928.800,-500.000,-500.000,172.024,0.004,渐进启摆,0
4.980,340.532,-1231.800,339.829,-1503.600,500.000,500.000,160.532,0.009,渐进启摆,0
5.000,310.078,-993.000,308.518,-710.400,500.000,500.000,130.078,0.005,渐进启摆,0
5.020,323.657,1381.800,324.338,1559.400,-500.000,-500.000,143.657,0.011,渐进启摆,0
5.039,355.583,822.600,357.561,970.200,-500.000,-500.000,175.583,0.004,渐进启摆,0
5.060,343.586,-1211.400,342.949,-1461.000,500.000,500.000,163.586,0.009,渐进启摆,0
5.080,313.462,-921.000,311.375,-685.200,500.000,500.000,133.462,0.004,渐进启摆,0
5.099,326.667,1372.800,327.239,1533.000,-500.000,-500.000,146.667,0.011,渐进启摆,0
5.119,357.407,629.400,358.682,641.400,-500.000,-500.000,177.407,0.002,渐进启摆,0
5.140,342.971,-1309.800,340.928,-1591.200,500.000,500.000,162.971,0.011,渐进启摆,0
5.159,311.111,-804.000,309.727,-681.600,500.000,500.000,131.111,0.003,渐进启摆,0
5.179,324.426,1389.000,325.525,1476.600,-500.000,-500.000,144.426,0.011,渐进启摆,0
5.199,356.177,731.400,356.155,639.600,-500.000,-500.000,176.177,0.003,渐进启摆,0
5.219,341.389,-1383.600,338.379,-1612.200,500.000,500.000,161.389,0.012,渐进启摆,0
5.239,308.430,-787.800,307.793,-601.800,500.000,500.000,128.430,0.002,渐进启摆,0
5.259,322.185,1408.200,323.723,1408.200,-500.000,-500.000,142.185,0.012,渐进启摆,0
5.279,353.979,779.400,353.013,354.600,-500.000,-500.000,173.979,0.004,渐进启摆,0
5.299,339.324,-1479.000,335.061,-1455.600,500.000,500.000,159.324,0.013,渐进启摆,0
5.319,306.035,-793.200,306.299,-474.000,500.000,500.000,126.035,0.002,渐进启摆,0
5.339,319.768,1416.000,322.317,1321.800,-500.000,-500.000,139.768,0.012,渐进启摆,0
5.359,351.584,760.800,351.826,536.400,-500.000,-500.000,171.584,0.004,渐进启摆,0
5.380,336.467,-1507.800,334.885,-1350.600,500.000,500.000,156.467,0.014,渐进启摆,0
5.400,303.662,-801.600,306.343,-441.000,500.000,500.000,123.662,0.002,渐进启摆,0
5.420,317.615,1407.000,321.592,1252.800,-500.000,-500.000,137.615,0.011,渐进启摆,0
5.440,350.793,937.200,351.211,748.800,-500.000,-500.000,170.793,0.005,渐进启摆,0
5.460,337.676,-1411.800,335.457,-1327.200,500.000,500.000,157.676,0.012,渐进启摆,0
5.480,303.992,-1019.400,307.288,-475.800,500.000,500.000,123.992,0.005,渐进启摆,0
5.500,316.165,1402.200,323.438,1381.800,-500.000,-500.000,136.165,0.011,渐进启摆,0
5.520,348.992,771.600,353.979,548.400,-500.000,-500.000,168.992,0.004,渐进启摆,0
5.540,334.907,-1448.400,337.456,-1436.400,500.000,500.000,154.907,0.013,渐进启摆,0
5.560,301.157,-973.200,307.727,-762.000,500.000,500.000,121.157,0.004,渐进启摆,0
5.581,314.165,1416.600,322.625,1273.800,-500.000,-500.000,134.165,0.011,渐进启摆,0
5.600,346.333,750.000,352.090,534.600,-500.000,-500.000,166.333,0.003,渐进启摆,0
5.619,332.402,-1398.600,336.072,-1385.400,500.000,500.000,152.402,0.012,渐进启摆,0
5.639,300.366,-694.800,307.485,-514.200,500.000,500.000,120.366,0.001,渐进启摆,0
5.660,315.220,1483.200,323.064,1328.400,-500.000,-500.000,135.220,0.013,渐进启摆,0
5.679,348.223,761.400,353.364,544.200,-500.000,-500.000,168.223,0.004,渐进启摆,0
5.699,334.424,-1420.800,337.742,-1425.000,500.000,500.000,154.424,0.012,渐进启摆,0
5.719,302.454,-768.000,309.463,-557.400,500.000,500.000,122.454,0.002,渐进启摆,0
5.740,317.329,1495.200,325.459,1431.600,-500.000,-500.000,137.329,0.013,渐进启摆,0
5.760,351.013,761.400,355.671,511.800,-500.000,-500.000,171.013,0.004,渐进启摆,0
5.780,336.753,-1476.600,339.280,-1465.800,500.000,500.000,156.753,0.013,渐进启摆,0
5.799,301.926,-1024.200,309.397,-785.400,500.000,500.000,121.926,0.005,渐进启摆,0
5.820,316.318,1522.800,324.163,1427.400,-500.000,-500.000,136.318,0.013,渐进启摆,0
5.840,350.464,748.800,354.045,495.600,-500.000,-500.000,170.464,0.003,渐进启摆,0
5.860,334.995,-1576.800,336.731,-1432.200,500.000,500.000,154.995,0.015,渐进启摆,0
5.880,299.290,-965.400,307.178,-498.600,500.000,500.000,119.290,0.004,渐进启摆,0
5.899,315.066,1540.200,322.756,1432.800,-500.000,-500.000,135.066,0.014,渐进启摆,0
5.919,348.838,738.600,352.771,523.200,-500.000,-500.000,168.838,0.003,渐进启摆,0
5.939,331.216,-1522.800,335.808,-1404.000,500.000,500.000,151.216,0.014,渐进启摆,0
5.959,299.070,-676.800,308.716,-216.000,500.000,500.000,119.070,0.001,渐进启摆,0
5.979,317.791,1523.400,325.591,1515.000,-500.000,-500.000,137.791,0.013,渐进启摆,0
5.999,350.596,720.000,354.727,455.400,-500.000,-500.000,170.596,0.003,渐进启摆,0
6.019,331.787,-1576.200,338.950,-1266.000,500.000,500.000,151.787,0.015,渐进启摆,0
6.039,300.322,-691.200,313.660,-196.200,500.000,500.000,120.322,0.001,渐进启摆,0
6.059,320.779,1656.000,330.579,1408.800,-500.000,-500.000,140.779,0.016,渐进启摆,0
6.080,353.782,679.800,359.209,304.200,-500.000,-500.000,173.782,0.003,渐进启摆,0
6.099,334.116,-1566.000,345.125,-1055.400,500.000,500.000,154.116,0.015,渐进启摆,0
6.119,302.563,-862.800,320.867,-311.400,500.000,500.000,122.563,0.003,渐进启摆,0
6.139,320.999,1486.800,335.061,1272.000,-500.000,-500.000,140.999,0.013,渐进启摆,0
6.159,346.882,229.200,1.340,67.200,-500.000,-500.000,166.882,0.000,渐进启摆,0
6.179,327.810,-1402.800,347.322,-974.400,500.000,500.000,147.810,0.012,渐进启摆,0
6.199,299.883,-250.200,325.349,-255.600,500.000,500.000,119.883,-0.002,渐进启摆,0
6.219,317.637,1295.400,338.884,1199.400,-500.000,-500.000,137.637,0.009,渐进启摆,0
6.239,342.642,250.800,1.538,-216.000,-500.000,-500.000,162.642,0.000,渐进启摆,0
6.259,325.393,-1352.400,346.377,-1133.400,500.000,500.000,145.393,0.011,渐进启摆,0
6.279,299.443,-188.400,322.822,-298.200,493.230,500.000,119.443,-0.002,渐进启摆,0
6.299,315.088,1245.000,337.192,1258.800,-500.000,-500.000,135.088,0.009,渐进启摆,0
6.319,339.192,252.000,2.769,36.000,-500.000,-500.000,159.192,0.000,渐进启摆,0
6.339,322.361,-1321.800,347.827,-1082.400,500.000,500.000,142.361,0.010,渐进启摆,0
6.359,296.521,-200.400,322.053,-120.000,500.000,500.000,116.521,-0.002,渐进启摆,0
6.379,312.385,1293.600,338.093,1394.400,-500.000,-500.000,132.385,0.009,渐进启摆,0
6.399,336.885,295.200,5.208,172.800,-500.000,-500.000,156.885,0.000,渐进启摆,0
6.419,319.482,-1356.600,349.080,-1128.600,500.000,500.000,139.482,0.011,渐进启摆,0
6.439,293.181,-165.600,322.493,-162.000,433.540,500.000,113.181,-0.002,渐进启摆,0
6.459,309.353,1079.400,339.587,1502.400,-500.000,-500.000,129.353,0.006,渐进启摆,0
6.479,329.656,79.200,7.932,302.400,-414.690,-500.000,149.656,-0.001,渐进启摆,0
6.499,312.407,-1123.800,351.145,-1234.200,500.000,500.000,132.407,0.007,渐进启摆,0
6.520,292.302,116.400,322.734,-426.600,-304.734,-406.313,112.302,-0.002,渐进启摆,0
6.540,302.563,-295.200,330.447,-276.600,500.000,500.000,122.563,-0.001,渐进启摆,0
6.560,297.905,504.600,322.119,361.200,-500.000,-500.000,117.905,-0.001,渐进启摆,0
6.580,313.945,63.000,336.555,49.800,-329.867,-439.823,133.945,-0.001,渐进启摆,0
6.600,296.565,-1019.400,317.747,-1137.000,500.000,500.000,116.565,0.004,渐进启摆,0
6.619,281.953,207.000,292.961,-214.200,-500.000,-500.000,101.953,-0.003,渐进启摆,0
6.640,290.940,-364.200,297.664,-465.000,500.000,500.000,110.940,-0.002,渐进启摆,0
6.660,277.361,117.000,283.008,168.000,-306.305,-408.407,97.361,-0.004,渐进启摆,0
6.679,288.062,-234.600,292.698,-58.800,500.000,500.000,108.062,-0.002,渐进启摆,0
6.699,285.161,527.400,285.359,291.000,-500.000,-500.000,105.161,-0.001,渐进启摆,0
6.719,299.443,-121.200,298.323,-141.600,317.301,423.068,119.443,-0.002,渐进启摆,0
6.739,290.017,212.400,287.952,337.800,-500.000,-500.000,110.017,-0.002,渐进启摆,0
6.759,293.181,-480.600,294.873,-380.400,500.000,500.000,113.181,-0.001,渐进启摆,0
6.779,280.547,293.400,283.228,217.200,-500.000,-500.000,100.547,-0.003,渐进启摆,0
6.799,289.248,-361.800,294.521,-208.800,500.000,500.000,109.248,-0.002,渐进启摆,0
6.819,280.085,381.600,283.909,312.000,-500.000,-500.000,100.085,-0.002,渐进启摆,0
6.839,291.270,-174.600,297.070,-153.600,457.102,500.000,111.270,-0.002,渐进启摆,0
6.861,281.316,369.000,286.699,244.800,-500.000,-500.000,101.316,-0.002,渐进启摆,0
6.879,293.313,-11.400,302.278,320.400,59.690,79.587,113.313,-0.002,渐进启摆,0
6.899,282.261,27.000,291.379,-5.400,-141.372,-188.496,102.261,-0.003,渐进启摆,0
6.919,281.250,-177.000,290.479,-195.000,463.385,500.000,101.250,-0.003,渐进启摆,0
6.939,280.503,435.600,288.435,396.600,-500.000,-500.000,100.503,-0.002,渐进启摆,0
6.959,288.259,-403.800,298.850,-210.000,500.000,500.000,108.259,-0.002,渐进启摆,0
6.979,277.581,303.000,286.765,218.400,-500.000,-500.000,97.581,-0.003,渐进启摆,0
6.999,286.458,-394.200,298.213,-213.000,500.000,500.000,106.458,-0.002,渐进启摆,0
7.019,276.196,296.400,287.249,342.600,-500.000,-500.000,96.196,-0.003,渐进启摆,0
7.039,285.886,-357.600,299.290,-323.400,500.000,500.000,105.886,-0.002,渐进启摆,0
7.059,275.779,282.000,287.952,273.000,-500.000,-500.000,95.779,-0.003,渐进启摆,0
7.079,285.117,-237.000,299.202,-205.800,500.000,500.000,105.117,-0.003,渐进启摆,0
7.099,276.724,330.000,288.149,283.200,-500.000,-500.000,96.724,-0.003,渐进启摆,0
7.120,285.776,-324.000,299.224,-225.600,500.000,500.000,105.776,-0.002,渐进启摆,0
7.140,276.592,328.200,287.644,274.800,-500.000,-500.000,96.592,-0.003,渐进启摆,0
7.159,286.370,-328.200,299.509,-36.600,500.000,500.000,106.370,-0.002,渐进启摆,0
7.179,276.328,209.400,288.721,296.400,-500.000,-500.000,96.328,-0.003,渐进启摆,0
7.200,285.337,-329.400,301.047,-141.000,500.000,500.000,105.337,-0.002,渐进启摆,0
7.220,275.076,255.600,288.940,280.200,-500.000,-500.000,95.076,-0.003,渐进启摆,0
7.240,285.205,-304.200,301.223,-124.200,500.000,500.000,105.205,-0.002,渐进启摆,0
7.260,274.460,243.000,288.501,267.000,-500.000,-500.000,94.460,-0.003,渐进启摆,0
7.280,285.139,-177.600,301.311,-117.000,464.956,500.000,105.139,-0.003,渐进启摆,0
7.299,274.087,132.000,288.149,129.000,-345.575,-460.767,94.087,-0.004,渐进启摆,0
7.320,282.239,-282.600,299.180,-201.600,500.000,500.000,102.239,-0.003,渐进启摆,0
7.340,278.372,501.000,289.468,364.800,-500.000,-500.000,98.372,-0.002,渐进启摆,0
7.360,289.204,-159.600,301.223,-191.400,417.832,500.000,109.204,-0.003,渐进启摆,0
7.380,280.437,300.000,290.830,333.000,-500.000,-500.000,100.437,-0.003,渐进启摆,0
7.400,286.919,-323.400,300.894,-118.200,500.000,500.000,106.919,-0.002,渐进启摆,0
7.419,278.438,360.000,291.841,268.200,-500.000,-500.000,98.438,-0.003,渐进启摆,0
7.439,286.436,-261.600,299.465,-284.400,500.000,500.000,106.436,-0.003,渐进启摆,0
7.459,279.360,328.200,292.676,301.200,-500.000,-500.000,99.360,-0.003,渐进启摆,0
7.479,285.579,-304.200,299.861,-271.800,500.000,500.000,105.579,-0.002,渐进启摆,0
7.499,278.965,310.800,293.181,252.000,-500.000,-500.000,98.965,-0.003,渐进启摆,0
7.519,284.985,-234.000,299.641,-259.200,500.000,500.000,104.985,-0.003,渐进启摆,0
7.540,279.646,317.400,293.401,257.400,-500.000,-500.000,99.646,-0.003,渐进启摆,0
7.559,285.469,-255.600,300.081,-225.600,500.000,500.000,105.469,-0.003,渐进启摆,0
7.579,279.580,326.400,294.258,244.800,-500.000,-500.000,99.580,-0.003,渐进启摆,0
7.599,286.414,-274.800,301.003,-255.000,500.000,500.000,106.414,-0.002,渐进启摆,0
7.619,279.558,265.800,294.609,231.000,-500.000,-500.000,99.558,-0.003,渐进启摆,0
7.639,286.523,-287.400,301.003,-316.200,500.000,500.000,106.523,-0.002,渐进启摆,0
7.659,278.745,268.800,293.994,214.200,-500.000,-500.000,98.745,-0.003,渐进启摆,0
7.679,286.743,-258.600,301.047,-250.200,500.000,500.000,106.743,-0.003,渐进启摆,0
7.699,279.558,283.200,293.752,225.000,-500.000,-500.000,99.558,-0.003,渐进启摆,0
7.719,287.380,-238.200,299.795,-311.400,500.000,500.000,107.380,-0.003,渐进启摆,0
7.739,280.085,287.400,293.335,257.400,-500.000,-500.000,100.085,-0.003,渐进启摆,0
7.759,287.600,-252.600,299.531,-259.800,500.000,500.000,107.600,-0.002,渐进启摆,0
7.779,281.426,318.600,292.939,225.000,-500.000,-500.000,101.426,-0.003,渐进启摆,0
7.799,288.325,-251.400,298.586,-321.600,500.000,500.000,108.325,-0.002,渐进启摆,0
7.819,281.997,307.800,292.390,264.600,-500.000,-500.000,101.997,-0.003,渐进启摆,0
7.839,288.655,-250.800,298.301,-263.400,500.000,500.000,108.655,-0.002,渐进启摆,0
7.859,282.151,304.800,291.819,242.400,-500.000,-500.000,102.151,-0.003,渐进启摆,0
7.879,289.050,-209.400,298.301,-261.000,500.000,500.000,109.050,-0.003,渐进启摆,0
7.899,282.898,315.000,291.270,247.200,-500.000,-500.000,102.898,-0.003,渐进启摆,0
7.919,290.303,-207.600,297.312,-345.600,500.000,500.000,110.303,-0.002,渐进启摆,0
7.939,283.030,327.600,290.039,249.600,-500.000,-500.000,103.030,-0.003,渐进启摆,0
7.959,290.259,-238.800,296.917,-275.400,500.000,500.000,110.259,-0.002,渐进启摆,0
7.979,282.349,279.600,288.655,223.800,-500.000,-500.000,102.349,-0.003,渐进启摆,0
7.999,290.522,-220.800,295.181,-362.400,500.000,500.000,110.522,-0.002,渐进启摆,0
8.020,281.909,270.000,286.633,246.600,-500.000,-500.000,101.909,-0.003,渐进启摆,0
8.040,290.852,-132.000,295.225,-289.200,345.575,460.767,110.852,-0.003,渐进启摆,0
8.059,281.646,162.600,288.040,237.600,-425.686,-500.000,101.646,-0.003,渐进启摆,0
8.079,284.546,-399.000,294.609,-312.000,500.000,500.000,104.546,-0.002,渐进启摆,0
8.099,276.394,205.800,285.952,192.000,-500.000,-500.000,96.394,-0.003,渐进启摆,0
8.120,284.458,-255.600,294.258,-283.800,500.000,500.000,104.458,-0.003,渐进启摆,0
8.140,274.153,27.600,285.403,190.200,-144.513,-192.684,94.153,-0.004,渐进启摆,0
8.160,282.458,-55.800,293.423,-139.200,292.168,389.557,102.458,-0.003,渐进启摆,0
8.180,283.491,254.400,293.774,311.400,-500.000,-500.000,103.491,-0.003,渐进启摆,0
8.199,288.809,-268.800,304.014,-20.400,500.000,500.000,108.809,-0.002,渐进启摆,0
8.220,281.140,204.000,297.048,249.600,-500.000,-500.000,101.140,-0.003,渐进启摆,0
8.240,291.885,13.800,309.639,-63.600,-72.257,-96.342,111.885,-0.003,渐进启摆,0
8.260,281.118,-318.000,300.146,-298.800,500.000,500.000,101.118,-0.003,渐进启摆,0
8.279,279.053,420.600,297.883,253.800,-500.000,-500.000,99.053,-0.002,渐进启摆,0
8.300,288.237,-239.400,306.079,-212.400,500.000,500.000,108.237,-0.002,渐进启摆,0
8.320,278.020,102.000,295.444,90.600,-500.000,-500.000,98.020,-0.003,渐进启摆,0
8.340,287.820,-141.000,304.519,-150.000,369.137,492.183,107.820,-0.003,渐进启摆,0
8.360,278.899,234.600,293.928,-16.200,-500.000,-500.000,98.899,-0.003,渐进启摆,0
8.380,283.667,-407.400,301.619,-219.000,500.000,500.000,103.667,-0.002,渐进启摆,0
8.399,269.780,-259.800,291.094,177.600,333.276,444.368,89.780,-0.004,渐进启摆,0
8.419,282.195,828.600,306.672,1382.400,-500.000,-500.000,102.195,0.001,渐进启摆,0
8.439,301.399,225.000,336.028,709.800,-500.000,-500.000,121.399,-0.002,渐进启摆,0
8.459,287.930,-1227.600,323.503,-1231.800,500.000,500.000,107.930,0.007,渐进启摆,0
8.479,258.772,-765.000,293.643,-759.000,500.000,500.000,78.772,-0.001,渐进启摆,0
8.499,271.230,1092.000,304.519,1247.400,-500.000,-500.000,91.230,0.003,渐进启摆,0
8.519,301.750,868.200,335.830,696.600,-500.000,-500.000,121.750,0.003,渐进启摆,0
8.539,290.149,-1203.600,322.646,-1372.200,500.000,500.000,110.149,0.006,渐进启摆,0
8.559,257.761,-863.400,290.720,-808.800,500.000,500.000,77.761,-0.000,渐进启摆,0
8.579,268.945,1195.800,302.278,1226.400,-500.000,-500.000,88.945,0.005,渐进启摆,0
8.599,300.476,906.000,335.457,980.400,-500.000,-500.000,120.476,0.003,渐进启摆,0
8.619,288.457,-1255.200,323.987,-1417.800,500.000,500.000,108.457,0.007,渐进启摆,0
8.640,255.762,-875.400,292.258,-861.600,500.000,500.000,75.762,-0.000,渐进启摆,0
8.660,265.891,1126.800,304.299,1301.400,-500.000,-500.000,85.891,0.004,渐进启摆,0
8.679,296.235,879.000,337.808,985.200,-500.000,-500.000,116.235,0.003,渐进启摆,0
8.699,284.700,-1176.600,326.689,-1362.600,500.000,500.000,104.700,0.006,渐进启摆,0
8.719,255.059,-817.200,295.269,-808.800,500.000,500.000,75.059,-0.001,渐进启摆,0
8.739,264.858,1002.600,307.573,1345.800,-500.000,-500.000,84.858,0.002,渐进启摆,0
8.759,292.917,721.800,340.049,962.400,-500.000,-500.000,112.917,0.001,渐进启摆,0
8.779,281.118,-1064.400,328.909,-1235.400,500.000,500.000,101.118,0.004,渐进启摆,0
8.799,253.081,-775.800,298.674,-526.800,500.000,500.000,73.081,-0.002,渐进启摆,0
8.820,263.145,999.600,311.924,1239.000,-500.000,-500.000,83.145,0.002,渐进启摆,0
8.839,291.445,898.800,343.499,1109.400,-500.000,-500.000,111.445,0.002,渐进启摆,0
8.860,281.272,-1011.600,333.303,-1033.800,500.000,500.000,101.272,0.003,渐进启摆,0
8.880,255.256,-681.600,304.124,-634.200,500.000,500.000,75.256,-0.002,渐进启摆,0
8.900,265.781,1084.800,315.923,1113.000,-500.000,-500.000,85.781,0.003,渐进启摆,0
8.920,295.137,837.600,346.794,761.400,-500.000,-500.000,115.137,0.002,渐进启摆,0
8.940,284.897,-1155.000,335.215,-1124.400,500.000,500.000,104.897,0.005,渐进启摆,0
8.960,256.267,-907.200,304.958,-886.200,500.000,500.000,76.267,0.000,渐进启摆,0
8.980,264.924,1014.600,315.132,978.000,-500.000,-500.000,84.924,0.002,渐进启摆,0
9.000,293.599,783.000,344.729,789.600,-500.000,-500.000,113.599,0.001,渐进启摆,0
9.020,282.898,-1150.800,332.908,-1188.000,500.000,500.000,102.898,0.005,渐进启摆,0
9.040,254.443,-943.800,302.498,-606.600,500.000,500.000,74.443,0.000,渐进启摆,0
9.060,263.167,985.200,313.396,984.000,-500.000,-500.000,83.167,0.001,渐进启摆,0
9.080,290.544,709.200,344.004,1084.200,-500.000,-500.000,110.544,0.000,渐进启摆,0
9.100,279.536,-1054.200,333.677,-1144.200,500.000,500.000,99.536,0.004,渐进启摆,0
9.120,251.301,-971.400,303.398,-650.400,500.000,500.000,71.301,0.000,渐进启摆,0
9.140,260.815,1069.800,314.912,1125.000,-500.000,-500.000,80.815,0.002,渐进启摆,0
9.160,290.852,873.000,347.080,1092.000,-500.000,-500.000,110.852,0.002,渐进启摆,0
9.179,278.547,-1249.200,336.555,-1299.600,500.000,500.000,98.547,0.006,渐进启摆,0
9.199,248.379,-802.200,306.343,-551.400,500.000,500.000,68.379,-0.002,渐进启摆,0
9.219,260.837,1214.400,318.933,1203.000,-500.000,-500.000,80.837,0.004,渐进启摆,0
9.239,292.126,913.800,351.914,981.000,-500.000,-500.000,112.126,0.003,渐进启摆,0
9.259,280.679,-1191.000,340.972,-1348.800,500.000,500.000,100.679,0.006,渐进启摆,0
9.279,252.444,-850.200,309.924,-836.400,500.000,500.000,72.444,-0.001,渐进启摆,0
9.299,263.716,1166.400,319.241,977.400,-500.000,-500.000,83.716,0.004,渐进启摆,0
9.319,294.082,926.400,348.091,876.600,-500.000,-500.000,114.082,0.003,渐进启摆,0
9.339,283.052,-1168.800,336.138,-1212.000,500.000,500.000,103.052,0.005,渐进启摆,0
9.359,256.487,-717.600,306.409,-745.200,500.000,500.000,76.487,-0.002,渐进启摆,0
9.379,267.319,1135.200,317.241,1013.400,-500.000,-500.000,87.319,0.004,渐进启摆,0
9.399,295.225,828.000,347.080,954.600,-500.000,-500.000,115.225,0.002,渐进启摆,0
9.419,284.963,-1021.800,334.380,-1249.800,500.000,500.000,104.963,0.003,渐进启摆,0
9.439,261.343,-592.800,303.904,-715.800,500.000,500.000,81.343,-0.003,渐进启摆,0
9.459,272.219,914.400,315.286,960.600,-500.000,-500.000,92.219,0.001,渐进启摆,0
9.479,297.290,709.200,343.806,735.600,-500.000,-500.000,117.290,0.001,渐进启摆,0
9.499,287.073,-1000.800,331.545,-1135.800,500.000,500.000,107.073,0.003,渐进启摆,0
9.519,264.221,-591.600,302.102,-700.800,500.000,500.000,84.221,-0.002,渐进启摆,0
9.539,274.834,887.400,313.308,905.400,-500.000,-500.000,94.834,0.001,渐进启摆,0
9.560,299.883,712.200,342.686,975.000,-500.000,-500.000,119.883,0.001,渐进启摆,0
9.579,289.797,-943.800,332.139,-1114.800,500.000,500.000,109.797,0.003,渐进启摆,0
9.599,264.836,-674.400,303.838,-700.800,500.000,500.000,84.836,-0.002,渐进启摆,0
9.619,274.307,866.400,315.461,940.800,-500.000,-500.000,94.307,0.001,渐进启摆,0
9.639,298.894,678.000,345.081,926.400,-500.000,-500.000,118.894,0.001,渐进启摆,0
9.660,287.952,-976.800,333.721,-1102.800,500.000,500.000,107.952,0.003,渐进启摆,0
9.680,262.749,-807.000,304.475,-705.600,500.000,500.000,82.749,-0.001,渐进启摆,0
9.700,270.483,747.600,315.396,916.200,-500.000,-500.000,90.483,-0.001,渐进启摆,0
9.720,292.017,688.800,343.499,698.400,-500.000,-500.000,112.017,0.000,渐进启摆,0
9.740,282.349,-817.200,331.765,-1111.200,500.000,500.000,102.349,0.001,渐进启摆,0
9.760,263.386,-401.400,303.025,-639.600,500.000,500.000,83.386,-0.004,渐进启摆,0
9.780,272.043,595.200,313.550,808.200,-500.000,-500.000,92.043,-0.002,渐进启摆,0
9.800,289.951,499.200,341.147,937.200,-500.000,-500.000,109.951,-0.001,渐进启摆,0
9.819,281.843,-555.600,332.534,-907.800,500.000,500.000,101.843,-0.001,渐进启摆,0
9.839,269.670,-153.600,306.892,-633.600,197.041,262.721,89.670,-0.004,渐进启摆,0
9.859,274.548,147.600,313.088,267.600,-386.416,-500.000,94.548,-0.004,渐进启摆,0
9.879,275.823,-186.000,316.362,-204.600,486.947,500.000,95.823,-0.003,渐进启摆,0
9.899,273.384,331.200,311.638,218.400,-500.000,-500.000,93.384,-0.003,渐进启摆,0
9.919,279.250,-210.600,319.131,-161.400,500.000,500.000,99.250,-0.003,渐进启摆,0
9.939,274.263,266.400,314.692,313.800,-500.000,-500.000,94.263,-0.003,渐进启摆,0
9.959,280.151,-234.000,322.361,-178.200,500.000,500.000,100.151,-0.003,渐进启摆,0
9.979,274.438,242.400,317.329,290.400,-500.000,-500.000,94.438,-0.003,渐进启摆,0
9.999,281.777,-208.800,325.481,-169.200,500.000,500.000,101.777,-0.003,渐进启摆,0
10.019,274.460,229.800,319.285,225.600,-500.000,-500.000,94.460,-0.003,渐进启摆,0
10.039,283.491,-181.200,327.986,-192.000,474.381,500.000,103.491,-0.003,渐进启摆,0
10.059,276.548,251.400,320.273,208.800,-500.000,-500.000,96.548,-0.003,渐进启摆,0
10.079,284.326,-219.600,327.766,-288.000,500.000,500.000,104.326,-0.003,渐进启摆,0
10.099,276.987,270.000,320.032,193.200,-500.000,-500.000,96.987,-0.003,渐进启摆,0
10.120,284.392,-239.400,327.415,-246.000,500.000,500.000,104.392,-0.003,渐进启摆,0
10.140,277.559,213.600,319.065,150.600,-500.000,-500.000,97.559,-0.003,渐进启摆,0
10.160,284.260,-205.800,325.701,-245.400,500.000,500.000,104.260,-0.003,渐进启摆,0
10.180,278.064,241.200,318.120,190.800,-500.000,-500.000,98.064,-0.003,渐进启摆,0
10.200,283.557,-265.200,325.129,-181.800,500.000,500.000,103.557,-0.003,渐进启摆,0
10.219,277.756,219.000,318.735,210.000,-500.000,-500.000,97.756,-0.003,渐进启摆,0
10.240,283.293,-240.000,325.635,-245.400,500.000,500.000,103.293,-0.003,渐进启摆,0
10.260,278.196,285.600,318.757,203.400,-500.000,-500.000,98.196,-0.003,渐进启摆,0
10.280,283.623,-249.600,325.876,-237.000,500.000,500.000,103.623,-0.003,渐进启摆,0
10.300,277.932,297.600,318.560,202.200,-500.000,-500.000,97.932,-0.003,渐进启摆,0
10.319,283.975,-219.000,325.305,-239.400,500.000,500.000,103.975,-0.003,渐进启摆,0
10.339,278.284,277.800,317.461,175.200,-500.000,-500.000,98.284,-0.003,渐进启摆,0
10.359,284.985,-245.400,325.437,-233.400,500.000,500.000,104.985,-0.003,渐进启摆,0
10.379,277.734,264.000,317.703,262.800,-500.000,-500.000,97.734,-0.003,渐进启摆,0
10.399,286.633,-106.800,326.711,-204.000,500.000,500.000,106.633,-0.003,渐进启摆,0
10.419,277.537,105.600,316.538,87.600,-500.000,-500.000,97.537,-0.004,渐进启摆,0
10.439,287.029,-129.600,328.074,-60.000,339.292,452.389,107.029,-0.003,渐进启摆,0
10.459,275.559,-7.200,317.153,115.800,37.699,50.265,95.559,-0.004,渐进启摆,0
10.479,281.602,151.800,330.051,533.400,-397.411,-500.000,101.602,-0.003,渐进启摆,0
10.499,280.547,-390.000,333.765,-330.000,500.000,500.000,100.547,-0.002,渐进启摆,0
10.519,269.451,-21.600,317.395,-287.400,55.418,73.890,89.451,-0.004,渐进启摆,0
10.539,285.667,864.000,334.028,973.800,-500.000,-500.000,105.667,0.002,渐进启摆,0
10.560,293.511,-353.400,342.971,-407.400,500.000,500.000,113.511,-0.002,渐进启摆,0
10.580,276.196,-462.600,324.712,-470.400,500.000,500.000,96.196,-0.002,渐进启摆,0
10.599,296.301,1835.400,345.103,1970.400,-500.000,-500.000,116.301,0.019,渐进启摆,0
10.619,336.248,1214.400,26.104,1183.800,-500.000,-500.000,156.248,0.009,渐进启摆,0
10.639,323.657,-1682.400,12.986,-1719.600,500.000,500.000,143.657,0.017,渐进启摆,0
10.659,285.535,-1338.600,334.050,-1092.000,500.000,500.000,105.535,0.008,渐进启摆,0
10.679,297.598,1621.200,348.113,1647.600,-500.000,-500.000,117.598,0.014,渐进启摆,0
10.700,334.929,1081.200,25.291,1044.000,-500.000,-500.000,154.929,0.007,渐进启摆,0
10.719,321.218,-1731.000,10.481,-1730.400,500.000,500.000,141.218,0.018,渐进启摆,0
10.739,282.612,-1309.200,331.479,-1127.400,500.000,500.000,102.612,0.008,渐进启摆,0
10.759,294.983,1570.200,345.454,1717.800,-500.000,-500.000,114.983,0.013,渐进启摆,0
10.780,331.436,1003.200,22.302,792.600,-500.000,-500.000,151.436,0.006,渐进启摆,0
10.799,317.922,-1643.400,7.603,-1647.000,500.000,500.000,137.922,0.016,渐进启摆,0
10.819,282.195,-924.000,329.919,-1027.800,500.000,500.000,102.195,0.002,渐进启摆,0
10.839,293.269,1159.200,343.147,1649.400,-500.000,-500.000,113.269,0.006,渐进启摆,0
10.859,323.855,810.600,18.083,721.200,-500.000,-500.000,143.855,0.003,渐进启摆,0
10.879,312.517,-1139.400,3.274,-1481.400,500.000,500.000,132.517,0.007,渐进启摆,0
10.899,283.953,-767.400,327.832,-964.800,500.000,500.000,103.953,0.001,渐进启摆,0
10.919,294.368,1014.600,340.400,1566.000,-500.000,-500.000,114.368,0.004,渐进启摆,0
10.939,323.811,829.200,15.513,860.400,-500.000,-500.000,143.811,0.004,渐进启摆,0
10.959,310.122,-1396.200,0.901,-1515.600,500.000,500.000,130.122,0.011,渐进启摆,0
10.979,274.548,-965.400,324.250,-1064.400,500.000,500.000,94.548,0.002,渐进启摆,0
10.999,287.666,1595.400,338.005,1620.000,-500.000,-500.000,107.666,0.013,渐进启摆,0
11.019,324.712,1071.000,16.150,1115.400,-500.000,-500.000,144.712,0.006,渐进启摆,0
11.039,309.375,-1740.600,2.461,-1537.800,500.000,500.000,129.375,0.017,渐进启摆,0
11.059,268.506,-1182.000,325.811,-1074.600,500.000,500.000,88.506,0.005,渐进启摆,0
11.079,283.206,1746.000,341.104,1704.000,-500.000,-500.000,103.206,0.016,渐进启摆,0
11.099,323.042,1395.600,19.644,1080.000,-500.000,-500.000,143.042,0.011,渐进启摆,0
11.119,309.331,-1500.000,4.241,-1561.800,500.000,500.000,129.331,0.013,渐进启摆,0
11.139,272.021,-1083.000,328.667,-756.000,500.000,500.000,92.021,0.003,渐进启摆,0
11.159,288.018,1654.200,346.311,1648.800,-500.000,-500.000,108.018,0.014,渐进启摆,0
11.180,325.525,1033.800,23.994,866.400,-500.000,-500.000,145.525,0.006,渐进启摆,0
11.200,308.562,-1626.000,6.460,-1557.000,500.000,500.000,128.562,0.015,渐进启摆,0
11.220,272.988,-1074.600,330.535,-898.800,500.000,500.000,92.988,0.003,渐进启摆,0
11.240,289.094,1608.000,349.453,1522.200,-500.000,-500.000,109.094,0.013,渐进启摆,0
11.260,322.998,914.400,24.104,1003.800,-500.000,-500.000,142.998,0.004,渐进启摆,0
11.279,304.739,-1659.000,7.603,-1542.000,500.000,500.000,124.739,0.015,渐进启摆,0
11.299,270.967,-759.000,332.205,-853.200,500.000,500.000,90.967,-0.000,渐进启摆,0
11.319,291.204,1594.800,352.288,1661.400,-500.000,-500.000,111.204,0.013,渐进启摆,0
11.340,325.920,955.800,26.038,768.600,-500.000,-500.000,145.920,0.005,渐进启摆,0
11.360,307.881,-1694.400,7.690,-1661.400,500.000,500.000,127.881,0.016,渐进启摆,0
11.380,272.549,-946.800,331.348,-839.400,500.000,500.000,92.549,0.002,渐进启摆,0
11.399,290.742,1563.600,350.090,1633.200,-500.000,-500.000,110.742,0.013,渐进启摆,0
11.419,323.635,769.200,22.390,591.600,-500.000,-500.000,143.635,0.003,渐进启摆,0
11.439,303.530,-1750.200,5.273,-1575.000,500.000,500.000,123.530,0.017,渐进启摆,0
11.460,269.429,-716.400,330.337,-612.600,500.000,500.000,89.429,-0.001,渐进启摆,0
11.480,293.511,1735.200,351.255,1585.200,-500.000,-500.000,113.511,0.016,渐进启摆,0
11.501,329.194,970.800,25.466,945.000,-500.000,-500.000,149.194,0.005,渐进启摆,0
11.520,309.858,-1718.400,10.986,-1524.600,500.000,500.000,129.858,0.017,渐进启摆,0
11.540,275.471,-569.400,336.160,-880.200,500.000,500.000,95.471,-0.002,渐进启摆,0
11.560,297.993,1749.000,355.540,1734.600,-500.000,-500.000,117.993,0.017,渐进启摆,0
11.580,331.194,715.800,26.433,700.800,-500.000,-500.000,151.194,0.003,渐进启摆,0
11.599,309.023,-1740.000,9.602,-1422.000,500.000,500.000,129.023,0.017,渐进启摆,0
11.619,273.735,-900.000,334.468,-918.000,500.000,500.000,93.735,0.001,渐进启摆,0
11.640,294.895,1669.800,350.134,1375.800,-500.000,-500.000,114.895,0.015,渐进启摆,0
11.660,330.381,1078.200,25.532,1060.200,-500.000,-500.000,150.381,0.007,渐进启摆,0
11.680,310.276,-1743.600,12.766,-1451.400,500.000,500.000,130.276,0.018,渐进启摆,0
11.700,275.691,-615.000,337.061,-1000.200,500.000,500.000,95.691,-0.001,渐进启摆,0
11.720,298.235,1720.200,353.672,1598.400,-500.000,-500.000,118.235,0.016,渐进启摆,0
11.740,331.699,715.800,30.806,1073.400,-500.000,-500.000,151.699,0.003,渐进启摆,0
11.760,308.496,-1840.200,15.447,-1564.800,500.000,500.000,128.496,0.020,渐进启摆,0
11.780,272.812,-715.800,337.764,-1040.400,500.000,500.000,92.812,-0.001,渐进启摆,0
11.800,294.917,1755.600,354.265,1645.200,-500.000,-500.000,114.917,0.017,渐进启摆,0
11.820,330.029,957.000,28.762,946.800,-500.000,-500.000,150.029,0.005,渐进启摆,0
11.840,309.397,-1779.000,11.316,-1602.000,500.000,500.000,129.397,0.018,渐进启摆,0
11.860,273.186,-882.000,334.336,-890.400,500.000,500.000,93.186,0.001,渐进启摆,0
11.880,293.708,1722.000,353.650,1689.600,-500.000,-500.000,113.708,0.016,渐进启摆,0
11.900,327.920,844.200,27.114,900.600,-500.000,-500.000,147.920,0.004,渐进启摆,0
11.920,306.848,-1755.000,8.108,-1636.200,500.000,500.000,126.848,0.018,渐进启摆,0
11.940,272.263,-643.200,330.579,-880.200,500.000,500.000,92.263,-0.001,渐进启摆,0
11.960,295.225,1806.000,350.903,1753.200,-500.000,-500.000,115.225,0.018,渐进启摆,0
11.979,329.502,912.000,25.071,636.600,-500.000,-500.000,149.502,0.005,渐进启摆,0
12.000,309.023,-1797.600,3.362,-1668.000,500.000,500.000,129.023,0.019,渐进启摆,0
12.020,275.295,-516.000,326.536,-945.600,500.000,500.000,95.295,-0.002,渐进启摆,0
12.040,299.136,1816.800,346.641,1784.400,-500.000,-500.000,119.136,0.019,渐进启摆,0
12.060,332.820,623.400,19.644,310.200,-500.000,-500.000,152.820,0.002,渐进启摆,0
12.080,311.353,-1769.400,357.605,-1591.200,500.000,500.000,131.353,0.018,渐进启摆,0
12.100,277.756,-516.000,323.547,-896.400,500.000,500.000,97.756,-0.002,渐进启摆,0
12.120,302.080,1853.400,344.795,1855.800,-500.000,-500.000,122.080,0.020,渐进启摆,0
12.140,336.160,606.600,20.105,606.600,-500.000,-500.000,156.160,0.002,渐进启摆,0
12.160,314.363,-1818.600,0.308,-1506.000,500.000,500.000,134.363,0.019,渐进启摆,0
12.180,278.372,-847.800,325.701,-883.200,500.000,500.000,98.372,0.001,渐进启摆,0
12.199,299.993,1807.200,346.948,1889.400,-500.000,-500.000,119.993,0.018,渐进启摆,0
12.220,333.523,575.400,22.896,654.000,-500.000,-500.000,153.523,0.002,渐进启摆,0
12.239,311.550,-1814.400,3.318,-1524.000,500.000,500.000,131.550,0.019,渐进启摆,0
12.259,277.690,-548.400,329.392,-715.800,500.000,500.000,97.690,-0.002,渐进启摆,0
12.280,302.014,1855.200,351.189,1714.200,-500.000,-500.000,122.014,0.020,渐进启摆,0
12.300,335.984,587.400,26.257,627.600,-500.000,-500.000,155.984,0.002,渐进启摆,0
12.320,314.341,-1834.800,5.493,-1494.600,500.000,500.000,134.341,0.020,渐进启摆,0
12.340,278.767,-791.400,331.150,-759.000,500.000,500.000,98.767,0.000,渐进启摆,0
12.360,300.696,1824.600,350.574,1645.800,-500.000,-500.000,120.696,0.019,渐进启摆,0
12.380,333.787,523.200,23.137,550.800,-500.000,-500.000,153.787,0.001,渐进启摆,0
12.399,311.418,-1837.800,1.736,-1569.000,500.000,500.000,131.418,0.020,渐进启摆,0
12.419,277.690,-521.400,327.766,-795.000,500.000,500.000,97.690,-0.002,渐进启摆,0
12.440,302.278,1849.200,347.563,1710.600,-500.000,-500.000,122.278,0.020,渐进启摆,0
12.459,336.445,576.000,19.314,631.800,-500.000,-500.000,156.445,0.002,渐进启摆,0
12.479,314.011,-1830.000,358.748,-1501.200,500.000,500.000,134.011,0.020,渐进启摆,0
12.499,278.350,-841.200,323.877,-930.600,500.000,500.000,98.350,0.001,渐进启摆,0
12.520,300.828,1847.400,344.861,1923.000,-500.000,-500.000,120.828,0.019,渐进启摆,0
12.540,335.654,840.600,19.688,696.600,-500.000,-500.000,155.654,0.004,渐进启摆,0
12.560,315.835,-1824.000,2.131,-1391.400,500.000,500.000,135.835,0.020,渐进启摆,0
12.580,280.723,-854.400,326.360,-1107.000,500.000,500.000,100.723,0.001,渐进启摆,0
12.599,303.223,1848.000,342.773,1761.000,-500.000,-500.000,123.223,0.020,渐进启摆,0
12.619,336.379,581.400,17.402,703.800,-500.000,-500.000,156.379,0.002,渐进启摆,0
12.640,313.967,-1852.800,358.660,-1555.200,500.000,500.000,133.967,0.020,渐进启摆,0
12.660,278.591,-852.600,323.438,-948.000,500.000,500.000,98.591,0.001,渐进启摆,0
12.680,300.938,1770.600,344.971,1926.600,-500.000,-500.000,120.938,0.018,渐进启摆,0
12.700,333.655,574.200,19.556,815.400,-500.000,-500.000,153.655,0.002,渐进启摆,0
12.720,310.935,-1852.200,1.780,-1501.200,500.000,500.000,130.935,0.020,渐进启摆,0
12.740,275.603,-587.400,324.976,-1002.600,500.000,500.000,95.603,-0.002,渐进启摆,0
12.760,298.235,1701.600,343.279,1855.200,-500.000,-500.000,118.235,0.016,渐进启摆,0
12.780,332.754,867.600,16.941,759.000,-500.000,-500.000,152.754,0.004,渐进启摆,0
12.800,312.473,-1793.400,358.616,-1581.000,500.000,500.000,132.473,0.019,渐进启摆,0
12.830,285.513,1356.000,325.920,1035.600,-500.000,-500.000,105.513,0.009,渐进启摆,0
12.845,310.913,1385.400,349.321,1161.600,-500.000,-500.000,130.913,0.011,渐进启摆,0
12.860,302.893,-1462.200,342.136,-1432.200,500.000,500.000,122.893,0.012,渐进启摆,0
12.879,272.944,-651.000,312.561,-835.200,500.000,500.000,92.944,-0.001,渐进启摆,0
12.899,296.565,1858.200,331.721,1746.600,-500.000,-500.000,116.565,0.019,渐进启摆,0
12.919,330.754,465.600,7.295,703.800,-500.000,-500.000,150.754,0.001,渐进启摆,0
12.939,307.375,-1802.400,348.354,-1530.600,500.000,500.000,127.375,0.019,渐进启摆,0
12.960,273.296,-615.600,311.550,-919.800,500.000,500.000,93.296,-0.002,渐进启摆,0
12.980,296.279,1803.600,330.974,1725.000,-500.000,-500.000,116.279,0.018,渐进启摆,0
13.000,330.447,594.600,6.108,970.800,-500.000,-500.000,150.447,0.002,渐进启摆,0
13.019,308.628,-1786.200,349.409,-1488.000,500.000,500.000,128.628,0.018,渐进启摆,0
13.039,274.658,-562.800,314.319,-822.600,500.000,500.000,94.658,-0.002,渐进启摆,0
13.060,298.762,1794.000,334.863,1650.600,-500.000,-500.000,118.762,0.018,渐进启摆,0
13.080,332.820,639.000,9.536,1017.600,-500.000,-500.000,152.820,0.002,渐进启摆,0
13.099,311.418,-1782.600,351.958,-1548.600,500.000,500.000,131.418,0.019,渐进启摆,0
13.119,277.932,-543.600,316.846,-544.800,500.000,500.000,97.932,-0.002,渐进启摆,0
13.140,302.146,1839.000,338.203,1739.400,-500.000,-500.000,122.146,0.019,渐进启摆,0
13.160,335.918,636.600,12.568,978.000,-500.000,-500.000,155.918,0.002,渐进启摆,0
13.179,314.231,-1804.200,354.265,-1652.400,500.000,500.000,134.231,0.019,渐进启摆,0
