时间(s),摆角(°),摆速(°/s),飞轮角(°),飞轮速(°/s),控制(RPM),倒立误差(°),是否平衡
0.00,0.00,0.00,-0.20,0.00,3000.00,180.00,0
0.02,0.00,0.00,18.94,2823.00,3000.00,180.00,0
0.04,0.00,4.80,129.77,6802.20,3000.00,180.00,0
0.06,0.02,0.00,264.64,6880.80,3000.00,179.98,0
0.08,-0.02,-0.60,403.04,7050.00,3000.00,179.98,0
0.10,0.02,5.40,545.58,7380.60,3000.00,179.98,0
0.12,0.00,-5.40,689.63,7244.40,-3000.00,180.00,0
0.15,0.02,10.80,841.71,3285.60,3000.00,179.98,0
0.16,0.04,0.00,854.91,337.80,3000.00,179.96,0
0.18,0.02,-11.40,909.93,4241.40,-3000.00,179.98,0
0.20,0.00,0.00,999.62,4268.40,3000.00,180.00,0
0.22,-0.02,0.00,1038.05,1609.80,3000.00,179.98,0
0.24,-0.02,0.00,1129.90,6514.80,3000.00,179.98,0
0.26,0.04,10.20,1267.62,6835.80,3000.00,179.96,0
0.28,0.00,-0.60,1407.50,7020.00,3000.00,180.00,0
0.30,-0.02,10.80,1547.56,7091.40,3000.00,179.98,0
0.32,0.07,0.00,1689.52,7400.40,3000.00,179.93,0
0.34,-0.04,-4.80,1833.88,7121.40,3000.00,179.96,0
0.36,0.04,0.00,1979.78,7344.00,3000.00,179.96,0
0.38,0.00,0.00,2124.73,7159.80,3000.00,180.00,0
0.40,0.00,10.20,2270.85,7378.80,3000.00,180.00,0
0.42,0.07,0.00,2415.89,7128.60,3000.00,179.93,0
0.44,-0.04,0.00,2561.42,7398.60,3000.00,179.96,0
0.46,0.07,4.80,2706.39,7175.40,3000.00,179.93,0
0.48,0.00,0.00,2851.00,7191.60,3000.00,180.00,0
0.50,0.00,0.60,2990.15,7007.40,3000.00,180.00,0
0.52,0.04,-6.00,3128.12,6929.40,-3000.00,179.96,0
0.54,-0.04,0.00,3254.55,4845.60,3000.00,179.96,0
0.56,-0.02,0.00,3304.29,2014.20,3000.00,179.98,0
0.58,0.02,0.00,3365.44,2913.60,3000.00,179.98,0
0.60,0.07,5.40,3418.68,5355.00,3000.00,179.93,0
0.62,0.02,-1.20,3539.88,6313.80,3000.00,179.98,0
0.64,-0.02,0.00,3671.21,6858.00,3000.00,179.98,0
0.66,0.02,0.00,3808.61,6985.20,3000.00,179.98,0
0.68,0.00,0.00,3950.31,6985.80,3000.00,180.00,0
0.70,-0.02,4.80,4093.57,7088.40,3000.00,179.98,0
0.72,0.04,0.00,4234.26,7204.80,3000.00,179.96,0
0.74,-0.02,0.00,4370.93,6656.40,3000.00,179.98,0
0.76,0.02,6.00,4506.15,6859.80,3000.00,179.98,0
0.78,0.02,-4.80,4640.41,6650.40,3000.00,179.98,0
0.80,-0.02,0.00,4774.44,7027.20,3000.00,179.98,0
0.82,0.04,0.00,4911.70,6826.20,3000.00,179.96,0
0.84,0.00,-5.40,5050.96,6934.80,-3000.00,180.00,0
0.86,0.00,0.00,5181.00,5117.40,3000.00,180.00,0
0.88,0.04,10.80,5230.09,2130.00,3000.00,179.96,0
0.90,0.04,0.00,5305.45,4077.00,3000.00,179.96,0
0.92,-0.02,-10.20,5397.87,6256.80,-3000.00,179.98,0
0.94,0.00,4.80,5520.74,4953.00,3000.00,180.00,0
0.96,0.04,0.00,5571.08,2379.60,3000.00,179.96,0
0.98,0.04,0.00,5642.36,3799.80,3000.00,179.96,0
1.00,0.00,0.00,5722.05,5722.20,3000.00,180.00,0
1.02,-0.02,5.40,5850.40,6888.00,3000.00,179.98,0
1.04,0.07,0.00,5990.78,7254.60,3000.00,179.93,0
1.06,-0.04,-10.20,6132.33,7131.60,-3000.00,179.96,0
1.08,0.02,0.60,6264.29,5276.40,3000.00,179.98,0
1.10,0.04,0.00,6317.80,1969.80,3000.00,179.96,0
1.12,0.02,0.00,6381.34,3791.40,3000.00,179.98,0
1.14,-0.02,0.00,6463.28,5442.60,3000.00,179.98,0
1.16,0.00,5.40,6597.20,7223.40,3000.00,180.00,0
1.18,0.04,0.00,6738.53,7066.20,3000.00,179.96,0
1.20,-0.04,-4.80,6882.21,7356.00,3000.00,179.96,0
1.22,0.04,10.20,7025.84,7063.20,3000.00,179.96,0
1.24,0.00,0.00,7167.48,7253.40,3000.00,180.00,0
1.26,0.00,0.00,7309.73,7212.60,3000.00,180.00,0
1.28,0.04,0.00,7453.45,7312.20,3000.00,179.96,0
1.30,-0.02,0.00,7595.20,7249.80,3000.00,179.98,0
1.32,0.04,4.80,7738.53,7312.80,3000.00,179.96,0
1.34,0.00,-4.80,7882.16,6951.00,3000.00,180.00,0
1.36,-0.02,4.80,8024.99,7069.20,3000.00,179.98,0
1.38,0.04,0.00,8167.70,7236.00,3000.00,179.96,0
1.40,-0.02,0.00,8309.64,7338.60,3000.00,179.98,0
1.42,0.02,0.00,8451.67,6909.60,3000.00,179.98,0
1.44,0.00,-1.20,8595.64,7151.40,3000.00,180.00,0
1.46,-0.02,0.00,8737.40,7284.60,3000.00,179.98,0
1.48,0.04,0.00,8880.58,7453.80,3000.00,179.96,0
1.50,-0.02,4.80,9022.72,7116.60,3000.00,179.98,0
1.52,0.04,5.40,9165.63,7160.40,3000.00,179.96,0
1.54,0.00,-10.80,9310.19,7009.20,-3000.00,180.00,0
1.56,-0.02,0.00,9440.33,5200.80,3000.00,179.98,0
1.58,0.02,0.00,9492.45,1628.40,3000.00,179.98,0
1.60,0.04,0.00,9552.48,3591.00,3000.00,179.96,0
1.62,0.02,0.00,9629.52,5562.60,3000.00,179.98,0
1.64,-0.02,0.00,9763.37,7078.80,3000.00,179.98,0
1.66,0.04,0.00,9907.29,7058.40,3000.00,179.96,0
1.68,0.00,0.00,10047.57,7290.60,3000.00,180.00,0
1.70,0.00,4.80,10189.47,7165.20,3000.00,180.00,0
1.72,0.04,0.00,10334.33,7215.60,3000.00,179.96,0
1.74,-0.02,0.00,10476.50,7059.60,3000.00,179.98,0
1.76,0.04,0.00,10620.07,7097.40,3000.00,179.96,0
1.78,0.00,-4.80,10761.57,7030.20,3000.00,180.00,0
1.80,-0.02,0.00,10905.34,7339.80,3000.00,179.98,0
1.82,0.04,-0.60,11048.62,7451.40,3000.00,179.96,0
1.84,-0.02,0.00,11190.59,7305.60,3000.00,179.98,0
1.86,0.04,0.00,11332.86,7087.20,3000.00,179.96,0
1.88,0.00,-0.60,11477.09,7281.60,3000.00,180.00,0
1.90,-0.02,0.60,11620.57,7285.20,3000.00,179.98,0
1.92,0.04,0.00,11763.08,7328.40,3000.00,179.96,0
1.94,-0.02,-0.60,11906.08,7057.80,3000.00,179.98,0
1.96,0.04,6.00,12048.66,6988.80,3000.00,179.96,0
1.98,0.00,-1.80,12193.15,7203.00,3000.00,180.00,0
2.00,-0.02,5.40,12334.94,7429.20,3000.00,179.98,0
2.02,0.04,0.00,12477.88,7317.60,3000.00,179.96,0
2.04,-0.02,-0.60,12619.64,6907.80,3000.00,179.98,0
2.06,0.04,0.60,12763.65,7173.00,3000.00,179.96,0
2.08,0.00,-10.80,12908.78,7325.40,-3000.00,180.00,0
2.10,-0.02,0.00,13039.58,5152.20,3000.00,179.98,0
2.12,0.02,0.00,13091.15,1588.20,3000.00,179.98,0
2.14,0.04,0.00,13151.97,3664.80,3000.00,179.96,0
2.16,0.02,0.00,13234.33,5624.40,3000.00,179.98,0
2.18,-0.02,0.00,13368.69,7039.20,3000.00,179.98,0
2.20,0.04,5.40,13512.44,7223.40,3000.00,179.96,0
2.22,-0.02,-5.40,13655.57,7300.20,-3000.00,179.98,0
2.24,0.00,0.00,13788.00,5348.40,3000.00,180.00,0
2.26,0.04,4.80,13841.59,1639.20,3000.00,179.96,0
2.28,0.04,0.00,13903.22,3592.80,3000.00,179.96,0
2.30,0.00,0.00,13984.91,5630.40,3000.00,180.00,0
2.32,-0.02,0.00,14117.94,6955.20,3000.00,179.98,0
2.34,0.04,0.00,14261.97,7266.00,3000.00,179.96,0
2.36,-0.02,-10.80,14406.88,7161.60,-3000.00,179.98,0
2.38,0.02,0.00,14539.48,5352.00,3000.00,179.98,0
2.40,0.07,0.00,14597.67,2109.00,3000.00,179.93,0
2.42,0.07,0.00,14664.79,4016.40,3000.00,179.93,0
2.44,0.04,0.00,14749.54,5490.00,3000.00,179.96,0
2.46,0.09,5.40,14885.16,7267.20,3000.00,179.91,0
2.48,0.11,-10.20,15028.33,7198.20,-3000.00,179.89,0
2.50,0.02,0.00,15161.09,5302.20,3000.00,179.98,0
2.52,0.02,0.00,15211.93,1559.40,3000.00,179.98,0
2.54,0.00,0.00,15273.21,3796.20,-3000.00,180.00,0
2.56,-0.04,-5.40,15348.08,4060.80,-3000.00,179.96,0
2.58,-0.18,-4.80,15382.64,-874.80,-3000.00,179.82,0
2.60,-0.26,-6.00,15302.22,-6450.00,-3000.00,179.74,0
2.62,-0.48,-22.20,15158.63,-7623.60,-3000.00,179.52,0
2.64,-0.73,-17.40,15004.69,-7601.40,-3000.00,179.27,0
2.66,-3.01,-142.80,14855.62,-7564.20,-3000.00,176.99,0
2.68,-6.20,-193.20,14703.95,-7491.00,-3000.00,173.80,0
2.70,-9.45,-118.20,14551.81,-7588.20,-3000.00,170.55,0
2.72,-10.37,-1.80,14399.28,-7641.00,-3000.00,169.63,0
2.74,-10.37,0.60,14249.14,-7632.60,-3000.00,169.63,0
2.76,-10.46,-4.80,14098.32,-7385.40,-3000.00,169.54,0
2.78,-10.59,-10.80,13945.87,-7541.40,-3000.00,169.41,0
2.80,-10.88,-33.00,13794.41,-7780.20,-3000.00,169.12,0
2.82,-11.84,-114.00,13643.24,-7635.00,-3000.00,168.16,0
2.84,-14.06,-121.80,13490.35,-7543.20,-3000.00,165.94,0
2.86,-15.82,-54.00,13339.84,-7715.40,-3000.00,164.18,0
2.88,-16.59,-34.80,13187.90,-7648.20,-3000.00,163.41,0
2.90,-17.53,-51.60,13034.49,-7526.40,-3000.00,162.47,0
2.92,-18.26,-33.00,12882.90,-7722.60,-3000.00,161.74,0
2.94,-18.83,-37.80,12731.26,-7695.60,-3000.00,161.17,0
2.96,-20.32,-93.00,12580.05,-7549.20,-3000.00,159.68,0
2.98,-23.20,-207.00,12428.79,-7684.20,-3000.00,156.80,0
3.00,-26.85,-140.40,12278.28,-7496.40,-3000.00,153.15,0
3.02,-29.11,-100.80,12126.34,-7651.20,-3000.00,150.89,0
3.04,-31.49,-116.40,11975.87,-7381.80,-3000.00,148.51,0
3.06,-33.20,-64.80,11823.49,-7501.20,-3000.00,146.80,0
3.08,-34.91,-118.20,11671.26,-7486.80,-3000.00,145.09,0
3.10,-38.08,-204.00,11521.14,-7587.00,-3000.00,141.92,0
3.12,-42.67,-177.60,11369.51,-7464.60,-3000.00,137.33,0
3.14,-45.20,-104.40,11216.36,-7486.20,-3000.00,134.80,0
3.16,-46.91,-72.60,11065.10,-7447.80,-3000.00,133.09,0
3.18,-48.23,-59.40,10912.81,-7646.40,-3000.00,131.77,0
3.20,-48.60,5.40,10761.42,-7415.40,3000.00,131.40,0
3.22,-48.47,0.00,10621.03,-5771.40,-3000.00,131.53,0
3.24,-48.54,0.00,10564.70,-1589.40,-3000.00,131.46,0
3.26,-48.58,0.00,10501.79,-3915.60,-3000.00,131.42,0
3.28,-48.56,11.40,10404.32,-6546.00,3000.00,131.44,0
3.30,-48.43,0.60,10271.45,-5812.20,-3000.00,131.57,0
3.32,-48.41,4.80,10217.09,-1542.00,-3000.00,131.59,0
3.34,-48.43,0.00,10154.36,-3929.40,-3000.00,131.57,0
3.36,-48.38,0.00,10064.95,-6134.40,-3000.00,131.62,0
3.38,-48.21,5.40,9921.29,-7670.40,3000.00,131.79,0
3.40,-48.30,-4.80,9782.60,-5538.60,-3000.00,131.70,0
3.42,-48.30,0.00,9726.48,-1701.60,-3000.00,131.70,0
3.44,-48.25,0.00,9662.10,-3949.20,-3000.00,131.75,0
3.46,-48.16,0.00,9567.53,-6529.80,-3000.00,131.84,0
3.48,-48.25,-0.60,9423.79,-7246.80,-3000.00,131.75,0
3.50,-48.23,6.00,9272.50,-7612.80,3000.00,131.77,0
3.52,-48.21,-5.40,9131.90,-5451.00,-3000.00,131.79,0
3.54,-48.25,0.00,9076.77,-1659.00,-3000.00,131.75,0
3.56,-48.23,0.00,9013.51,-3925.80,-3000.00,131.77,0
3.58,-47.97,28.20,8919.34,-6238.20,3000.00,132.03,0
3.60,-46.41,115.20,8788.47,-5313.00,3000.00,133.59,0
3.62,-44.17,112.20,8745.67,676.20,3000.00,135.83,0
3.64,-42.23,77.40,8794.73,2771.40,3000.00,137.77,0
3.66,-40.19,36.00,8861.77,5340.00,3000.00,139.81,0
3.68,-39.95,1.20,8993.98,6961.20,-3000.00,140.05,0
3.70,-39.55,39.60,9126.94,5465.40,3000.00,140.45,0
3.72,-38.65,57.00,9180.66,1665.60,3000.00,141.35,0
3.74,-36.54,153.00,9241.52,3768.60,3000.00,143.46,0
3.76,-29.88,345.00,9322.82,5491.20,3000.00,150.12,0
3.78,-24.37,197.40,9456.46,7294.20,3000.00,155.63,0
3.80,-21.86,94.20,9600.73,7150.20,3000.00,158.14,0
3.82,-18.46,261.00,9742.87,7204.20,3000.00,161.54,0
3.84,-12.94,244.80,9887.45,6978.60,3000.00,167.06,0
3.86,-8.09,222.60,10031.88,7254.60,3000.00,171.91,0
3.88,-4.83,172.80,10174.64,7346.40,3000.00,175.17,0
3.90,-0.40,252.60,10318.78,7407.60,3000.00,179.60,0
3.92,3.78,172.80,10462.98,6964.80,3000.00,176.22,0
3.94,7.76,195.00,10606.71,7075.20,3000.00,172.24,0
3.96,10.22,108.60,10750.98,7140.00,3000.00,169.78,0
3.98,12.83,163.80,10893.80,7363.80,3000.00,167.17,0
4.00,16.46,154.80,11038.18,7597.20,3000.00,163.54,0
4.02,18.96,119.40,11180.19,7199.40,3000.00,161.04,0
4.04,22.57,225.00,11325.43,6978.00,3000.00,157.43,0
4.06,26.67,176.40,11469.33,7397.40,3000.00,153.33,0
4.08,30.17,190.80,11613.10,7313.40,3000.00,149.83,0
4.10,34.32,217.20,11757.17,7475.40,3000.00,145.68,0
4.12,39.16,283.80,11901.31,6842.40,3000.00,140.84,0
4.14,44.49,225.60,12045.85,7194.00,3000.00,135.51,0
4.16,48.52,198.00,12190.19,7285.20,3000.00,131.48,0
4.18,52.98,234.60,12333.41,7480.20,3000.00,127.02,0
4.20,58.43,276.60,12477.90,7314.60,3000.00,121.57,0
4.22,62.34,177.60,12620.94,7234.80,3000.00,117.66,0
4.24,66.75,239.40,12766.38,6982.20,3000.00,113.25,0
4.26,72.40,359.40,12909.95,7402.80,3000.00,107.60,0
4.28,77.23,140.40,13054.06,7368.00,3000.00,102.77,0
4.30,80.00,177.60,13198.45,7392.60,3000.00,100.00,0
4.32,83.98,189.00,13341.53,7018.20,3000.00,96.02,0
4.34,88.62,261.00,13486.22,7112.40,3000.00,91.38,0
4.36,91.80,85.80,13631.46,7264.20,3000.00,88.20,0
4.38,93.41,71.40,13775.36,7388.40,3000.00,86.59,0
4.40,95.14,100.80,13919.35,7372.80,3000.00,84.86,0
4.42,97.89,142.80,14064.76,7217.40,3000.00,82.11,0
4.44,101.01,170.40,14209.04,6966.60,3000.00,78.99,0
4.46,105.21,212.40,14352.54,7000.80,3000.00,74.79,0
4.48,107.56,57.60,14496.53,7351.20,3000.00,72.44,0
4.50,108.22,34.20,14642.69,7473.60,3000.00,71.78,0
4.52,108.87,24.00,14783.55,7068.60,3000.00,71.13,0
4.54,109.34,24.00,14929.72,7204.80,3000.00,70.66,0
4.56,110.43,75.60,15073.95,7170.60,3000.00,69.57,0
4.58,112.61,130.20,15218.24,7461.60,3000.00,67.39,0
4.60,115.91,200.40,15362.45,7236.00,3000.00,64.09,0
4.62,120.21,202.80,15507.33,7386.60,3000.00,59.79,0
4.64,122.61,42.60,15649.65,7103.40,3000.00,57.39,0
4.66,123.00,6.00,15794.80,7203.60,3000.00,57.00,0
4.68,123.11,-4.80,15937.67,7251.60,-3000.00,56.89,0
4.70,122.98,0.00,16071.46,5364.00,-3000.00,57.02,0
4.72,123.05,5.40,16108.79,-886.80,3000.00,56.95,0
4.74,123.07,5.40,16063.07,-2121.00,3000.00,56.93,0
4.76,123.13,0.00,16062.78,2209.20,-3000.00,56.87,0
4.78,123.22,0.00,16147.62,4425.60,-3000.00,56.78,0
4.80,123.31,0.00,16173.68,-1324.20,-3000.00,56.69,0
4.82,123.22,-0.60,16084.18,-6502.20,-3000.00,56.78,0
4.84,123.24,10.80,15937.51,-7166.40,3000.00,56.76,0
4.86,123.29,-6.00,15800.58,-5622.60,-3000.00,56.71,0
4.88,123.20,0.00,15745.01,-1638.60,-3000.00,56.80,0
4.90,123.13,-5.40,15681.67,-4135.80,-3000.00,56.87,0
4.92,123.16,5.40,15588.26,-6165.00,3000.00,56.84,0
4.94,123.16,-6.60,15456.58,-5462.40,-3000.00,56.84,0
4.96,123.02,-5.40,15404.13,-1564.20,-3000.00,56.98,0
4.98,122.89,-10.80,15343.11,-3938.40,-3000.00,57.11,0
5.00,122.85,0.00,15256.36,-6020.40,-3000.00,57.15,0
5.02,122.87,-5.40,15116.92,-7477.20,-3000.00,57.13,0
5.04,122.65,-1.20,14967.09,-7627.80,-3000.00,57.35,0
5.06,122.32,-39.60,14816.58,-7431.60,-3000.00,57.68,0
5.08,121.20,-40.20,14665.06,-7531.80,-3000.00,58.80,0
5.10,120.72,-0.60,14511.75,-7780.20,-3000.00,59.28,0
5.12,120.61,-10.20,14359.94,-7474.80,-3000.00,59.39,0
5.14,120.39,-5.40,14207.30,-7718.40,-3000.00,59.61,0
5.16,120.50,0.00,14056.37,-7594.80,-3000.00,59.50,0
5.18,120.34,-10.80,13904.10,-7863.00,-3000.00,59.66,0
5.20,120.30,4.80,13754.33,-7534.20,-3000.00,59.70,0
5.22,120.10,-13.20,13601.97,-7672.80,-3000.00,59.90,0
5.24,119.18,-129.60,13447.84,-7329.00,-3000.00,60.82,0
5.26,116.50,-129.60,13297.17,-7569.00,-3000.00,63.50,0
5.28,113.12,-224.40,13146.75,-7756.80,-3000.00,66.88,0
5.30,107.56,-341.40,12995.75,-7724.40,-3000.00,72.44,0
5.32,102.41,-166.20,12843.41,-7298.40,-3000.00,77.59,0
5.34,100.66,-12.00,12691.43,-7417.20,-3000.00,79.34,0
5.36,99.67,-72.00,12538.98,-7605.00,-3000.00,80.33,0
5.38,96.86,-203.40,12388.67,-7712.40,-3000.00,83.14,0
5.40,92.70,-253.20,12236.04,-7603.80,-3000.00,87.30,0
5.42,88.55,-95.40,12083.88,-7921.80,-3000.00,91.45,0
5.44,88.37,4.80,11932.93,-7567.20,-3000.00,91.63,0
5.46,88.15,-27.00,11781.39,-7479.60,-3000.00,91.85,0
5.48,87.74,-34.80,11628.65,-7672.20,-3000.00,92.26,0
5.50,86.15,-115.80,11477.50,-7813.80,-3000.00,93.85,0
5.52,82.97,-204.00,11324.79,-7444.80,-3000.00,97.03,0
5.54,78.29,-242.40,11174.63,-7604.40,-3000.00,101.71,0
5.56,73.08,-180.00,11023.31,-7775.40,-3000.00,106.92,0
5.58,71.78,-17.40,10871.06,-7759.20,-3000.00,108.22,0
5.60,71.41,-25.80,10718.81,-7546.20,-3000.00,108.59,0
5.62,70.42,-64.80,10567.60,-7492.80,-3000.00,109.58,0
5.64,68.51,-110.40,10414.45,-7606.20,-3000.00,111.49,0
5.66,65.32,-175.20,10263.14,-7617.00,-3000.00,114.68,0
5.68,62.42,-134.40,10111.46,-7548.00,-3000.00,117.58,0
5.70,59.22,-154.20,9957.96,-7716.60,-3000.00,120.78,0
5.72,57.41,-37.20,9805.28,-7823.40,-3000.00,122.59,0
5.74,57.04,-10.80,9655.49,-7537.20,-3000.00,122.96,0
5.76,56.84,-0.60,9501.86,-7660.80,-3000.00,123.16,0
5.78,56.65,-6.60,9350.66,-7831.20,-3000.00,123.35,0
5.80,56.38,0.00,9198.54,-7798.80,-3000.00,123.62,0
5.82,56.29,-0.60,9048.80,-7493.40,-3000.00,123.71,0
5.84,56.23,-10.20,8896.42,-7662.60,-3000.00,123.77,0
5.86,56.29,0.00,8744.17,-7499.40,-3000.00,123.71,0
5.88,56.25,0.00,8590.76,-7645.80,-3000.00,123.75,0
5.90,56.25,4.80,8438.71,-7656.00,-3000.00,123.75,0
5.92,56.29,-5.40,8286.99,-7735.80,-3000.00,123.71,0
5.94,56.21,0.00,8134.65,-7647.60,-3000.00,123.79,0
5.96,56.23,0.00,7984.38,-7503.00,-3000.00,123.77,0
5.98,56.01,-12.00,7831.19,-7591.80,-3000.00,123.99,0
6.00,55.92,0.00,7679.36,-7667.40,-3000.00,124.08,0
6.02,55.81,-10.80,7528.05,-7369.80,-3000.00,124.19,0
6.04,55.46,-34.80,7376.18,-7665.60,-3000.00,124.54,0
6.06,52.62,-175.80,7225.00,-7579.80,-3000.00,127.38,0
6.08,48.74,-173.40,7072.19,-7713.60,-3000.00,131.26,0
6.10,45.24,-156.60,6918.71,-7740.00,-3000.00,134.76,0
6.12,42.34,-123.60,6766.79,-7771.20,-3000.00,137.66,0
6.14,41.53,5.40,6613.29,-7465.20,3000.00,138.47,0
6.16,41.53,0.00,6474.84,-5778.60,-3000.00,138.47,0
6.18,41.48,-5.40,6413.82,-1914.00,-3000.00,138.52,0
6.20,41.24,-11.40,6346.05,-4239.00,-3000.00,138.76,0
6.22,40.65,-57.00,6248.78,-6162.00,-3000.00,139.35,0
6.24,39.46,-58.80,6103.70,-7618.80,-3000.00,140.54,0
6.26,37.92,-82.20,5950.77,-7554.60,-3000.00,142.08,0
6.28,35.46,-157.80,5800.98,-7674.00,-3000.00,144.54,0
6.30,32.23,-156.60,5648.82,-7465.80,-3000.00,147.77,0
6.32,29.18,-134.40,5496.13,-7629.60,-3000.00,150.82,0
6.34,26.21,-144.60,5342.54,-7529.40,-3000.00,153.79,0
6.36,23.49,-117.00,5190.91,-7618.20,-3000.00,156.51,0
6.38,21.20,-118.20,5039.98,-7425.00,-3000.00,158.80,0
6.40,18.76,-144.60,4887.77,-7737.00,-3000.00,161.24,0
6.42,15.58,-165.60,4732.47,-7765.20,-3000.00,164.42,0
6.44,12.92,-95.40,4582.31,-7615.20,-3000.00,167.08,0
6.46,10.70,-128.40,4429.07,-7573.20,-3000.00,169.30,0
6.48,7.80,-140.40,4279.31,-7711.20,-3000.00,172.20,0
6.50,5.82,-69.60,4126.16,-7764.60,-3000.00,174.18,0
6.52,4.17,-93.00,3974.13,-7812.60,-3000.00,175.83,0
6.54,1.98,-123.00,3823.29,-7600.20,-3000.00,178.02,0
6.56,-0.83,-134.40,3669.92,-7654.80,-3000.00,179.17,0
6.58,-2.79,-57.00,3519.01,-7431.00,-3000.00,177.21,0
6.60,-3.93,-61.80,3365.29,-7621.80,-3000.00,176.07,0
6.62,-5.49,-90.60,3214.25,-7494.60,-3000.00,174.51,0
6.64,-7.71,-123.60,3061.49,-7703.40,-3000.00,172.29,0
6.66,-9.32,-43.20,2909.82,-7419.60,-3000.00,170.68,0
6.68,-9.62,-4.80,2757.48,-7586.40,-3000.00,170.38,0
6.70,-9.67,-6.00,2605.36,-7681.80,-3000.00,170.33,0
6.72,-9.71,4.80,2454.24,-7753.20,-3000.00,170.29,0
6.74,-9.56,0.00,2301.79,-7376.40,-3000.00,170.44,0
6.76,-9.60,0.00,2150.68,-7755.00,-3000.00,170.40,0
6.78,-9.43,6.00,1998.65,-7681.80,3000.00,170.57,0
6.80,-9.40,0.00,1858.32,-5766.60,-3000.00,170.60,0
6.82,-9.36,5.40,1800.51,-1680.60,3000.00,170.64,0
6.84,-9.23,10.80,1748.36,-2178.60,3000.00,170.77,0
6.86,-8.99,12.00,1757.90,2903.40,3000.00,171.01,0
6.88,-8.39,41.40,1865.59,6930.60,3000.00,171.61,0
6.90,-7.67,6.60,2006.13,7015.20,3000.00,172.33,0
6.92,-7.69,0.00,2149.65,7087.20,-3000.00,172.31,0
6.94,-7.54,16.80,2284.65,5367.60,3000.00,172.46,0
6.96,-7.40,0.00,2339.34,1737.00,-3000.00,172.60,0
6.98,-7.36,0.00,2389.70,2067.00,-3000.00,172.64,0
7.00,-7.32,10.20,2382.32,-2783.40,3000.00,172.68,0
7.02,-7.27,0.00,2282.59,-4945.20,-3000.00,172.73,0
7.04,-7.23,4.80,2229.85,-1605.00,-3000.00,172.77,0
7.06,-7.12,0.00,2168.15,-3786.00,-3000.00,172.88,0
7.08,-6.06,172.20,2093.25,-5332.80,3000.00,173.94,0
7.10,-1.47,252.00,1973.10,-5267.40,3000.00,178.53,0
7.12,2.77,166.80,1930.50,677.40,3000.00,177.23,0
7.14,6.33,214.20,1977.96,2640.60,3000.00,173.67,0
7.16,11.49,174.00,2039.99,5202.60,3000.00,168.51,0
7.18,13.80,111.00,2168.68,7062.60,3000.00,166.20,0
7.20,16.00,88.80,2313.52,7366.80,3000.00,164.00,0
7.22,17.05,35.40,2457.20,6986.40,3000.00,162.95,0
7.24,17.64,30.00,2598.79,7182.60,3000.00,162.36,0
7.26,18.08,22.80,2742.80,7126.80,3000.00,161.92,0
7.28,18.26,5.40,2885.27,7364.40,3000.00,161.74,0
7.30,18.39,0.00,3031.50,7080.60,-3000.00,161.61,0
7.32,18.37,0.00,3164.24,5484.60,-3000.00,161.63,0
7.34,18.33,0.00,3205.94,-661.20,-3000.00,161.67,0
7.36,18.33,5.40,3156.72,-2809.20,3000.00,161.67,0
7.38,18.33,0.00,3096.34,-3686.40,-3000.00,161.67,0
7.40,18.33,-5.40,3052.09,-1675.20,-3000.00,161.67,0
7.42,18.30,-4.80,2968.09,-6095.40,-3000.00,161.70,0
7.44,18.24,0.00,2824.45,-7557.00,-3000.00,161.76,0
7.46,18.28,0.00,2673.46,-7459.20,-3000.00,161.72,0
7.48,18.22,-5.40,2522.72,-7794.00,-3000.00,161.78,0
7.50,18.22,10.20,2371.27,-7458.60,3000.00,161.78,0
7.52,18.19,-0.60,2231.32,-5824.20,-3000.00,161.81,0
7.54,18.13,0.00,2170.02,-2028.00,-3000.00,161.87,0
7.56,18.13,-5.40,2099.47,-4224.00,-3000.00,161.87,0
7.58,18.17,10.20,2001.12,-6553.20,3000.00,161.83,0
7.60,18.15,0.00,1868.88,-5766.60,-3000.00,161.85,0
7.62,18.11,0.00,1812.66,-1671.00,-3000.00,161.89,0
7.64,18.08,0.00,1750.10,-3902.40,-3000.00,161.92,0
7.66,18.13,0.00,1660.72,-6076.80,-3000.00,161.87,0
7.68,18.15,-0.60,1518.99,-7580.40,-3000.00,161.85,0
7.70,18.08,0.00,1366.61,-7446.00,-3000.00,161.92,0
7.72,18.15,0.00,1214.98,-7716.00,-3000.00,161.85,0
7.74,18.11,0.00,1065.54,-7674.00,-3000.00,161.89,0
7.76,18.15,4.80,912.70,-7910.40,-3000.00,161.85,0
7.78,18.13,-5.40,760.83,-7670.40,-3000.00,161.87,0
7.80,18.11,0.00,610.69,-7754.40,-3000.00,161.89,0
7.82,18.15,0.00,459.34,-7639.20,-3000.00,161.85,0
7.84,18.08,0.00,308.30,-7582.80,-3000.00,161.92,0
7.86,18.15,5.40,155.06,-7592.40,3000.00,161.85,0
7.88,18.11,-10.80,14.88,-5841.00,-3000.00,161.89,0
7.90,18.08,0.00,-45.09,-2064.00,-3000.00,161.92,0
7.92,18.11,4.80,-112.94,-3994.80,-3000.00,161.89,0
7.94,18.15,0.00,-210.43,-6381.00,-3000.00,161.85,0
7.96,18.11,-1.20,-354.16,-7599.60,-3000.00,161.89,0
7.98,18.13,4.80,-506.60,-7640.40,-3000.00,161.87,0
8.00,18.13,-10.20,-657.75,-7435.20,-3000.00,161.87,0
8.02,18.08,0.00,-808.92,-7552.20,-3000.00,161.92,0
8.04,18.15,0.00,-961.77,-7499.40,-3000.00,161.85,0
8.06,18.08,0.00,-1113.95,-7597.20,-3000.00,161.92,0
8.08,18.15,0.00,-1265.95,-7780.80,-3000.00,161.85,0
8.10,18.11,-5.40,-1416.95,-7712.40,-3000.00,161.89,0
8.12,18.11,4.80,-1568.56,-7470.60,-3000.00,161.89,0
8.14,18.13,-4.80,-1721.34,-7594.20,-3000.00,161.87,0
8.16,18.08,0.00,-1871.70,-7791.60,-3000.00,161.92,0
8.18,18.15,0.00,-2025.11,-7674.00,-3000.00,161.85,0
8.20,18.08,-4.80,-2176.41,-7656.60,-3000.00,161.92,0
8.22,18.13,0.00,-2328.68,-7807.80,-3000.00,161.87,0
8.24,18.11,-10.20,-2479.86,-7530.60,-3000.00,161.89,0
8.26,18.08,6.00,-2632.61,-7619.40,3000.00,161.92,0
8.28,18.15,0.00,-2774.36,-5812.80,-3000.00,161.85,0
8.30,18.11,0.00,-2834.65,-2121.00,-3000.00,161.89,0
8.32,18.06,0.00,-2905.36,-4203.00,-3000.00,161.94,0
8.34,18.11,5.40,-3003.86,-6310.80,3000.00,161.89,0
8.36,18.15,0.00,-3137.56,-5412.60,-3000.00,161.85,0
8.38,18.11,0.00,-3193.20,-1713.00,-3000.00,161.89,0
8.40,18.06,0.00,-3256.77,-4089.00,-3000.00,161.94,0
8.42,18.08,0.00,-3347.56,-6070.20,-3000.00,161.92,0
8.44,18.15,0.00,-3490.51,-7451.40,-3000.00,161.85,0
8.46,18.06,0.00,-3640.17,-7697.40,-3000.00,161.94,0
8.48,18.13,0.00,-3792.17,-7816.20,-3000.00,161.87,0
8.50,18.08,0.00,-3945.15,-7700.40,-3000.00,161.92,0
8.52,18.11,10.80,-4095.44,-7607.40,3000.00,161.89,0
8.54,18.13,-16.20,-4236.59,-5698.20,-3000.00,161.87,0
8.56,18.08,-4.80,-4293.90,-1711.80,3000.00,161.92,0
8.58,18.06,-5.40,-4343.20,-1751.40,-3000.00,161.94,0
8.60,18.06,4.80,-4350.72,-795.00,3000.00,161.94,0
8.62,18.06,0.00,-4398.18,-2244.60,3000.00,161.94,0
8.64,18.08,0.00,-4382.91,3249.00,3000.00,161.92,0
8.66,18.08,5.40,-4272.01,6708.60,3000.00,161.92,0
8.68,18.13,0.00,-4130.79,7147.20,3000.00,161.87,0
8.70,18.06,0.00,-3985.95,7218.00,3000.00,161.94,0
8.72,18.11,15.60,-3843.39,6988.20,3000.00,161.89,0
8.74,18.11,-5.40,-3699.93,7060.80,-3000.00,161.89,0
8.76,18.06,0.00,-3567.52,5373.00,3000.00,161.94,0
8.78,18.11,0.00,-3510.75,1953.00,3000.00,161.89,0
8.80,18.13,0.00,-3445.60,3777.00,3000.00,161.87,0
8.82,18.11,0.00,-3360.83,5799.60,3000.00,161.89,0
8.84,18.04,0.00,-3228.42,6924.00,3000.00,161.96,0
8.86,18.13,0.00,-3085.22,7290.00,3000.00,161.87,0
8.88,18.08,0.00,-2942.23,7369.80,3000.00,161.92,0
8.90,18.08,4.80,-2798.61,7204.20,3000.00,161.92,0
8.92,18.13,0.00,-2654.82,7153.20,3000.00,161.87,0
8.94,18.04,0.00,-2512.13,7234.80,3000.00,161.96,0
8.96,18.11,0.00,-2368.23,7219.20,3000.00,161.89,0
8.98,18.06,0.00,-2223.19,7135.20,3000.00,161.94,0
9.00,18.06,0.00,-2082.17,7036.20,3000.00,161.94,0
9.02,18.13,0.00,-1938.21,7228.20,3000.00,161.87,0
9.04,18.04,0.00,-1794.46,7151.40,3000.00,161.96,0
9.06,18.11,4.80,-1650.59,7297.80,3000.00,161.89,0
9.08,18.06,-0.60,-1506.62,7311.00,3000.00,161.94,0
9.10,18.06,0.00,-1363.84,7299.00,3000.00,161.94,0
9.12,18.11,-5.40,-1218.76,7193.40,-3000.00,161.89,0
9.14,18.04,0.00,-1087.12,5407.80,3000.00,161.96,0
9.16,18.06,0.00,-1029.44,2004.60,3000.00,161.94,0
9.18,18.11,0.00,-962.29,3974.40,3000.00,161.89,0
9.20,18.13,0.00,-876.56,5588.40,3000.00,161.87,0
9.22,18.04,-5.40,-742.24,7132.20,-3000.00,161.96,0
9.24,18.08,0.00,-610.73,5096.40,3000.00,161.92,0
9.26,18.13,0.00,-559.51,1698.60,3000.00,161.87,0
9.28,18.11,0.00,-497.72,3639.60,3000.00,161.89,0
9.30,18.06,-10.80,-415.90,5758.20,-3000.00,161.94,0
9.32,18.06,0.00,-293.51,5222.40,3000.00,161.94,0
9.34,18.11,0.00,-240.75,1580.40,3000.00,161.89,0
9.36,18.13,0.00,-180.83,3616.20,3000.00,161.87,0
9.38,18.08,0.00,-104.46,5287.20,3000.00,161.92,0
9.40,18.04,0.00,25.18,6822.00,3000.00,161.96,0
9.42,18.13,5.40,167.65,7116.60,3000.00,161.87,0
9.44,18.06,-5.40,311.48,7126.20,-3000.00,161.94,0
9.46,18.08,10.20,443.56,5198.40,3000.00,161.92,0
9.48,18.11,0.00,495.18,1753.20,3000.00,161.89,0
9.50,18.11,-10.20,556.26,3743.40,-3000.00,161.89,0
9.52,18.08,0.00,629.43,3904.20,3000.00,161.92,0
9.54,18.04,0.00,677.24,1842.60,3000.00,161.96,0
9.56,18.04,0.00,761.11,6114.60,3000.00,161.96,0
9.58,18.13,-4.80,899.58,7215.00,3000.00,161.87,0
9.60,18.06,0.00,1041.70,6904.80,3000.00,161.94,0
9.62,18.08,5.40,1185.62,7295.40,3000.00,161.92,0
9.64,18.08,-10.80,1328.47,7129.20,-3000.00,161.92,0
9.66,18.04,0.00,1459.45,5175.00,3000.00,161.96,0
9.68,18.08,0.00,1511.39,1487.40,3000.00,161.92,0
9.70,18.11,4.80,1572.52,3832.20,3000.00,161.89,0
9.72,18.11,0.00,1657.79,5713.80,3000.00,161.89,0
9.74,18.04,-0.60,1794.09,7001.40,3000.00,161.96,0
9.76,18.11,4.80,1936.56,7134.60,3000.00,161.89,0
9.78,18.08,-0.60,2078.02,7252.20,3000.00,161.92,0
9.80,18.06,5.40,2222.03,7148.40,3000.00,161.94,0
9.82,18.13,0.00,2365.71,7267.20,3000.00,161.87,0
9.84,18.04,0.00,2507.28,6828.00,3000.00,161.96,0
9.86,18.11,5.40,2652.39,7279.80,3000.00,161.89,0
9.88,18.08,-4.80,2795.41,6991.80,3000.00,161.92,0
9.90,18.06,0.00,2939.57,7405.80,3000.00,161.94,0
9.92,18.13,0.00,3085.22,7042.20,3000.00,161.87,0
9.94,18.04,-5.40,3227.72,7050.60,-3000.00,161.96,0
9.96,18.11,0.60,3361.33,5387.40,3000.00,161.89,0
9.98,18.13,0.00,3418.88,1981.80,3000.00,161.87,0
10.00,18.08,-4.80,3485.15,3768.00,3000.00,161.92,0
10.02,18.04,-5.40,3568.69,5775.00,-3000.00,161.96,0
10.04,18.08,0.00,3690.35,4984.20,3000.00,161.92,0
10.06,18.11,0.00,3741.72,1621.80,3000.00,161.89,0
10.08,18.11,4.80,3801.64,3831.60,3000.00,161.89,0
10.10,18.08,0.00,3878.24,5347.20,3000.00,161.92,0
10.12,18.04,0.00,4010.45,6887.40,3000.00,161.96,0
10.14,18.13,0.60,4152.92,7116.00,3000.00,161.87,0
10.16,18.04,-5.40,4296.18,7240.80,-3000.00,161.96,0
10.18,18.08,5.40,4428.46,5481.60,3000.00,161.92,0
10.20,18.13,4.80,4482.71,1580.40,3000.00,161.87,0
10.22,18.11,-11.40,4543.11,3714.60,-3000.00,161.89,0
10.24,18.06,-0.60,4615.22,3829.20,3000.00,161.94,0
10.26,18.04,0.00,4660.36,1822.20,3000.00,161.96,0
10.28,18.06,0.00,4742.45,6225.00,3000.00,161.94,0
10.30,18.13,0.00,4879.86,7126.20,3000.00,161.87,0
10.32,18.04,-0.60,5023.56,6885.60,3000.00,161.96,0
10.34,18.11,10.20,5166.41,7254.00,3000.00,161.89,0
10.36,18.08,-10.20,5309.32,7222.20,-3000.00,161.92,0
10.38,18.04,0.00,5441.70,5578.20,3000.00,161.96,0
10.40,18.08,0.00,5494.79,1547.40,3000.00,161.92,0
10.42,18.11,0.00,5555.85,3762.60,3000.00,161.89,0
10.44,18.08,-4.80,5637.72,5752.20,3000.00,161.92,0
10.46,18.04,0.00,5770.06,7197.00,3000.00,161.96,0
10.48,18.11,0.00,5913.19,7273.20,3000.00,161.89,0
10.50,18.06,-0.60,6056.21,7264.80,3000.00,161.94,0
10.52,18.06,0.00,6199.17,6955.80,3000.00,161.94,0
10.54,18.11,0.00,6342.63,7030.20,3000.00,161.89,0
10.56,18.04,0.00,6486.55,7215.00,3000.00,161.96,0
10.58,18.11,10.80,6629.94,7386.00,3000.00,161.89,0
10.60,18.06,0.00,6775.80,6933.60,3000.00,161.94,0
10.62,18.06,0.00,6917.61,7222.80,3000.00,161.94,0
10.64,18.11,0.00,7060.69,7312.80,3000.00,161.89,0
10.66,18.04,0.00,7203.91,7337.40,3000.00,161.96,0
10.68,18.11,0.00,7347.61,7230.60,3000.00,161.89,0
10.70,18.06,-0.60,7493.20,7150.20,3000.00,161.94,0
10.72,18.06,5.40,7635.83,7008.00,3000.00,161.94,0
10.74,18.11,-4.80,7778.14,7264.80,3000.00,161.89,0
10.76,18.04,0.00,7921.80,7203.60,3000.00,161.96,0
10.78,18.11,0.00,8065.77,7365.60,3000.00,161.89,0
10.80,18.08,0.00,8210.85,6925.20,3000.00,161.92,0
10.82,18.06,0.00,8353.81,7267.20,3000.00,161.94,0
10.84,18.13,0.00,8497.33,7183.20,3000.00,161.87,0
10.86,18.04,0.00,8637.87,7241.40,3000.00,161.96,0
10.88,18.11,5.40,8782.73,7129.80,3000.00,161.89,0
10.90,18.08,0.00,8926.68,7209.00,3000.00,161.92,0
10.92,18.08,6.00,9070.38,7088.40,3000.00,161.92,0
10.94,18.13,-4.80,9212.98,7242.00,3000.00,161.87,0
10.96,18.04,0.00,9355.36,7113.60,3000.00,161.96,0
10.98,18.13,10.20,9498.85,7343.40,3000.00,161.87,0
11.00,18.08,-10.80,9643.67,6900.60,-3000.00,161.92,0
11.02,18.06,0.00,9775.59,5279.40,3000.00,161.94,0
11.04,18.11,0.00,9827.23,1594.80,3000.00,161.89,0
11.06,18.13,4.80,9887.92,3771.00,3000.00,161.87,0
11.08,18.11,-5.40,9971.35,5721.00,-3000.00,161.89,0
11.10,18.04,0.00,10093.58,5101.20,3000.00,161.96,0
11.12,18.08,0.00,10145.02,1615.20,3000.00,161.92,0
11.14,18.11,0.00,10206.01,3654.60,3000.00,161.89,0
11.16,18.13,0.00,10283.36,5490.60,-3000.00,161.87,0
11.18,18.06,-4.80,10403.13,5098.20,-3000.00,161.94,0
11.20,18.06,0.00,10439.76,-1012.20,-3000.00,161.94,0
11.22,18.06,0.00,10387.57,-2877.60,-3000.00,161.94,0
11.24,18.08,10.80,10322.01,-5008.20,3000.00,161.92,0
11.26,18.13,0.00,10197.86,-5544.60,-3000.00,161.87,0
11.28,18.08,0.00,10144.29,-1562.40,-3000.00,161.92,0
11.30,18.06,0.00,10083.89,-3834.60,-3000.00,161.94,0
11.32,18.04,0.00,10001.95,-5502.60,-3000.00,161.96,0
11.34,18.13,0.00,9864.23,-7291.20,-3000.00,161.87,0
11.36,18.06,0.00,9714.92,-7558.20,-3000.00,161.94,0
11.38,18.08,5.40,9564.17,-7878.60,3000.00,161.92,0
11.40,18.08,-5.40,9426.20,-5709.60,-3000.00,161.92,0
11.42,18.06,0.00,9370.39,-1665.00,-3000.00,161.94,0
11.44,18.04,5.40,9305.93,-3968.40,3000.00,161.96,0
11.46,18.08,10.80,9221.68,-4735.20,3000.00,161.92,0
11.48,18.13,0.00,9184.26,755.40,-3000.00,161.87,0
11.50,18.11,0.00,9243.94,3054.60,-3000.00,161.89,0
11.52,18.08,0.00,9246.18,-2409.60,-3000.00,161.92,0
11.54,18.13,4.80,9140.76,-6885.60,-3000.00,161.87,0
11.56,18.06,-4.80,8994.64,-7538.40,-3000.00,161.94,0
11.58,18.11,0.60,8843.77,-7749.60,-3000.00,161.89,0
11.60,18.08,-5.40,8694.54,-7459.20,-3000.00,161.92,0
11.62,18.06,4.80,8542.02,-7390.20,-3000.00,161.94,0
11.64,18.13,0.00,8393.22,-7594.80,-3000.00,161.87,0
11.66,18.04,0.00,8241.48,-7727.40,-3000.00,161.96,0
11.68,18.11,4.80,8090.27,-7636.20,-3000.00,161.89,0
11.70,18.08,0.00,7940.13,-7363.20,-3000.00,161.92,0
11.72,18.08,10.20,7789.28,-7676.40,3000.00,161.92,0
11.74,18.13,0.00,7647.76,-5587.80,-3000.00,161.87,0
11.76,18.06,-4.80,7591.99,-1659.60,-3000.00,161.94,0
11.78,18.04,0.00,7528.01,-4042.80,-3000.00,161.96,0
11.80,18.08,4.80,7433.81,-6648.00,-3000.00,161.92,0
11.82,18.13,0.00,7291.38,-7236.00,-3000.00,161.87,0
11.84,18.04,0.00,7142.50,-7581.60,-3000.00,161.96,0
11.86,18.13,0.60,6990.29,-7594.20,-3000.00,161.87,0
11.88,18.06,0.00,6840.00,-7543.20,-3000.00,161.94,0
11.90,18.08,0.00,6689.16,-7759.80,-3000.00,161.92,0
11.92,18.11,-4.80,6539.22,-7318.20,-3000.00,161.89,0
11.94,18.06,0.00,6386.62,-7401.60,-3000.00,161.94,0
11.96,18.13,0.00,6235.11,-7598.40,-3000.00,161.87,0
11.98,18.04,0.00,6085.24,-7781.40,-3000.00,161.96,0
12.00,18.11,0.60,5932.40,-7674.60,-3000.00,161.89,0
12.02,18.06,-5.40,5783.42,-7371.60,-3000.00,161.94,0
12.04,18.08,5.40,5632.76,-7639.80,3000.00,161.92,0
12.06,18.11,-5.40,5492.20,-5536.20,-3000.00,161.89,0
12.08,18.06,0.00,5438.56,-1650.00,-3000.00,161.94,0
12.10,18.06,0.00,5371.61,-4088.40,-3000.00,161.94,0
12.12,18.08,10.20,5274.16,-6424.80,3000.00,161.92,0
12.14,18.13,-5.40,5143.07,-5517.00,-3000.00,161.87,0
12.16,18.06,0.00,5088.01,-1624.20,-3000.00,161.94,0
12.18,18.04,0.00,5025.41,-3962.40,-3000.00,161.96,0
12.20,18.06,0.00,4936.60,-6069.60,-3000.00,161.94,0
12.22,18.13,0.00,4796.89,-7336.80,-3000.00,161.87,0
12.24,18.04,-0.60,4645.11,-7575.00,-3000.00,161.96,0
12.26,18.11,0.00,4495.32,-7308.00,-3000.00,161.89,0
12.28,18.08,-5.40,4346.26,-7564.80,-3000.00,161.92,0
12.30,18.08,5.40,4194.47,-7334.40,3000.00,161.92,0
12.32,18.13,0.00,4055.52,-5691.60,-3000.00,161.87,0
12.34,18.06,0.00,3999.48,-1559.40,-3000.00,161.94,0
12.36,18.04,0.00,3936.45,-3915.60,-3000.00,161.96,0
12.38,18.06,0.00,3844.20,-5906.40,-3000.00,161.94,0
12.40,18.11,-15.60,3699.10,-7482.00,-3000.00,161.89,0
12.42,18.04,0.00,3550.03,-7470.60,-3000.00,161.96,0
12.44,18.11,0.00,3399.02,-7591.20,-3000.00,161.89,0
12.46,18.06,0.00,3249.49,-7560.00,-3000.00,161.94,0
12.48,18.08,0.60,3098.32,-7812.60,-3000.00,161.92,0
12.50,18.11,0.00,2948.05,-7393.80,-3000.00,161.89,0
12.52,18.04,0.00,2796.88,-7578.60,-3000.00,161.96,0
12.54,18.13,4.80,2646.08,-7472.40,-3000.00,161.87,0
12.56,18.04,-0.60,2495.13,-7480.80,-3000.00,161.96,0
12.58,18.11,0.60,2344.15,-7527.00,-3000.00,161.89,0
12.60,18.08,-0.60,2191.42,-7621.80,-3000.00,161.92,0
12.62,18.06,0.00,2040.95,-7363.80,-3000.00,161.94,0
12.64,18.13,-5.40,1889.89,-7467.00,-3000.00,161.87,0
12.66,18.04,0.00,1737.49,-7569.00,-3000.00,161.96,0
12.68,18.13,5.40,1585.57,-7600.20,3000.00,161.87,0
12.70,18.06,-4.80,1446.15,-5699.40,-3000.00,161.94,0
12.72,18.04,0.00,1391.37,-1612.20,-3000.00,161.96,0
12.74,18.08,0.00,1329.74,-3807.60,-3000.00,161.92,0
12.76,18.13,0.00,1235.02,-6385.20,-3000.00,161.87,0
12.78,18.06,-0.60,1091.60,-7674.60,-3000.00,161.94,0
12.80,18.08,1.80,941.18,-7770.00,-3000.00,161.92,0
12.82,18.13,-1.20,789.43,-7455.60,-3000.00,161.87,0
12.84,18.08,6.00,637.91,-7561.80,3000.00,161.92,0
12.86,18.17,0.00,496.47,-5628.60,-3000.00,161.83,0
12.88,18.15,0.00,440.68,-1579.80,-3000.00,161.85,0
12.90,18.13,0.00,379.16,-3881.40,-3000.00,161.87,0
12.92,18.15,0.00,286.24,-6269.40,-3000.00,161.85,0
12.94,18.22,0.00,143.09,-7413.60,-3000.00,161.78,0
12.96,18.17,-4.80,-6.24,-7528.20,-3000.00,161.83,0
12.98,18.22,10.20,-157.10,-7521.60,3000.00,161.78,0
13.00,18.26,-5.40,-297.07,-5731.80,-3000.00,161.74,0
13.02,18.28,4.80,-356.90,-1982.40,-3000.00,161.72,0
13.04,18.33,0.00,-426.09,-4272.60,-3000.00,161.67,0
13.06,18.41,5.40,-524.33,-6510.00,3000.00,161.59,0
13.08,18.41,-5.40,-655.47,-5596.20,-3000.00,161.59,0
13.10,18.41,0.00,-710.97,-1576.20,-3000.00,161.59,0
13.12,18.44,0.00,-773.81,-3911.40,-3000.00,161.56,0
13.14,18.52,4.80,-864.27,-6052.20,-3000.00,161.48,0
13.16,18.68,-4.80,-1007.71,-7470.00,-3000.00,161.32,0
13.18,18.70,0.60,-1158.24,-7425.00,-3000.00,161.30,0
13.20,18.83,0.00,-1309.28,-7702.80,-3000.00,161.17,0
13.22,19.07,40.20,-1459.49,-7411.20,3000.00,160.93,0
13.24,22.39,175.20,-1600.62,-5850.60,3000.00,157.61,0
13.26,25.29,96.00,-1648.81,657.60,3000.00,154.71,0
13.28,26.19,34.20,-1600.73,2935.20,3000.00,153.81,0
13.30,27.29,50.40,-1524.55,5646.00,3000.00,152.71,0
13.32,28.19,34.80,-1392.10,6946.80,3000.00,151.81,0
13.34,29.07,52.20,-1250.40,7257.00,3000.00,150.93,0
13.36,30.12,65.40,-1107.31,7249.20,3000.00,149.88,0
13.38,31.66,67.80,-963.50,7043.40,3000.00,148.34,0
13.40,33.00,64.80,-819.03,7090.20,3000.00,147.00,0
13.42,34.01,37.80,-678.32,7074.60,3000.00,145.99,0
13.44,34.78,55.80,-532.60,7274.40,3000.00,145.22,0
13.46,35.90,83.40,-390.63,7142.40,3000.00,144.10,0
13.48,37.81,123.00,-247.37,7293.60,3000.00,142.19,0
13.50,40.76,171.60,-104.57,6925.80,3000.00,139.24,0
13.52,43.22,93.00,38.54,7291.20,3000.00,136.78,0
13.54,44.38,42.60,180.48,7224.00,3000.00,135.62,0
13.56,45.07,40.80,323.15,7166.40,3000.00,134.93,0
13.58,46.32,85.80,467.45,7009.20,3000.00,133.68,0
13.60,48.38,122.40,610.93,7241.40,3000.00,131.62,0
13.62,51.09,140.40,753.22,7114.20,3000.00,128.91,0
13.64,54.10,183.00,896.42,7240.80,3000.00,125.90,0
13.66,58.54,195.00,1039.39,7108.80,3000.00,121.46,0
13.68,60.80,60.00,1183.32,7386.00,3000.00,119.20,0
13.70,61.55,24.00,1327.48,7078.20,3000.00,118.45,0
13.72,62.34,52.20,1470.34,7314.00,3000.00,117.66,0
13.74,63.54,62.40,1615.67,7112.40,3000.00,116.46,0
13.76,65.32,100.20,1759.04,7120.80,3000.00,114.68,0
13.78,66.80,50.40,1901.82,7111.20,3000.00,113.20,0
13.80,68.01,70.80,2045.15,7357.20,3000.00,111.99,0
13.82,70.14,145.20,2187.42,7013.40,3000.00,109.86,0
13.84,73.56,148.80,2331.89,7192.80,3000.00,106.44,0
13.86,74.82,12.00,2475.79,7131.60,3000.00,105.18,0
13.88,75.04,10.80,2618.66,7426.80,3000.00,104.96,0
13.90,75.04,0.00,2761.90,7076.40,-3000.00,104.96,0
13.92,75.21,4.80,2892.74,5196.00,-3000.00,104.79,0
13.94,75.28,5.40,2931.64,-703.80,3000.00,104.72,0
13.96,75.30,0.00,2887.19,-1972.80,-3000.00,104.70,0
13.98,75.28,-5.40,2874.02,-778.20,-3000.00,104.72,0
14.00,75.26,0.00,2800.46,-6075.60,-3000.00,104.74,0
14.02,75.23,5.40,2657.94,-7365.60,3000.00,104.77,0
14.04,75.34,0.00,2519.32,-5834.40,-3000.00,104.66,0
14.06,75.28,0.00,2464.78,-1605.60,-3000.00,104.72,0
14.08,75.26,0.00,2402.20,-3927.00,-3000.00,104.74,0
14.10,75.30,4.80,2308.54,-6154.20,-3000.00,104.70,0
14.12,75.39,-4.80,2167.67,-7459.80,-3000.00,104.61,0
14.14,75.23,-5.40,2015.97,-7716.00,-3000.00,104.77,0
14.16,75.34,5.40,1865.43,-7545.00,3000.00,104.66,0
14.18,75.23,-10.80,1724.35,-5678.40,-3000.00,104.77,0
14.20,75.19,-4.80,1664.34,-2160.60,-3000.00,104.81,0
14.22,75.19,5.40,1594.42,-4162.80,3000.00,104.81,0
14.24,75.23,0.00,1509.68,-4543.80,-3000.00,104.77,0
14.26,75.21,0.00,1462.02,-1597.20,-3000.00,104.79,0
14.28,75.12,-6.60,1379.03,-6374.40,-3000.00,104.88,0
14.30,75.10,5.40,1235.54,-7315.20,3000.00,104.90,0
14.32,75.19,-5.40,1098.19,-5716.20,-3000.00,104.81,0
14.34,75.10,0.00,1042.32,-1668.00,-3000.00,104.90,0
14.36,75.04,0.00,979.61,-3945.60,-3000.00,104.96,0
14.38,75.04,0.00,884.18,-6437.40,-3000.00,104.96,0
14.40,75.15,0.00,741.53,-7717.80,-3000.00,104.85,0
14.42,75.01,-4.80,589.57,-7528.20,-3000.00,104.99,0
14.44,75.10,5.40,438.57,-7225.20,3000.00,104.90,0
14.46,75.06,-5.40,299.05,-5721.60,-3000.00,104.94,0
14.48,74.95,-1.20,243.06,-1658.40,-3000.00,105.05,0
14.50,74.95,4.80,179.45,-3903.00,-3000.00,105.05,0
14.52,74.99,0.00,88.13,-5910.60,-3000.00,105.01,0
14.54,74.95,-5.40,-54.01,-7490.40,-3000.00,105.05,0
14.56,74.88,6.00,-206.67,-7726.20,3000.00,105.12,0
14.58,75.01,5.40,-347.17,-5784.00,3000.00,104.99,0
14.60,75.01,0.00,-393.62,673.20,3000.00,104.99,0
14.62,75.06,0.00,-346.71,2700.00,3000.00,104.94,0
14.64,75.10,5.40,-275.05,5703.00,3000.00,104.90,0
14.66,75.01,-6.60,-140.30,7189.80,-3000.00,104.99,0
14.68,75.04,0.00,-10.09,5200.20,3000.00,104.96,0
14.70,75.08,0.00,42.08,1637.40,3000.00,104.92,0
14.72,75.04,-0.60,103.58,3688.20,3000.00,104.96,0
14.74,74.95,0.00,188.46,5688.60,3000.00,105.05,0
14.76,74.82,0.00,321.79,7113.00,3000.00,105.18,0
14.78,74.79,-4.80,463.27,7233.60,3000.00,105.21,0
14.80,74.36,-42.60,606.67,7153.80,-3000.00,105.64,0
14.82,73.02,-23.40,740.17,5042.40,-3000.00,106.98,0
14.84,72.73,-16.20,779.52,-672.00,-3000.00,107.27,0
14.86,72.38,-28.20,729.12,-2896.20,-3000.00,107.62,0
14.88,72.11,-6.00,658.96,-5748.00,-3000.00,107.89,0
14.90,71.85,-10.20,519.26,-7211.40,-3000.00,108.15,0
14.92,71.54,-24.60,369.01,-7704.60,-3000.00,108.46,0
14.94,70.18,-79.80,219.84,-7635.60,-3000.00,109.82,0
14.96,68.80,-79.80,67.15,-7703.40,-3000.00,111.20,0
14.98,66.64,-129.60,-84.55,-7443.60,-3000.00,113.36,0
15.00,64.23,-117.00,-234.54,-7480.20,-3000.00,115.77,0
15.02,61.39,-172.80,-386.30,-7534.80,-3000.00,118.61,0
15.04,57.68,-156.60,-537.76,-7593.00,-3000.00,122.32,0
15.06,56.03,-53.40,-688.93,-7470.60,-3000.00,123.97,0
15.08,54.71,-75.60,-840.39,-7666.20,-3000.00,125.29,0
15.10,52.76,-122.40,-994.11,-7336.20,-3000.00,127.24,0
15.12,49.17,-210.60,-1147.17,-7752.60,-3000.00,130.83,0
15.14,44.54,-241.20,-1299.44,-7615.20,-3000.00,135.46,0
15.16,39.64,-225.60,-1450.55,-7837.20,-3000.00,140.36,0
15.18,35.27,-246.00,-1601.87,-7833.00,-3000.00,144.73,0
15.20,29.20,-336.00,-1753.35,-7749.60,-3000.00,150.80,0
15.22,21.75,-352.80,-1906.41,-7433.40,-3000.00,158.25,0
15.24,13.71,-433.80,-2058.02,-7564.20,-3000.00,166.29,0
15.26,5.49,-370.20,-2209.83,-7656.60,-3000.00,174.51,0
15.28,-0.73,-307.20,-2361.47,-7771.20,-3000.00,179.27,0
15.30,-6.02,-286.20,-2512.62,-7480.80,-3000.00,173.98,0
15.32,-11.12,-171.60,-2665.35,-7738.20,-3000.00,168.88,0
15.34,-14.30,-187.80,-2817.31,-7534.80,-3000.00,165.70,0
15.36,-17.86,-164.40,-2968.68,-7631.40,-3000.00,162.14,0
15.38,-20.37,-123.00,-3120.84,-7603.80,-3000.00,159.63,0
15.40,-25.07,-315.00,-3273.16,-7693.80,-3000.00,154.93,0
15.42,-29.40,-186.60,-3425.76,-7531.80,-3000.00,150.60,0
15.44,-33.13,-158.40,-3576.93,-7532.40,-3000.00,146.87,0
15.46,-35.51,-103.80,-3728.17,-7654.80,-3000.00,144.49,0
15.48,-38.34,-205.80,-3880.06,-7725.00,-3000.00,141.66,0
15.50,-42.63,-133.20,-4031.08,-7720.20,-3000.00,137.37,0
15.52,-44.36,-59.40,-4183.81,-7581.60,-3000.00,135.64,0
15.54,-45.75,-73.80,-4335.27,-7663.20,-3000.00,134.25,0
15.56,-46.93,-47.40,-4486.33,-7908.60,-3000.00,133.07,0
15.58,-47.77,-24.60,-4639.02,-7687.80,-3000.00,132.23,0
15.60,-47.81,11.40,-4791.29,-7698.60,3000.00,132.19,0
15.62,-47.77,-10.20,-4931.06,-5733.00,-3000.00,132.23,0
15.64,-47.77,0.00,-4987.60,-1627.20,3000.00,132.23,0
15.66,-47.64,11.40,-5039.32,-2129.40,3000.00,132.36,0
15.68,-47.53,0.00,-5031.28,2547.00,3000.00,132.47,0
15.70,-47.35,22.80,-4922.03,6841.20,3000.00,132.65,0
15.72,-46.63,64.80,-4782.19,6939.00,3000.00,133.37,0
15.74,-45.15,46.20,-4638.80,7248.00,3000.00,134.85,0
15.76,-44.12,53.40,-4495.50,7374.60,3000.00,135.88,0
15.78,-43.46,29.40,-4351.99,7207.80,3000.00,136.54,0
15.80,-42.32,84.00,-4209.68,7032.60,3000.00,137.68,0
15.82,-41.64,7.20,-4066.08,7195.80,3000.00,138.36,0
15.84,-41.79,-10.80,-3922.23,7163.40,-3000.00,138.21,0
15.86,-41.75,0.00,-3790.20,5175.00,3000.00,138.25,0
15.88,-41.70,0.60,-3737.70,1705.80,3000.00,138.30,0
15.90,-41.70,-5.40,-3674.82,3722.40,-3000.00,138.30,0
15.92,-41.77,0.00,-3597.80,4097.40,3000.00,138.23,0
15.94,-41.68,0.60,-3551.75,1725.60,3000.00,138.32,0
15.96,-41.48,0.00,-3468.74,6226.20,3000.00,138.52,0
15.98,-41.37,0.00,-3332.77,7084.80,3000.00,138.63,0
16.00,-41.48,-0.60,-3191.97,7022.40,3000.00,138.52,0
16.02,-41.33,12.00,-3049.65,7177.80,3000.00,138.67,0
16.04,-40.47,94.20,-2905.29,7128.60,3000.00,139.53,0
16.06,-39.20,16.80,-2764.82,7146.00,3000.00,140.80,0
16.08,-39.18,0.00,-2619.67,6929.40,3000.00,140.82,0
16.10,-39.38,0.00,-2477.33,7215.00,3000.00,140.62,0
16.12,-39.24,16.80,-2332.79,7176.00,3000.00,140.76,0
16.14,-39.42,-22.20,-2190.70,7208.40,-3000.00,140.58,0
16.16,-39.51,16.20,-2058.68,5049.00,3000.00,140.49,0
16.18,-39.44,0.00,-2007.25,1584.00,3000.00,140.56,0
16.20,-39.42,0.00,-1946.14,3684.60,3000.00,140.58,0
16.22,-39.46,-11.40,-1864.45,5735.40,-3000.00,140.54,0
16.24,-39.57,0.00,-1740.87,5244.00,3000.00,140.43,0
16.26,-39.48,4.80,-1685.10,1917.60,3000.00,140.52,0
16.28,-39.42,0.00,-1621.93,3638.40,3000.00,140.58,0
16.30,-39.44,-26.40,-1545.53,5281.80,-3000.00,140.56,0
16.32,-39.57,-10.80,-1426.88,4881.00,-3000.00,140.43,0
16.34,-39.57,0.00,-1390.78,-1018.20,3000.00,140.43,0
16.36,-39.57,0.00,-1434.55,-1669.20,3000.00,140.43,0
16.38,-39.55,0.00,-1430.07,2299.80,3000.00,140.45,0
16.40,-39.51,21.00,-1324.38,6533.40,3000.00,140.49,0
16.42,-39.40,-4.80,-1185.27,7125.60,3000.00,140.60,0
16.44,-39.59,-21.60,-1044.01,7135.80,-3000.00,140.41,0
16.46,-39.46,10.20,-912.55,5466.00,3000.00,140.54,0
16.48,-39.44,0.00,-859.15,1521.00,3000.00,140.56,0
16.50,-39.46,-10.80,-797.50,3753.00,-3000.00,140.54,0
16.52,-39.55,0.00,-723.41,4070.40,3000.00,140.45,0
16.54,-39.53,0.00,-674.65,1891.80,3000.00,140.47,0
16.56,-39.42,5.40,-589.02,6183.00,3000.00,140.58,0
16.58,-39.27,0.00,-453.91,7132.80,3000.00,140.73,0
16.60,-39.35,0.00,-312.50,6934.80,3000.00,140.65,0
16.62,-39.13,12.00,-167.87,7150.80,3000.00,140.87,0
16.64,-39.11,-16.20,-25.55,7098.00,-3000.00,140.89,0
16.66,-38.80,29.40,105.42,5500.80,3000.00,141.20,0
16.68,-35.77,221.40,158.12,1523.40,3000.00,144.23,0
16.70,-30.67,238.20,218.54,3751.20,3000.00,149.33,0
16.72,-25.47,176.40,299.22,5640.60,3000.00,154.53,0
16.74,-24.17,18.60,433.04,7074.00,3000.00,155.83,0
16.76,-23.73,27.00,575.62,7321.20,3000.00,156.27,0
16.78,-23.58,6.00,719.27,7233.60,3000.00,156.42,0
16.80,-23.14,46.20,861.39,7056.00,3000.00,156.86,0
16.82,-21.27,127.80,1004.55,7151.40,3000.00,158.73,0
16.84,-17.14,261.00,1146.82,7290.60,3000.00,162.86,0
16.86,-13.23,147.00,1290.41,7410.00,3000.00,166.77,0
16.88,-10.52,130.80,1433.98,6805.20,3000.00,169.48,0
16.90,-8.17,87.00,1577.66,7262.40,3000.00,171.83,0
16.92,-6.83,52.20,1721.89,6915.00,3000.00,173.17,0
16.94,-4.88,141.60,1865.92,7287.00,3000.00,175.12,0
16.96,-0.37,259.20,2008.21,7224.00,3000.00,179.63,0
16.98,4.22,228.60,2151.47,7133.40,3000.00,175.78,0
17.00,8.90,202.20,2294.69,7093.80,3000.00,171.10,0
17.02,12.46,205.80,2438.28,7145.40,3000.00,167.54,0
17.04,17.71,271.80,2581.28,7310.40,3000.00,162.29,0
17.06,22.96,259.80,2726.08,7347.60,3000.00,157.04,0
17.08,27.49,190.20,2868.82,6829.20,3000.00,152.51,0
17.10,31.07,183.60,3012.80,7356.00,3000.00,148.93,0
17.12,34.43,148.80,3156.26,7251.60,3000.00,145.57,0
17.14,38.03,215.40,3299.85,7455.60,3000.00,141.97,0
17.16,43.09,244.20,3443.20,7200.60,3000.00,136.91,0
17.18,46.43,151.20,3587.54,7160.40,3000.00,133.57,0
17.20,49.35,153.60,3731.55,7152.60,3000.00,130.65,0
17.22,52.03,122.40,3874.24,7186.80,3000.00,127.97,0
17.24,55.79,241.20,4017.46,7266.60,3000.00,124.21,0
17.26,59.96,145.80,4163.25,7247.40,3000.00,120.04,0
17.28,62.29,118.80,4308.09,6879.60,3000.00,117.71,0
17.30,65.26,148.80,4450.10,7407.60,3000.00,114.74,0
17.32,67.92,127.80,4593.98,7088.40,3000.00,112.08,0
17.34,70.95,188.40,4736.43,7408.20,3000.00,109.05,0
17.36,74.40,100.80,4880.46,7124.40,3000.00,105.60,0
17.38,74.82,10.20,5024.53,7076.40,3000.00,105.18,0
17.40,75.32,45.00,5169.18,7169.40,3000.00,104.68,0
17.42,76.07,30.60,5312.64,7179.60,3000.00,103.93,0
17.44,76.55,11.40,5454.67,7229.40,3000.00,103.45,0
17.46,76.57,0.00,5598.79,7206.60,3000.00,103.43,0
17.48,76.62,5.40,5741.48,6910.20,3000.00,103.38,0
17.50,76.77,5.40,5887.24,7365.00,3000.00,103.23,0
17.52,76.79,5.40,6030.40,7239.00,3000.00,103.21,0
17.54,76.93,0.00,6173.31,7192.20,3000.00,103.07,0
17.56,76.86,0.00,6317.51,7096.80,3000.00,103.14,0
17.58,76.95,11.40,6460.38,7211.40,3000.00,103.05,0
17.60,77.19,0.00,6604.98,7383.00,3000.00,102.81,0
17.62,77.10,0.00,6749.87,7139.40,3000.00,102.90,0
17.64,77.23,0.00,6892.36,7161.00,3000.00,102.77,0
17.66,77.12,0.00,7036.55,7206.60,3000.00,102.88,0
17.68,77.15,1.80,7179.92,6858.60,3000.00,102.85,0
17.70,77.21,-4.80,7323.97,7265.40,3000.00,102.79,0
17.72,77.08,0.00,7468.53,7239.00,3000.00,102.92,0
17.74,77.21,0.00,7611.57,7297.80,3000.00,102.79,0
17.76,77.08,-0.60,7755.75,7022.40,3000.00,102.92,0
17.78,77.08,10.20,7899.28,7251.60,3000.00,102.92,0
17.80,77.08,-5.40,8043.27,7252.80,-3000.00,102.92,0
17.82,76.93,0.00,8177.48,5335.20,3000.00,103.07,0
17.84,76.93,0.00,8230.08,1637.40,3000.00,103.07,0
17.86,76.95,0.00,8291.91,3760.80,3000.00,103.05,0
17.88,76.93,0.00,8374.04,5928.60,3000.00,103.07,0
17.90,76.77,0.00,8509.22,7189.20,3000.00,103.23,0
17.92,76.84,5.40,8651.93,7230.00,3000.00,103.16,0
17.94,76.79,-6.00,8796.18,7417.20,-3000.00,103.21,0
17.96,76.68,0.00,8929.16,5343.00,3000.00,103.32,0
17.98,76.68,0.00,8983.67,1668.60,3000.00,103.32,0
18.00,76.66,0.00,9044.08,3768.60,3000.00,103.34,0
18.02,76.60,-10.20,9127.35,5605.80,-3000.00,103.40,0
18.04,76.20,-35.40,9251.32,5260.20,-3000.00,103.80,0
18.06,73.06,-91.80,9291.03,-652.20,-3000.00,106.94,0
18.08,72.73,-10.80,9243.70,-2731.20,-3000.00,107.27,0
18.10,72.73,0.00,9182.35,-4803.60,3000.00,107.27,0
18.12,72.80,4.80,9060.47,-5395.20,3000.00,107.20,0
18.14,72.77,-0.60,9016.19,615.00,3000.00,107.23,0
18.16,72.75,-5.40,9063.35,2656.80,-3000.00,107.25,0
18.18,72.62,-16.20,9117.55,3571.80,-3000.00,107.38,0
18.20,72.38,-16.80,9149.92,-648.60,-3000.00,107.62,0
18.22,72.00,-34.80,9072.62,-6051.60,-3000.00,108.00,0
18.24,69.24,-207.60,8930.02,-7579.80,-3000.00,110.76,0
18.26,64.03,-285.60,8776.96,-7767.00,-3000.00,115.97,0
18.28,57.90,-295.20,8627.72,-7681.80,-3000.00,122.10,0
18.30,54.43,-120.00,8477.18,-7677.00,-3000.00,125.57,0
18.32,50.60,-256.80,8326.98,-7535.40,-3000.00,129.40,0
18.34,45.37,-257.40,8173.65,-7309.20,-3000.00,134.63,0
18.36,40.98,-158.40,8021.73,-7595.40,-3000.00,139.02,0
18.38,39.16,-61.20,7869.33,-7721.40,-3000.00,140.84,0
18.40,37.77,-70.20,7717.52,-7429.80,-3000.00,142.23,0
18.42,35.31,-171.60,7567.23,-7565.40,-3000.00,144.69,0
18.44,31.18,-233.40,7415.75,-7756.20,-3000.00,148.82,0
18.46,26.30,-288.60,7264.56,-7624.80,-3000.00,153.70,0
18.48,21.23,-245.40,7113.16,-7354.80,-3000.00,158.77,0
18.50,16.46,-241.20,6961.27,-7473.60,-3000.00,163.54,0
18.52,12.19,-162.60,6808.89,-7611.00,-3000.00,167.81,0
18.54,8.61,-186.60,6657.03,-7534.20,-3000.00,171.39,0
18.56,5.19,-130.80,6508.02,-7614.60,-3000.00,174.81,0
18.58,2.24,-172.80,6355.68,-7702.80,-3000.00,177.76,0
18.60,-1.71,-202.80,6204.22,-7551.60,-3000.00,178.29,0
18.62,-5.76,-244.20,6052.68,-7590.60,-3000.00,174.24,0
18.64,-11.36,-242.40,5900.45,-7561.20,-3000.00,168.64,0
18.66,-16.37,-240.60,5749.12,-7824.00,-3000.00,163.63,0
18.68,-20.70,-201.60,5595.86,-7750.80,-3000.00,159.30,0
18.70,-26.30,-268.20,5444.65,-7528.80,-3000.00,153.70,0
18.72,-29.51,-128.40,5293.04,-7649.40,-3000.00,150.49,0
18.74,-32.23,-141.00,5140.94,-7519.20,-3000.00,147.77,0
18.76,-35.20,-157.80,4988.47,-7672.20,-3000.00,144.80,0
18.78,-38.80,-240.00,4836.51,-7747.20,-3000.00,141.20,0
18.80,-43.62,-178.80,4686.17,-7693.80,-3000.00,136.38,0
18.82,-45.75,-85.20,4533.51,-7609.20,-3000.00,134.25,0
18.84,-47.35,-69.60,4381.15,-7497.60,-3000.00,132.65,0
18.86,-48.03,-6.60,4229.19,-7642.80,-3000.00,131.97,0
18.88,-48.14,-11.40,4076.67,-7654.20,-3000.00,131.86,0
18.90,-48.43,-6.00,3925.74,-7380.00,-3000.00,131.57,0
18.92,-48.74,-30.00,3774.20,-7668.60,-3000.00,131.26,0
18.94,-50.16,-74.40,3623.01,-7581.00,-3000.00,129.84,0
18.96,-51.11,-23.40,3470.80,-7739.40,-3000.00,128.89,0
18.98,-51.55,-10.80,3317.41,-7746.60,-3000.00,128.45,0
19.00,-51.50,10.80,3167.75,-7712.40,3000.00,128.50,0
19.02,-51.31,0.00,3027.79,-5386.80,3000.00,128.69,0
19.04,-51.33,0.00,2986.98,888.00,3000.00,128.67,0
19.06,-51.24,0.60,3038.51,2845.80,3000.00,128.76,0
19.08,-51.13,0.00,3118.07,6106.80,3000.00,128.87,0
19.10,-51.06,20.40,3253.29,6902.40,3000.00,128.94,0
19.12,-49.28,172.80,3396.93,7234.80,3000.00,130.72,0
19.14,-45.97,169.20,3541.75,7198.20,3000.00,134.03,0
19.16,-42.80,137.40,3684.97,7236.00,3000.00,137.20,0
19.18,-40.94,42.60,3828.93,7032.60,3000.00,139.06,0
19.20,-40.58,0.00,3972.02,7168.80,3000.00,139.42,0
19.22,-40.39,12.60,4118.36,7184.40,3000.00,139.61,0
19.24,-40.30,0.00,4261.49,7258.20,3000.00,139.70,0
19.26,-40.25,4.80,4406.11,7436.40,3000.00,139.75,0
19.28,-40.08,0.60,4548.30,7280.40,3000.00,139.92,0
19.30,-40.10,0.00,4691.40,7062.60,3000.00,139.90,0
19.32,-39.77,34.20,4836.56,7321.80,3000.00,140.23,0
19.34,-37.35,160.80,4980.08,7210.80,3000.00,142.65,0
19.36,-32.56,313.20,5122.75,7236.60,3000.00,147.44,0
19.38,-26.89,264.00,5266.91,7054.20,3000.00,153.11,0
19.40,-22.90,130.20,5411.67,7164.60,3000.00,157.10,0
19.42,-20.35,147.60,5554.29,7218.60,3000.00,159.65,0
19.44,-15.73,265.20,5700.08,7164.00,3000.00,164.27,0
19.46,-10.61,262.80,5843.32,7411.80,3000.00,169.39,0
19.48,-5.89,202.20,5987.53,7231.20,3000.00,174.11,0
19.50,-1.10,306.60,6129.73,7075.20,3000.00,178.90,0
19.52,4.46,239.40,6275.35,7253.40,3000.00,175.54,0
19.54,9.23,190.20,6419.42,7204.20,3000.00,170.77,0
19.56,12.55,173.40,6563.89,7176.00,3000.00,167.45,0
19.58,16.55,206.40,6706.82,7086.60,3000.00,163.45,0
19.60,19.75,159.00,6849.23,7264.20,3000.00,160.25,0
19.62,23.66,205.80,6995.02,7221.00,3000.00,156.34,0
19.64,27.05,124.80,7138.54,7281.60,3000.00,152.95,0
19.66,29.82,132.00,7281.67,7004.40,3000.00,150.18,0
19.68,32.65,133.20,7425.11,7330.80,3000.00,147.35,0
19.70,35.49,148.20,7568.17,7096.80,3000.00,144.51,0
19.72,38.85,189.00,7712.47,7341.00,3000.00,141.15,0
19.74,42.56,153.00,7857.47,7182.60,3000.00,137.44,0
19.76,44.30,31.80,8000.60,7268.40,3000.00,135.70,0
19.78,44.91,39.00,8144.56,7110.60,3000.00,135.09,0
19.80,46.21,97.80,8288.39,7295.40,3000.00,133.79,0
19.82,48.58,122.40,8434.78,7226.40,3000.00,131.42,0
19.84,51.06,112.80,8575.49,7230.60,3000.00,128.94,0
19.86,52.91,66.60,8718.82,6998.40,3000.00,127.09,0
19.88,54.21,59.40,8864.91,7308.60,3000.00,125.79,0
19.90,54.93,18.00,9007.56,7120.80,3000.00,125.07,0
19.92,54.93,-0.60,9152.42,7237.80,3000.00,125.07,0
19.94,54.82,0.00,9296.06,7122.60,3000.00,125.18,0
19.96,54.82,-4.80,9440.71,7214.40,3000.00,125.18,0
19.98,54.60,-6.60,9583.79,7108.80,-3000.00,125.40,0
20.00,54.47,-5.40,9717.47,5472.00,-3000.00,125.53,0
20.02,54.18,-35.40,9761.55,-664.20,-3000.00,125.82,0
20.04,52.56,-88.80,9710.57,-3099.00,-3000.00,127.44,0
20.06,50.05,-55.80,9639.78,-5544.60,-3000.00,129.95,0
20.08,49.90,0.00,9500.82,-7586.40,3000.00,130.10,0
20.10,49.92,0.00,9363.85,-5316.60,3000.00,130.08,0
20.12,49.86,-4.80,9321.64,943.80,3000.00,130.14,0
20.14,49.81,0.00,9371.65,2748.60,3000.00,130.19,0
20.16,49.64,4.80,9446.09,5978.40,3000.00,130.36,0
20.18,49.46,-4.80,9581.77,7017.60,3000.00,130.54,0
20.20,49.28,0.00,9725.78,7286.40,3000.00,130.72,0
20.22,48.36,-147.60,9871.44,7186.20,-3000.00,131.64,0
20.24,44.65,-169.80,10004.68,5379.60,-3000.00,135.35,0
20.26,41.77,-106.80,10050.07,-517.80,-3000.00,138.23,0
20.28,40.45,-52.80,10000.20,-2979.00,-3000.00,139.55,0
20.30,38.63,-104.40,9930.08,-5395.80,-3000.00,141.37,0
20.32,36.25,-136.80,9794.60,-7455.60,-3000.00,143.75,0
20.34,32.65,-186.60,9642.44,-7614.60,-3000.00,147.35,0
20.36,28.96,-161.40,9491.42,-7706.40,-3000.00,151.04,0
20.38,25.29,-196.20,9339.43,-7453.20,-3000.00,154.71,0
20.40,22.26,-129.60,9188.31,-7766.40,-3000.00,157.74,0
20.42,19.05,-191.40,9035.55,-7452.60,-3000.00,160.95,0
20.44,14.72,-229.20,8884.75,-7720.80,-3000.00,165.28,0
20.46,10.94,-200.40,8733.30,-7490.40,-3000.00,169.06,0
20.48,6.02,-215.40,8581.99,-7696.80,-3000.00,173.98,0
20.50,1.85,-233.40,8430.23,-7408.80,-3000.00,178.15,0
20.52,-2.46,-172.20,8276.95,-7630.20,-3000.00,177.54,0
20.54,-5.41,-174.60,8126.15,-7656.00,-3000.00,174.59,0
20.56,-10.15,-231.60,7975.11,-7591.20,-3000.00,169.85,0
20.58,-14.04,-213.00,7822.07,-7380.00,-3000.00,165.96,0
20.60,-18.61,-238.20,7670.21,-7680.60,-3000.00,161.39,0
20.62,-24.43,-373.80,7518.91,-7555.80,-3000.00,155.57,0
20.64,-29.86,-209.40,7367.65,-7733.40,-3000.00,150.14,0
20.66,-33.11,-127.80,7216.46,-7725.60,-3000.00,146.89,0
20.68,-34.48,-29.40,7065.09,-7819.20,-3000.00,145.52,0
20.70,-34.67,-5.40,6911.92,-7473.60,-3000.00,145.33,0
20.72,-34.69,10.80,6760.39,-7603.80,3000.00,145.31,0
20.74,-34.63,0.00,6619.92,-5709.60,3000.00,145.37,0
20.76,-34.83,-16.20,6576.64,708.60,-3000.00,145.17,0
20.78,-35.02,-16.80,6620.65,1845.00,-3000.00,144.98,0
20.80,-35.29,-28.20,6614.49,-2626.20,-3000.00,144.71,0
20.82,-36.01,-57.00,6507.91,-6840.00,-3000.00,143.99,0
20.84,-38.28,-165.60,6361.72,-7582.20,-3000.00,141.72,0
20.86,-42.21,-153.60,6209.78,-7463.40,-3000.00,137.79,0
20.88,-43.66,-18.60,6056.24,-7742.40,-3000.00,136.34,0
20.90,-44.01,-22.20,5907.52,-7468.20,-3000.00,135.99,0
20.92,-44.32,-5.40,5753.72,-7753.80,-3000.00,135.68,0
20.94,-44.67,-34.20,5602.06,-7642.80,-3000.00,135.33,0
20.96,-46.82,-153.60,5451.13,-7743.00,-3000.00,133.18,0
20.98,-49.55,-124.20,5299.48,-7373.40,-3000.00,130.45,0
21.00,-52.58,-179.40,5147.25,-7710.60,-3000.00,127.42,0
21.02,-57.11,-250.80,4996.23,-7704.60,-3000.00,122.89,0
21.04,-60.34,-89.40,4841.39,-7809.60,-3000.00,119.66,0
21.06,-61.79,-54.00,4693.43,-7713.00,-3000.00,118.21,0
21.08,-63.04,-73.20,4540.34,-7879.20,-3000.00,116.96,0
21.10,-64.75,-87.60,4389.35,-7644.60,-3000.00,115.25,0
21.12,-66.75,-113.40,4234.81,-7549.20,-3000.00,113.25,0
21.14,-69.76,-177.00,4084.01,-7599.60,-3000.00,110.24,0
21.16,-73.87,-196.20,3933.02,-7748.40,-3000.00,106.13,0
21.18,-75.30,4.80,3782.70,-7774.80,3000.00,104.70,0
21.20,-75.39,-0.60,3640.72,-5718.60,3000.00,104.61,0
21.22,-75.37,0.00,3597.17,693.00,3000.00,104.63,0
21.24,-75.34,0.00,3647.57,2954.40,3000.00,104.66,0
21.26,-75.30,0.00,3724.98,5985.60,3000.00,104.70,0
21.28,-75.21,0.00,3863.14,7165.80,3000.00,104.79,0
21.30,-75.32,-0.60,4006.08,6942.00,3000.00,104.68,0
21.32,-75.17,7.20,4147.71,7194.00,3000.00,104.83,0
21.34,-75.21,-5.40,4293.50,7211.40,-3000.00,104.79,0
21.36,-75.21,0.60,4426.41,5531.40,3000.00,104.79,0
21.38,-75.06,4.80,4480.11,1578.60,3000.00,104.94,0
21.40,-74.90,6.00,4541.42,3784.80,3000.00,105.10,0
21.42,-74.82,0.00,4622.70,5710.80,3000.00,105.18,0
21.44,-74.84,0.00,4756.51,7107.60,3000.00,105.16,0
21.46,-74.69,15.60,4899.29,7335.60,3000.00,105.31,0
21.48,-74.82,-12.60,5042.33,7264.20,-3000.00,105.18,0
21.50,-74.90,0.00,5174.10,5549.40,3000.00,105.10,0
21.52,-74.93,0.00,5228.04,1569.60,3000.00,105.07,0
21.54,-74.90,0.00,5290.25,3777.00,3000.00,105.10,0
21.56,-74.95,0.00,5373.70,5878.80,3000.00,105.05,0
21.58,-74.95,0.60,5508.44,7152.60,3000.00,105.05,0
21.60,-74.77,10.80,5650.93,7020.00,3000.00,105.23,0
21.62,-74.84,0.00,5795.31,7306.80,3000.00,105.16,0
21.64,-74.66,22.20,5938.53,7263.60,3000.00,105.34,0
21.66,-74.58,0.00,6081.46,7143.00,3000.00,105.42,0
21.68,-74.05,68.40,6224.63,7015.20,3000.00,105.95,0
21.70,-73.10,4.80,6368.49,7298.40,3000.00,106.90,0
21.72,-73.19,-5.40,6511.42,7097.40,-3000.00,106.81,0
21.74,-72.97,12.00,6644.18,5209.80,3000.00,107.03,0
21.76,-72.82,10.20,6697.07,1686.60,3000.00,107.18,0
21.78,-72.82,-4.80,6759.73,3881.40,3000.00,107.18,0
21.80,-72.88,0.00,6847.32,5830.20,3000.00,107.12,0
21.82,-72.75,16.80,6983.06,7116.60,3000.00,107.25,0
21.84,-72.64,0.00,7125.86,7154.40,3000.00,107.36,0
21.86,-72.71,0.00,7271.04,7243.20,3000.00,107.29,0
21.88,-72.44,31.80,7414.72,7140.60,3000.00,107.56,0
21.90,-72.09,46.80,7558.00,7212.60,3000.00,107.91,0
21.92,-68.97,176.40,7701.83,7087.20,3000.00,111.03,0
21.94,-63.94,286.20,7844.59,7157.40,3000.00,116.06,0
21.96,-57.83,237.00,7989.70,7407.00,3000.00,122.17,0
21.98,-55.24,76.80,8133.31,7395.60,3000.00,124.76,0
22.00,-54.07,66.60,8276.59,7060.20,3000.00,125.93,0
22.02,-51.55,177.60,8421.22,7227.60,3000.00,128.45,0
22.04,-46.63,252.60,8564.37,7270.20,3000.00,133.37,0
22.06,-42.08,174.60,8709.06,7225.20,3000.00,137.92,0
22.08,-39.70,76.20,8853.73,7200.00,3000.00,140.30,0
22.10,-38.28,72.60,8996.29,7177.20,3000.00,141.72,0
22.12,-35.88,175.20,9140.34,7140.00,3000.00,144.12,0
22.14,-31.46,211.20,9285.12,7183.80,3000.00,148.54,0
22.16,-27.73,175.80,9428.88,7381.80,3000.00,152.27,0
22.18,-24.74,108.60,9574.65,7381.80,3000.00,155.26,0
22.20,-23.73,34.80,9716.48,7030.80,3000.00,156.27,0
22.22,-23.03,37.80,9861.22,7225.80,3000.00,156.97,0
22.24,-21.38,144.60,10005.95,6894.60,3000.00,158.62,0
22.26,-16.37,341.40,10148.95,7247.40,3000.00,163.63,0
22.28,-10.70,251.40,10294.65,7448.40,3000.00,169.30,0
22.30,-6.92,117.60,10437.52,7157.40,3000.00,173.08,0
22.32,-5.08,76.80,10581.88,7137.60,3000.00,174.92,0
22.34,-3.43,86.40,10725.27,7069.80,3000.00,176.57,0
22.36,-1.43,102.60,10868.25,7135.20,3000.00,178.57,0
22.38,0.20,48.00,11015.35,7355.40,3000.00,179.80,0
22.40,0.57,11.40,11157.74,7061.40,3000.00,179.43,0
22.42,0.70,5.40,11301.55,7261.80,3000.00,179.30,0
22.44,0.68,-5.40,11445.12,7069.20,-3000.00,179.32,0
22.46,0.64,15.60,11577.66,5545.80,3000.00,179.36,0
22.48,0.68,0.00,11630.11,1597.80,3000.00,179.32,0
22.50,0.73,0.00,11691.83,3796.20,3000.00,179.27,0
22.52,0.73,0.00,11775.06,5537.40,-3000.00,179.27,0
22.54,0.68,0.00,11899.01,5095.20,-3000.00,179.32,0
22.56,0.79,0.60,11937.22,-917.40,-3000.00,179.21,0
22.58,0.90,0.00,11886.44,-2901.00,-3000.00,179.10,0
22.60,0.94,0.00,11821.66,-5055.60,-3000.00,179.06,0
22.62,0.99,4.80,11685.89,-7487.40,-3000.00,179.01,0
22.64,0.90,-15.60,11538.08,-7567.20,-3000.00,179.10,0
22.66,0.86,4.80,11386.96,-7759.20,-3000.00,179.14,0
22.68,0.83,-10.20,11235.61,-7410.00,-3000.00,179.17,0
22.70,0.73,0.00,11083.23,-7612.20,-3000.00,179.27,0
22.72,0.77,0.00,10931.62,-7522.20,-3000.00,179.23,0
22.74,0.68,-4.80,10779.57,-7645.80,-3000.00,179.32,0
22.76,0.73,0.60,10626.96,-7549.80,-3000.00,179.27,0
22.78,0.70,-6.00,10477.64,-7668.60,-3000.00,179.30,0
22.80,0.68,0.00,10326.64,-7422.60,-3000.00,179.32,0
22.82,0.70,-4.80,10172.50,-7457.40,-3000.00,179.30,0
22.84,0.64,0.00,10021.05,-7526.40,-3000.00,179.36,0
22.86,0.70,0.00,9869.30,-7673.40,-3000.00,179.30,0
22.88,0.64,-0.60,9718.35,-7288.20,-3000.00,179.36,0
22.90,0.68,5.40,9566.52,-7743.60,3000.00,179.32,0
22.92,0.68,-5.40,9423.52,-5625.00,-3000.00,179.32,0
22.94,0.64,0.00,9365.65,-1616.40,-3000.00,179.36,0
22.96,0.64,0.00,9301.97,-3968.40,-3000.00,179.36,0
22.98,0.68,0.00,9206.10,-6421.20,-3000.00,179.32,0
23.00,0.70,0.00,9062.97,-7228.80,-3000.00,179.30,0
23.02,0.64,0.00,8914.00,-7657.20,-3000.00,179.36,0
23.04,0.70,0.00,8760.70,-7606.20,-3000.00,179.30,0
23.06,0.62,-0.60,8609.63,-7685.40,-3000.00,179.38,0
23.08,0.68,0.00,8457.28,-7356.60,-3000.00,179.32,0
23.10,0.64,-5.40,8305.82,-7653.00,-3000.00,179.36,0
23.12,0.64,0.00,8153.02,-7456.20,-3000.00,179.36,0
23.14,0.68,0.00,8001.12,-7570.20,-3000.00,179.32,0
23.16,0.62,-0.60,7847.67,-7702.20,-3000.00,179.38,0
23.18,0.70,0.00,7697.18,-7749.60,-3000.00,179.30,0
23.20,0.62,0.00,7545.23,-7500.60,-3000.00,179.38,0
23.22,0.68,5.40,7394.63,-7771.80,3000.00,179.32,0
23.24,0.66,-5.40,7254.07,-5460.60,-3000.00,179.34,0
23.26,0.62,-4.80,7198.29,-1768.20,-3000.00,179.38,0
23.28,0.62,0.00,7133.38,-3954.60,-3000.00,179.38,0
23.30,0.68,5.40,7036.11,-6646.20,3000.00,179.32,0
23.32,0.66,0.00,6904.62,-5633.40,-3000.00,179.34,0
23.34,0.62,0.00,6849.40,-1705.20,-3000.00,179.38,0
23.36,0.59,0.00,6785.00,-3868.80,-3000.00,179.41,0
23.38,0.66,0.00,6693.62,-6145.80,-3000.00,179.34,0
23.40,0.66,-10.80,6551.13,-7345.80,-3000.00,179.34,0
23.42,0.62,0.60,6400.50,-7489.80,-3000.00,179.38,0
23.44,0.70,0.60,6249.68,-7635.60,-3000.00,179.30,0
23.46,0.59,-0.60,6098.33,-7626.60,-3000.00,179.41,0
23.48,0.68,15.60,5946.02,-7542.00,3000.00,179.32,0
23.50,0.64,-10.20,5806.85,-5600.40,-3000.00,179.36,0
23.52,0.59,0.00,5751.19,-1653.00,-3000.00,179.41,0
23.54,0.62,0.00,5686.39,-3989.40,-3000.00,179.38,0
23.56,0.66,0.60,5589.43,-6422.40,-3000.00,179.34,0
23.58,0.64,-10.80,5443.66,-7615.80,-3000.00,179.36,0
23.60,0.62,4.80,5292.62,-7497.60,-3000.00,179.38,0
23.62,0.68,0.00,5140.83,-7777.20,-3000.00,179.32,0
23.64,0.59,0.00,4989.99,-7654.80,-3000.00,179.41,0
23.66,0.68,0.00,4838.49,-7744.80,-3000.00,179.32,0
23.68,0.62,-10.80,4685.54,-7489.20,-3000.00,179.38,0
23.70,0.64,1.20,4532.76,-7705.20,-3000.00,179.36,0
23.72,0.66,-5.40,4381.00,-7370.40,-3000.00,179.34,0
23.74,0.59,0.00,4230.18,-7633.80,-3000.00,179.41,0
23.76,0.68,0.00,4078.06,-7393.80,-3000.00,179.32,0
23.78,0.59,0.00,3926.80,-7648.20,-3000.00,179.41,0
23.80,0.66,0.00,3773.14,-7560.00,-3000.00,179.34,0
23.82,0.62,-5.40,3622.59,-7754.40,-3000.00,179.38,0
23.84,0.62,0.00,3470.95,-7522.20,-3000.00,179.38,0
23.86,0.64,-12.00,3318.86,-7697.40,-3000.00,179.36,0
23.88,0.57,0.00,3166.66,-7465.80,-3000.00,179.43,0
23.90,0.68,0.00,3013.66,-7698.00,-3000.00,179.32,0
23.92,0.59,-0.60,2862.42,-7671.00,-3000.00,179.41,0
23.94,0.66,0.60,2710.20,-7917.60,-3000.00,179.34,0
23.96,0.62,-5.40,2560.01,-7963.20,-3000.00,179.38,0
23.98,0.59,0.60,2405.52,-7645.20,-3000.00,179.41,0
24.00,0.66,0.00,2254.22,-7339.80,-3000.00,179.34,0
24.02,0.57,-5.40,2103.51,-7746.60,-3000.00,179.43,0
24.04,0.66,5.40,1951.28,-7579.80,3000.00,179.34,0
24.06,0.59,0.00,1810.68,-5971.80,-3000.00,179.41,0
24.08,0.59,4.80,1750.08,-1948.80,-3000.00,179.41,0
24.10,0.62,10.80,1681.13,-4153.20,3000.00,179.38,0
24.12,0.66,4.80,1594.64,-4525.20,-3000.00,179.34,0
24.14,0.66,0.00,1546.79,-1633.80,-3000.00,179.34,0
24.16,0.59,-4.80,1461.71,-6376.80,-3000.00,179.41,0
24.18,0.59,0.00,1322.36,-7443.60,-3000.00,179.41,0
24.20,0.66,0.00,1171.05,-7510.80,-3000.00,179.34,0
24.22,0.57,0.00,1018.54,-7615.80,-3000.00,179.43,0
24.24,0.66,0.00,866.45,-7581.00,-3000.00,179.34,0
24.26,0.59,-5.40,715.19,-7738.80,-3000.00,179.41,0
24.28,0.64,0.00,562.68,-7593.60,-3000.00,179.36,0
24.30,0.64,-5.40,411.70,-7476.00,-3000.00,179.36,0
24.32,0.59,0.60,258.40,-7555.80,-3000.00,179.41,0
24.34,0.66,0.00,106.46,-7812.60,-3000.00,179.34,0
24.36,0.57,0.00,-46.91,-7704.60,-3000.00,179.43,0
24.38,0.66,4.80,-197.80,-7745.40,-3000.00,179.34,0
24.40,0.59,-6.00,-349.01,-7692.60,-3000.00,179.41,0
24.42,0.62,6.00,-501.99,-7497.00,3000.00,179.38,0
24.44,0.64,-10.80,-643.18,-5735.40,-3000.00,179.36,0
24.46,0.59,0.00,-700.75,-1707.00,-3000.00,179.41,0
24.48,0.57,0.00,-765.70,-4006.20,-3000.00,179.43,0
24.50,0.62,0.00,-862.05,-6403.20,-3000.00,179.38,0
24.52,0.64,-0.60,-1005.38,-7523.40,-3000.00,179.36,0
24.54,0.57,0.00,-1158.16,-7757.40,-3000.00,179.43,0
24.56,0.66,5.40,-1310.19,-7656.00,3000.00,179.34,0
24.58,0.59,-0.60,-1450.04,-5496.00,-3000.00,179.41,0
24.60,0.59,0.00,-1504.97,-1642.20,-3000.00,179.41,0
24.62,0.62,0.00,-1567.49,-3927.60,-3000.00,179.38,0
24.64,0.66,5.40,-1664.27,-6458.40,3000.00,179.34,0
24.66,0.59,0.00,-1797.41,-5631.60,-3000.00,179.41,0
24.68,0.59,0.00,-1856.98,-1957.20,-3000.00,179.41,0
24.70,0.62,0.00,-1923.60,-3981.00,-3000.00,179.38,0
24.72,0.66,0.00,-2013.75,-5973.60,-3000.00,179.34,0
24.74,0.59,0.00,-2154.53,-7665.60,-3000.00,179.41,0
24.76,0.62,0.00,-2305.42,-7557.60,-3000.00,179.38,0
24.78,0.64,-5.40,-2457.44,-7554.00,-3000.00,179.36,0
24.80,0.57,0.00,-2609.21,-7496.40,-3000.00,179.43,0
24.82,0.66,0.00,-2760.58,-7527.00,-3000.00,179.34,0
24.84,0.57,-5.40,-2914.37,-7636.20,-3000.00,179.43,0
24.86,0.66,4.80,-3066.72,-7833.00,-3000.00,179.34,0
24.88,0.59,0.00,-3217.94,-7534.80,-3000.00,179.41,0
24.90,0.62,0.00,-3371.18,-7711.80,-3000.00,179.38,0
24.92,0.64,-5.40,-3522.83,-7591.20,-3000.00,179.36,0
24.94,0.57,0.00,-3674.79,-7651.80,-3000.00,179.43,0
24.96,0.66,10.20,-3827.57,-7649.40,3000.00,179.34,0
24.98,0.57,-10.20,-3968.50,-5856.60,-3000.00,179.43,0
25.00,0.57,0.00,-4029.13,-1926.00,-3000.00,179.43,0
25.02,0.62,0.00,-4096.23,-4164.60,-3000.00,179.38,0
25.04,0.66,0.00,-4191.44,-6301.80,-3000.00,179.34,0
25.06,0.57,-10.20,-4333.89,-7434.00,-3000.00,179.43,0
25.08,0.64,10.80,-4487.39,-7821.00,3000.00,179.36,0
25.10,0.62,-4.80,-4626.34,-5694.00,-3000.00,179.38,0
25.12,0.57,0.00,-4687.71,-2078.40,-3000.00,179.43,0
25.14,0.57,0.00,-4758.18,-4194.60,-3000.00,179.43,0
25.16,0.64,0.00,-4856.20,-6506.40,-3000.00,179.36,0
25.18,0.62,-10.20,-5000.34,-7450.80,-3000.00,179.38,0
25.20,0.59,4.80,-5152.74,-7620.60,-3000.00,179.41,0
25.22,0.66,0.00,-5304.38,-7311.00,-3000.00,179.34,0
25.24,0.57,0.00,-5456.18,-7620.60,-3000.00,179.43,0
25.26,0.66,0.00,-5608.21,-7359.00,3000.00,179.34,0
25.28,0.59,-6.00,-5749.63,-5860.20,-3000.00,179.41,0
25.30,0.57,0.00,-5805.29,-1606.20,3000.00,179.43,0
25.32,0.59,10.20,-5855.89,-2056.20,3000.00,179.41,0
25.34,0.62,0.00,-5845.52,2977.20,3000.00,179.38,0
25.36,0.57,4.80,-5737.68,6750.60,3000.00,179.43,0
25.38,0.66,0.00,-5597.25,7026.60,3000.00,179.34,0
25.40,0.59,-5.40,-5454.12,7262.40,-3000.00,179.41,0
25.42,0.59,0.00,-5321.65,5276.40,3000.00,179.41,0
25.44,0.64,0.00,-5266.98,1594.80,3000.00,179.36,0
25.46,0.66,0.00,-5207.45,3706.20,3000.00,179.34,0
25.48,0.62,0.00,-5128.40,5533.20,3000.00,179.38,0
25.50,0.57,0.00,-4996.96,6989.40,3000.00,179.43,0
25.52,0.66,10.20,-4852.86,7284.00,3000.00,179.34,0
25.54,0.57,-10.80,-4709.93,7339.20,-3000.00,179.43,0
25.56,0.62,10.20,-4576.77,5255.40,3000.00,179.38,0
25.58,0.66,0.00,-4526.17,1479.60,3000.00,179.34,0
25.60,0.66,0.00,-4466.25,3744.60,3000.00,179.34,0
25.62,0.59,-6.00,-4385.68,5594.40,-3000.00,179.41,0
25.64,0.59,0.00,-4262.23,5319.60,3000.00,179.41,0
25.66,0.64,0.00,-4208.60,1669.20,3000.00,179.36,0
25.68,0.66,0.00,-4149.05,3792.00,3000.00,179.34,0
25.70,0.64,0.00,-4072.26,5229.00,3000.00,179.36,0
25.72,0.57,0.00,-3943.19,6894.60,3000.00,179.43,0
25.74,0.66,16.20,-3799.73,7315.20,3000.00,179.34,0
25.76,0.59,-6.00,-3656.12,7252.20,-3000.00,179.41,0
25.78,0.59,10.80,-3524.99,5370.00,3000.00,179.41,0
25.80,0.64,0.00,-3471.86,1616.40,3000.00,179.36,0
25.82,0.66,-9.60,-3410.84,3672.60,-3000.00,179.34,0
25.84,0.62,0.00,-3337.47,3949.80,3000.00,179.38,0
25.86,0.59,0.00,-3290.80,1765.80,3000.00,179.41,0
25.88,0.57,0.00,-3210.40,6068.40,3000.00,179.43,0
25.90,0.66,10.20,-3075.89,6947.40,3000.00,179.34,0
25.92,0.59,-5.40,-2933.61,7165.80,-3000.00,179.41,0
25.94,0.59,0.00,-2801.32,5230.20,3000.00,179.41,0
25.96,0.64,0.00,-2749.13,1653.00,3000.00,179.36,0
25.98,0.66,-4.80,-2687.52,3575.40,3000.00,179.34,0
26.00,0.62,-4.80,-2604.31,5689.80,3000.00,179.38,0
26.02,0.57,0.00,-2473.75,6958.20,3000.00,179.43,0
26.04,0.66,4.80,-2330.60,7369.20,3000.00,179.34,0
26.06,0.57,-10.80,-2186.61,6950.40,-3000.00,179.43,0
26.08,0.64,6.00,-2053.94,5490.00,3000.00,179.36,0
26.10,0.66,0.00,-1997.16,1981.20,3000.00,179.34,0
26.12,0.64,-4.80,-1930.94,3843.60,3000.00,179.36,0
26.14,0.59,0.00,-1849.35,5695.80,3000.00,179.41,0
26.16,0.59,5.40,-1716.20,7117.20,3000.00,179.41,0
26.18,0.64,0.00,-1571.68,6996.00,3000.00,179.36,0
26.20,0.55,0.00,-1429.43,7192.80,3000.00,179.45,0
26.22,0.64,4.80,-1284.96,7206.00,3000.00,179.36,0
26.24,0.59,0.00,-1141.17,7292.40,3000.00,179.41,0
26.26,0.62,0.00,-997.08,6958.80,3000.00,179.38,0
26.28,0.68,0.00,-853.15,7186.20,3000.00,179.32,0
26.30,0.64,0.60,-709.01,7078.20,3000.00,179.36,0
26.32,0.70,0.00,-566.76,7308.00,3000.00,179.30,0
26.34,0.66,0.00,-421.52,7191.60,3000.00,179.34,0
26.36,0.66,0.00,-279.16,7257.60,3000.00,179.34,0
26.38,0.73,0.00,-134.54,7110.00,3000.00,179.27,0
26.40,0.64,0.00,8.00,7274.40,3000.00,179.36,0
26.42,0.70,0.00,151.50,7176.00,3000.00,179.30,0
26.44,0.68,0.00,295.80,7253.40,3000.00,179.32,0
26.46,0.66,0.60,438.57,7018.80,3000.00,179.34,0
26.48,0.73,0.00,583.07,7279.20,3000.00,179.27,0
26.50,0.64,0.00,724.61,7116.00,3000.00,179.36,0
26.52,0.70,0.00,869.02,7334.40,3000.00,179.30,0
26.54,0.68,0.00,1011.91,7000.80,3000.00,179.32,0
26.56,0.66,5.40,1154.95,7297.20,3000.00,179.34,0
26.58,0.73,0.00,1298.58,7182.60,3000.00,179.27,0
26.60,0.64,0.00,1442.77,7143.60,3000.00,179.36,0
26.62,0.70,0.00,1586.84,7239.60,3000.00,179.30,0
26.64,0.68,0.00,1730.15,7158.60,3000.00,179.32,0
26.66,0.66,-4.20,1873.65,7074.00,3000.00,179.34,0
26.68,0.70,-4.80,2017.29,7377.60,3000.00,179.30,0
26.70,0.64,0.00,2160.59,7024.80,3000.00,179.36,0
26.72,0.70,0.00,2306.10,7314.60,3000.00,179.30,0
26.74,0.68,-0.60,2449.23,7106.40,3000.00,179.32,0
26.76,0.66,6.00,2592.55,7358.40,3000.00,179.34,0
26.78,0.73,-0.60,2737.40,7203.00,3000.00,179.27,0
26.80,0.64,0.00,2882.50,7295.40,3000.00,179.36,0
26.82,0.70,0.00,3024.65,7224.00,3000.00,179.30,0
26.84,0.68,0.00,3170.35,7239.00,3000.00,179.32,0
26.86,0.66,0.00,3313.89,7104.60,3000.00,179.34,0
26.88,0.73,-0.60,3458.03,7406.40,3000.00,179.27,0
26.90,0.64,-5.40,3602.18,7111.80,-3000.00,179.36,0
26.92,0.70,0.00,3738.16,5500.20,3000.00,179.30,0
26.94,0.70,0.00,3794.28,1667.40,3000.00,179.30,0
26.96,0.68,-4.80,3856.51,3797.40,3000.00,179.32,0
26.98,0.64,0.00,3940.99,5497.80,3000.00,179.36,0
27.00,0.68,5.40,4076.59,7245.00,3000.00,179.32,0
27.02,0.70,0.00,4218.42,7141.20,3000.00,179.30,0
27.04,0.64,0.00,4362.80,7401.60,3000.00,179.36,0
27.06,0.73,0.00,4507.71,7030.80,3000.00,179.27,0
27.08,0.66,-0.60,4651.11,7319.40,3000.00,179.34,0
27.10,0.68,5.40,4797.55,7202.40,3000.00,179.32,0
27.12,0.70,-0.60,4940.42,7272.00,3000.00,179.30,0
27.14,0.64,5.40,5083.48,7296.00,3000.00,179.36,0
27.16,0.73,4.80,5228.48,7300.20,3000.00,179.27,0
27.18,0.64,-0.60,5374.58,7093.80,3000.00,179.36,0
27.20,0.68,4.80,5516.59,7273.20,3000.00,179.32,0
27.22,0.70,-5.40,5660.46,7126.80,-3000.00,179.30,0
27.24,0.64,0.00,5792.26,5474.40,3000.00,179.36,0
27.26,0.68,4.80,5847.14,1541.40,3000.00,179.32,0
27.28,0.73,0.00,5908.34,3835.80,3000.00,179.27,0
27.30,0.70,-16.20,5994.16,5790.00,-3000.00,179.30,0
27.32,0.64,0.00,6117.74,5135.40,3000.00,179.36,0
