时间(s),摆角(°),摆速(°/s),飞轮角(°),飞轮速(°/s),摆杆控制(RPM),飞轮控制(RPM),倒立误差(°),是否平衡,控制策略
0.00,0.00,-4.80,359.93,0.00,-160.00,320.00,180.00,0,大力下摆
0.02,358.64,-310.20,2.44,528.00,-160.00,320.00,178.64,0,大力下摆
0.04,348.35,-685.80,24.24,1461.60,-160.00,320.00,168.35,0,大力下摆
0.06,332.97,-896.40,57.37,1753.20,-160.00,320.00,152.97,0,大力下摆
0.08,315.09,-969.00,94.04,1834.20,-160.00,320.00,135.09,0,大力下摆
0.10,296.61,-961.80,131.07,1885.80,-160.00,320.00,116.61,0,大力下摆
0.12,277.84,-928.20,169.43,1935.60,-160.00,320.00,97.84,0,大力下摆
0.14,258.71,-963.60,208.87,1917.60,-112.00,256.00,78.71,0,适度下摆
0.16,240.42,-839.40,245.37,1717.80,-112.00,256.00,60.42,0,适度下摆
0.18,225.13,-706.20,279.29,1666.80,-112.00,256.00,45.13,0,适度下摆
0.20,211.20,-651.00,310.89,1549.80,-112.00,256.00,31.20,0,适度下摆
0.22,197.45,-656.40,341.48,1551.60,-32.00,96.00,17.45,0,精细下摆
0.24,184.39,-546.00,10.77,1218.60,-32.00,96.00,4.39,0,精细下摆
0.26,177.19,-319.20,29.09,805.80,-32.00,96.00,2.81,0,精细下摆
0.28,172.27,-235.80,42.71,670.80,-32.00,96.00,7.73,0,精细下摆
0.30,167.54,-172.80,54.98,561.00,-32.00,96.00,12.46,0,精细下摆
0.32,164.31,-214.20,66.67,584.40,-32.00,96.00,15.69,0,精细下摆
0.34,160.27,-149.40,78.00,558.00,-32.00,96.00,19.73,0,精细下摆
0.36,157.06,-197.40,89.60,550.80,-32.00,96.00,22.94,0,精细下摆
0.38,152.05,-217.80,101.27,619.80,-32.00,96.00,27.95,0,精细下摆
0.40,148.89,-163.80,112.08,556.20,-112.00,256.00,31.11,0,适度下摆
0.42,144.21,-355.80,125.60,875.40,-112.00,256.00,35.79,0,适度下摆
0.44,133.88,-592.20,149.74,1431.00,-112.00,256.00,46.12,0,适度下摆
0.46,122.06,-658.20,178.24,1501.80,-112.00,256.00,57.94,0,适度下摆
0.48,109.56,-599.40,208.63,1471.20,-112.00,256.00,70.44,0,适度下摆
0.50,96.17,-597.60,238.21,1526.40,-112.00,256.00,83.83,0,适度下摆
0.52,82.75,-641.40,268.86,1519.20,-160.00,320.00,97.25,0,大力下摆
0.54,68.55,-769.20,300.37,1719.60,-160.00,320.00,111.45,0,大力下摆
0.56,51.61,-897.60,336.62,1791.00,-160.00,320.00,128.39,0,大力下摆
0.58,33.02,-918.60,14.39,1900.80,-160.00,320.00,146.98,0,大力下摆
0.60,13.91,-975.00,51.94,1906.80,-160.00,320.00,166.09,0,大力下摆
0.62,354.66,-957.00,89.65,1926.00,-160.00,320.00,174.66,0,大力下摆
0.64,335.48,-961.80,127.51,1810.20,-160.00,320.00,155.48,0,大力下摆
0.66,316.47,-991.80,165.70,2003.40,-160.00,320.00,136.47,0,大力下摆
0.68,297.49,-966.00,204.94,1879.20,-160.00,320.00,117.49,0,大力下摆
0.70,278.59,-942.60,243.26,1897.20,-160.00,320.00,98.59,0,大力下摆
0.72,259.54,-934.20,281.43,1876.20,-112.00,256.00,79.54,0,适度下摆
0.74,241.04,-817.20,319.04,1839.60,-112.00,256.00,61.04,0,适度下摆
0.76,225.59,-726.00,352.22,1562.40,-112.00,256.00,45.59,0,适度下摆
0.78,211.62,-674.40,23.64,1560.00,-112.00,256.00,31.62,0,适度下摆
0.80,197.91,-657.60,54.67,1494.00,-32.00,96.00,17.91,0,精细下摆
0.82,185.14,-502.20,83.19,1167.60,-32.00,96.00,5.14,0,精细下摆
0.84,178.18,-307.80,100.85,791.40,-32.00,96.00,1.82,0,精细下摆
0.86,173.28,-222.00,114.08,685.20,-32.00,96.00,6.72,0,精细下摆
0.88,168.42,-210.00,125.93,535.20,-32.00,96.00,11.58,0,精细下摆
0.90,165.15,-163.20,137.81,518.40,-32.00,96.00,14.85,0,精细下摆
0.92,161.04,-195.00,149.81,597.60,-32.00,96.00,18.96,0,精细下摆
0.94,157.96,-163.80,160.91,665.40,-32.00,96.00,22.04,0,精细下摆
0.96,153.22,-267.60,172.18,519.60,-32.00,96.00,26.78,0,精细下摆
0.98,149.68,-151.20,184.24,521.40,-112.00,256.00,30.32,0,适度下摆
1.00,145.24,-345.00,197.80,974.40,-112.00,256.00,34.76,0,适度下摆
1.02,135.22,-606.00,221.20,1307.40,-112.00,256.00,44.78,0,适度下摆
1.04,123.42,-604.80,249.52,1443.00,-112.00,256.00,56.58,0,适度下摆
1.06,110.43,-598.80,279.80,1550.40,-112.00,256.00,69.57,0,适度下摆
1.08,97.10,-616.20,310.28,1512.00,-112.00,256.00,82.90,0,适度下摆
1.10,83.85,-653.40,340.58,1535.40,-160.00,320.00,96.15,0,大力下摆
1.12,70.05,-843.60,12.06,1614.60,-160.00,320.00,109.95,0,大力下摆
1.14,53.13,-943.20,48.05,1894.80,-160.00,320.00,126.87,0,大力下摆
1.16,34.56,-919.20,85.32,1869.00,-160.00,320.00,145.44,0,大力下摆
1.18,15.51,-945.00,123.38,1902.00,-160.00,320.00,164.49,0,大力下摆
1.20,356.15,-982.80,161.28,1872.60,-160.00,320.00,176.15,0,大力下摆
1.22,337.02,-933.00,200.17,2016.00,-160.00,320.00,157.02,0,大力下摆
1.24,318.12,-939.00,237.81,1884.00,-160.00,320.00,138.12,0,大力下摆
1.26,299.22,-969.00,276.55,1959.00,-160.00,320.00,119.22,0,大力下摆
1.28,280.17,-985.80,314.91,1894.20,-160.00,320.00,100.17,0,大力下摆
1.30,261.01,-948.60,353.32,1900.80,-112.00,256.00,81.01,0,适度下摆
1.32,242.40,-796.80,31.33,1779.00,-112.00,256.00,62.40,0,适度下摆
1.34,227.11,-694.20,64.51,1635.60,-112.00,256.00,47.11,0,适度下摆
1.36,213.20,-635.40,95.52,1516.20,-112.00,256.00,33.20,0,适度下摆
1.38,199.47,-666.60,126.17,1482.00,-32.00,96.00,19.47,0,精细下摆
1.40,186.79,-534.60,154.58,1165.80,-32.00,96.00,6.79,0,精细下摆
1.42,180.00,-277.20,172.42,717.00,-32.00,96.00,0.00,0,精细下摆
1.44,174.97,-210.00,186.15,550.20,-32.00,96.00,5.03,0,精细下摆
1.46,170.55,-246.00,198.65,605.40,-32.00,96.00,9.45,0,精细下摆
1.48,166.62,-145.20,209.82,600.60,-32.00,96.00,13.38,0,精细下摆
1.50,163.08,-218.40,220.94,585.00,9.60,-28.80,16.92,0,精细下摆(相位调整)
1.52,159.96,-50.40,231.09,280.20,9.60,-28.80,20.04,0,精细下摆(相位调整)
1.54,159.85,0.00,231.99,0.00,-9.60,28.80,20.15,0,精细上摆(相位调整)
1.56,159.85,0.00,232.03,0.00,-9.60,28.80,20.15,0,精细上摆(相位调整)
1.58,159.76,-5.40,232.45,41.40,9.60,-28.80,20.24,0,精细下摆(相位调整)
1.60,159.68,0.00,234.38,45.60,-9.60,28.80,20.32,0,精细上摆(相位调整)
1.62,159.63,-4.80,234.76,40.80,9.60,-28.80,20.37,0,精细下摆(相位调整)
1.64,159.63,0.00,236.21,18.00,-9.60,28.80,20.37,0,精细上摆(相位调整)
1.66,159.61,0.00,236.36,23.40,-9.60,28.80,20.39,0,精细上摆(相位调整)
1.68,159.54,-5.40,237.81,115.80,9.60,-28.80,20.46,0,精细下摆(相位调整)
1.70,159.41,5.40,239.19,-16.20,-9.60,28.80,20.59,0,精细上摆(相位调整)
1.72,159.37,-10.80,239.24,4.80,9.60,-28.80,20.63,0,精细下摆(相位调整)
1.74,159.35,10.80,239.48,-0.60,-9.60,28.80,20.65,0,精细上摆(相位调整)
1.76,159.32,-4.80,239.52,0.60,9.60,-28.80,20.68,0,精细下摆(相位调整)
1.78,159.30,0.00,239.59,-0.60,-9.60,28.80,20.70,0,精细上摆(相位调整)
1.80,159.28,0.00,239.63,5.40,-9.60,28.80,20.72,0,精细上摆(相位调整)
1.82,159.15,-16.80,240.07,57.00,9.60,-28.80,20.85,0,精细下摆(相位调整)
1.84,158.66,-33.00,241.68,12.60,9.60,-28.80,21.34,0,精细下摆(相位调整)
1.86,158.29,0.00,241.59,0.00,-9.60,28.80,21.71,0,精细上摆(相位调整)
1.88,158.25,-16.20,241.59,0.00,9.60,-28.80,21.75,0,精细下摆(相位调整)
1.90,158.14,10.80,241.59,0.00,-9.60,28.80,21.86,0,精细上摆(相位调整)
1.92,158.12,-4.80,241.59,0.00,9.60,-28.80,21.88,0,精细下摆(相位调整)
1.94,158.09,4.80,241.59,0.00,-9.60,28.80,21.91,0,精细上摆(相位调整)
1.96,158.05,-10.80,241.59,0.00,9.60,-28.80,21.95,0,精细下摆(相位调整)
1.98,158.07,4.80,241.57,0.00,-9.60,28.80,21.93,0,精细上摆(相位调整)
2.00,158.05,0.00,241.59,0.00,-9.60,28.80,21.95,0,精细上摆(相位调整)
2.02,157.94,-5.40,241.72,15.60,-32.00,96.00,22.06,0,精细下摆
2.04,157.19,-124.20,243.65,257.40,-32.00,96.00,22.81,0,精细下摆
2.06,153.11,-225.60,251.72,484.80,-32.00,96.00,26.89,0,精细下摆
2.08,150.18,-116.40,262.18,562.80,-32.00,96.00,29.82,0,精细下摆
2.10,146.98,-185.40,273.36,553.20,-112.00,256.00,33.02,0,适度下摆
2.12,142.60,-343.20,287.23,912.60,-112.00,256.00,37.40,0,适度下摆
2.14,131.92,-596.40,311.29,1389.60,-112.00,256.00,48.08,0,适度下摆
2.16,119.93,-696.00,339.72,1392.00,-112.00,256.00,60.07,0,适度下摆
2.18,107.38,-636.60,9.65,1507.20,-112.00,256.00,72.62,0,适度下摆
2.20,94.24,-601.20,40.41,1451.40,-112.00,256.00,85.76,0,适度下摆
2.22,80.88,-589.80,70.91,1531.80,-160.00,320.00,99.12,0,大力下摆
2.24,66.80,-723.00,102.50,1671.60,-160.00,320.00,113.20,0,大力下摆
2.26,49.90,-873.00,137.37,1892.40,-160.00,320.00,130.10,0,大力下摆
2.28,31.40,-927.00,175.41,1858.20,-160.00,320.00,148.60,0,大力下摆
2.30,12.22,-956.40,214.12,1951.20,-160.00,320.00,167.78,0,大力下摆
2.32,352.97,-967.80,251.70,1863.00,-160.00,320.00,172.97,0,大力下摆
2.34,333.83,-984.00,290.04,1946.40,-160.00,320.00,153.83,0,大力下摆
2.36,314.80,-1011.60,327.83,1896.00,-160.00,320.00,134.80,0,大力下摆
2.38,295.91,-955.20,6.02,1945.80,-160.00,320.00,115.91,0,大力下摆
2.40,276.94,-906.60,44.56,1853.40,-160.00,320.00,96.94,0,大力下摆
2.42,257.89,-913.80,82.22,1973.40,-112.00,256.00,77.89,0,适度下摆
2.44,239.46,-852.00,119.51,1794.60,-112.00,256.00,59.46,0,适度下摆
2.46,224.17,-699.00,152.53,1644.60,-112.00,256.00,44.17,0,适度下摆
2.48,210.26,-667.20,184.44,1534.20,-112.00,256.00,30.26,0,适度下摆
2.50,196.50,-649.20,215.35,1542.60,-32.00,96.00,16.50,0,精细下摆
2.52,183.63,-469.20,243.94,1194.60,-32.00,96.00,3.63,0,精细下摆
2.54,176.53,-321.00,261.85,787.80,-32.00,96.00,3.47,0,精细下摆
2.56,171.56,-259.80,275.41,649.20,-32.00,96.00,8.44,0,精细下摆
2.58,167.01,-166.20,287.78,580.80,-32.00,96.00,12.99,0,精细下摆
2.60,163.59,-217.80,299.88,529.20,-32.00,96.00,16.41,0,精细下摆
2.62,159.74,-148.20,311.31,666.60,-32.00,96.00,20.26,0,精细下摆
2.64,156.31,-224.40,322.21,567.00,-32.00,96.00,23.69,0,精细下摆
2.66,151.37,-174.60,333.63,493.80,-32.00,96.00,28.63,0,精细下摆
2.68,148.38,-176.40,345.37,591.00,-112.00,256.00,31.62,0,适度下摆
2.70,143.81,-337.20,358.53,975.00,-112.00,256.00,36.19,0,适度下摆
2.72,133.44,-615.60,23.38,1323.60,-112.00,256.00,46.56,0,适度下摆
2.74,121.62,-691.80,51.88,1534.20,-112.00,256.00,58.38,0,适度下摆
2.76,108.92,-621.60,81.83,1531.80,-112.00,256.00,71.08,0,适度下摆
2.78,95.56,-583.80,111.86,1495.20,-112.00,256.00,84.44,0,适度下摆
2.80,82.16,-632.40,142.89,1488.60,-160.00,320.00,97.84,0,大力下摆
2.82,68.14,-771.60,174.02,1694.40,-160.00,320.00,111.86,0,大力下摆
2.84,51.17,-901.20,210.19,1818.00,-160.00,320.00,128.83,0,大力下摆
2.86,32.72,-899.40,247.21,1933.80,-160.00,320.00,147.28,0,大力下摆
2.88,13.65,-967.80,285.25,1899.00,-160.00,320.00,166.35,0,大力下摆
2.90,354.31,-967.80,323.66,1914.60,-160.00,320.00,174.31,0,大力下摆
2.92,335.30,-981.00,1.65,1977.60,-160.00,320.00,155.30,0,大力下摆
2.94,316.27,-1007.40,40.67,1909.80,-160.00,320.00,136.27,0,大力下摆
2.96,297.33,-996.00,78.51,1902.60,-160.00,320.00,117.33,0,大力下摆
2.98,278.33,-956.40,116.35,1930.80,-160.00,320.00,98.33,0,大力下摆
3.00,259.37,-884.40,154.47,1866.60,-112.00,256.00,79.37,0,适度下摆
3.02,240.86,-828.60,192.30,1663.20,-112.00,256.00,60.86,0,适度下摆
3.04,225.68,-715.80,225.15,1577.40,-112.00,256.00,45.68,0,适度下摆
3.06,211.73,-659.40,256.79,1578.60,-112.00,256.00,31.73,0,适度下摆
3.08,197.97,-644.40,288.52,1489.80,-32.00,96.00,17.97,0,精细下摆
3.10,185.01,-526.80,317.66,1230.60,-32.00,96.00,5.01,0,精细下摆
3.12,177.91,-315.60,335.85,693.00,-32.00,96.00,2.09,0,精细下摆
3.14,173.01,-222.60,349.45,547.80,-32.00,96.00,6.99,0,精细下摆
3.16,168.20,-214.80,1.69,625.80,-32.00,96.00,11.80,0,精细下摆
3.18,164.90,-173.40,13.03,663.60,-32.00,96.00,15.10,0,精细下摆
3.20,160.84,-179.40,24.39,566.40,-32.00,96.00,19.16,0,精细下摆
3.22,157.81,-169.80,36.25,536.40,-32.00,96.00,22.19,0,精细下摆
3.24,153.00,-264.60,47.61,610.80,-32.00,96.00,27.00,0,精细下摆
3.26,149.46,-142.80,59.24,613.80,-112.00,256.00,30.54,0,适度下摆
3.28,144.84,-340.20,72.69,916.20,-112.00,256.00,35.16,0,适度下摆
3.30,134.52,-621.60,96.88,1330.80,-112.00,256.00,45.48,0,适度下摆
3.32,122.63,-639.00,125.20,1434.60,-112.00,256.00,57.37,0,适度下摆
3.34,109.82,-607.20,155.06,1501.20,-112.00,256.00,70.18,0,适度下摆
3.36,96.50,-596.40,186.37,1549.80,-112.00,256.00,83.50,0,适度下摆
3.38,83.17,-641.40,217.11,1511.40,-160.00,320.00,96.83,0,大力下摆
3.40,69.24,-795.60,247.74,1625.40,-160.00,320.00,110.76,0,大力下摆
3.42,52.43,-928.80,283.51,1855.20,-160.00,320.00,127.57,0,大力下摆
3.44,34.04,-908.40,320.69,1896.00,-160.00,320.00,145.96,0,大力下摆
3.46,14.90,-965.40,358.18,1920.60,-160.00,320.00,165.10,0,大力下摆
3.48,355.69,-953.40,36.19,1845.60,-160.00,320.00,175.69,0,大力下摆
3.50,336.56,-948.60,74.69,1929.00,-160.00,320.00,156.56,0,大力下摆
3.52,317.61,-934.20,112.79,1902.00,48.00,-96.00,137.61,0,大力下摆(相位调整)
3.54,300.61,-597.60,146.36,1110.00,48.00,-96.00,120.61,0,大力下摆(相位调整)
3.56,297.20,48.60,151.83,-70.80,-48.00,96.00,117.20,0,大力上摆(相位调整)
3.58,297.20,-29.40,150.71,53.40,48.00,-96.00,117.20,0,大力下摆(相位调整)
3.60,297.16,30.00,151.28,-70.20,-48.00,96.00,117.16,0,大力上摆(相位调整)
3.62,297.09,-23.40,150.14,66.60,48.00,-96.00,117.09,0,大力下摆(相位调整)
3.64,297.11,24.00,150.95,-76.20,-48.00,96.00,117.11,0,大力上摆(相位调整)
3.66,297.05,-12.00,150.07,81.00,48.00,-96.00,117.05,0,大力下摆(相位调整)
3.68,297.07,24.60,151.00,-76.20,-48.00,96.00,117.07,0,大力上摆(相位调整)
3.70,296.98,-6.60,150.05,80.40,48.00,-96.00,116.98,0,大力下摆(相位调整)
3.72,296.94,31.20,151.30,-58.80,-48.00,96.00,116.94,0,大力上摆(相位调整)
3.74,296.89,-12.00,150.45,81.60,48.00,-96.00,116.89,0,大力下摆(相位调整)
3.76,296.85,31.20,151.72,-75.00,-48.00,96.00,116.85,0,大力上摆(相位调整)
3.78,296.78,-17.40,150.71,70.20,48.00,-96.00,116.78,0,大力下摆(相位调整)
3.80,296.76,40.20,151.94,-71.40,-48.00,96.00,116.76,0,大力上摆(相位调整)
3.82,296.70,-23.40,150.82,66.00,48.00,-96.00,116.70,0,大力下摆(相位调整)
3.84,296.67,24.60,152.07,-63.60,-48.00,96.00,116.67,0,大力上摆(相位调整)
3.86,296.65,-18.60,151.11,65.40,48.00,-96.00,116.65,0,大力下摆(相位调整)
3.88,296.63,39.60,152.47,-66.60,-48.00,96.00,116.63,0,大力上摆(相位调整)
3.90,296.61,-16.80,151.44,64.80,48.00,-96.00,116.61,0,大力下摆(相位调整)
3.92,296.65,34.80,152.82,-64.20,-48.00,96.00,116.65,0,大力上摆(相位调整)
3.94,296.61,-12.60,151.77,52.80,48.00,-96.00,116.61,0,大力下摆(相位调整)
3.96,296.65,29.40,152.91,-69.60,-48.00,96.00,116.65,0,大力上摆(相位调整)
3.98,296.61,-12.00,151.66,75.00,48.00,-96.00,116.61,0,大力下摆(相位调整)
4.00,296.70,18.00,152.82,-69.00,-48.00,96.00,116.70,0,大力上摆(相位调整)
4.02,296.63,-7.20,151.81,66.60,48.00,-96.00,116.63,0,大力下摆(相位调整)
4.04,296.70,28.80,153.08,-69.60,160.00,-320.00,116.70,0,大力上摆
4.06,298.48,294.60,146.98,-835.80,160.00,-320.00,118.48,0,大力上摆
4.08,308.17,691.80,123.40,-1441.20,160.00,-320.00,128.17,0,大力上摆
4.10,324.38,885.60,90.40,-1735.20,160.00,-320.00,144.38,0,大力上摆
4.12,342.53,931.20,54.12,-1875.00,160.00,-320.00,162.53,0,大力上摆
4.14,1.27,916.20,16.39,-1999.80,160.00,-320.00,178.73,0,大力上摆
4.16,20.15,910.20,337.41,-1896.60,160.00,-320.00,159.85,0,大力上摆
4.18,38.85,978.60,299.29,-1855.80,160.00,-320.00,141.15,0,大力上摆
4.20,57.88,1008.00,261.43,-1879.80,160.00,-320.00,122.12,0,大力上摆
4.22,76.97,918.00,223.75,-1889.40,160.00,-320.00,103.03,0,大力上摆
4.24,96.04,922.80,184.94,-1938.00,112.00,-256.00,83.96,0,适度上摆
4.26,114.68,843.60,146.67,-1844.40,112.00,-256.00,65.32,0,适度上摆
4.28,130.19,757.20,114.02,-1627.20,112.00,-256.00,49.81,0,适度上摆
4.30,144.16,636.60,82.71,-1501.20,112.00,-256.00,35.84,0,适度上摆
4.32,157.83,637.20,52.12,-1521.00,32.00,-96.00,22.17,0,精细上摆
4.34,170.38,509.40,23.23,-1216.80,32.00,-96.00,9.62,0,精细上摆
4.36,177.17,298.80,4.77,-727.20,32.00,-96.00,2.83,0,精细上摆
4.38,181.85,201.60,351.17,-586.80,32.00,-96.00,1.85,0,精细上摆
4.40,186.48,231.60,338.58,-546.00,32.00,-96.00,6.48,0,精细上摆
4.42,190.20,159.00,327.08,-666.00,32.00,-96.00,10.20,0,精细上摆
4.44,193.71,198.60,316.05,-574.80,32.00,-96.00,13.71,0,精细上摆
4.46,197.29,193.20,304.61,-510.60,32.00,-96.00,17.29,0,精细上摆
4.48,201.42,237.60,292.96,-592.80,32.00,-96.00,21.42,0,精细上摆
4.50,205.91,166.20,282.19,-580.20,32.00,-96.00,25.91,0,精细上摆
4.52,208.67,152.40,270.99,-546.00,32.00,-96.00,28.67,0,精细上摆
4.54,212.17,185.40,259.41,-544.80,112.00,-256.00,32.17,0,适度上摆
4.56,217.31,425.40,246.27,-940.20,112.00,-256.00,37.31,0,适度上摆
4.58,227.46,499.20,221.97,-1346.40,112.00,-256.00,47.46,0,适度上摆
4.60,240.05,623.40,192.66,-1535.40,112.00,-256.00,60.05,0,适度上摆
4.62,253.02,729.00,162.20,-1551.60,112.00,-256.00,73.02,0,适度上摆
4.64,265.94,747.00,132.39,-1540.80,112.00,-256.00,85.94,0,适度上摆
4.66,278.96,672.00,102.04,-1555.20,160.00,-320.00,98.96,0,大力上摆
4.68,292.92,769.20,70.91,-1662.60,160.00,-320.00,112.92,0,大力上摆
4.70,310.14,898.80,35.27,-1803.00,160.00,-320.00,130.14,0,大力上摆
4.72,329.00,995.40,357.06,-1972.80,160.00,-320.00,149.00,0,大力上摆
4.74,348.11,945.60,319.22,-1812.60,160.00,-320.00,168.11,0,大力上摆
4.76,7.14,974.40,280.96,-1888.20,160.00,-320.00,172.86,0,大力上摆
4.78,26.15,947.40,243.48,-1824.60,160.00,-320.00,153.85,0,大力上摆
4.80,44.98,922.20,205.07,-1986.00,160.00,-320.00,135.02,0,大力上摆
4.82,63.72,898.80,166.18,-1922.40,160.00,-320.00,116.28,0,大力上摆
4.84,82.77,948.00,128.06,-1869.00,160.00,-320.00,97.23,0,大力上摆
4.86,102.11,1015.80,90.13,-1882.80,112.00,-256.00,77.89,0,适度上摆
4.88,120.92,895.80,53.06,-1776.60,112.00,-256.00,59.08,0,适度上摆
4.90,136.43,777.00,19.82,-1570.80,112.00,-256.00,43.57,0,适度上摆
4.92,150.36,714.60,347.87,-1531.80,32.00,-96.00,29.64,0,精细上摆
4.94,162.84,527.40,319.00,-1117.80,32.00,-96.00,17.16,0,精细上摆
4.96,170.07,298.80,301.35,-719.40,32.00,-96.00,9.93,0,精细上摆
4.98,174.13,193.80,288.26,-557.40,32.00,-96.00,5.87,0,精细上摆
5.00,178.62,213.60,276.20,-573.60,32.00,-96.00,1.38,0,精细上摆
5.02,182.31,183.60,264.92,-572.40,32.00,-96.00,2.31,0,精细上摆
5.04,186.75,246.60,253.67,-574.20,32.00,-96.00,6.75,0,精细上摆
5.06,190.28,169.20,242.12,-585.00,32.00,-96.00,10.28,0,精细上摆
5.08,193.86,195.00,230.54,-607.80,32.00,-96.00,13.86,0,精细上摆
5.10,197.45,193.80,219.02,-541.80,32.00,-96.00,17.45,0,精细上摆
5.12,201.67,241.80,206.94,-582.00,32.00,-96.00,21.67,0,精细上摆
5.14,205.99,147.00,195.05,-642.00,32.00,-96.00,25.99,0,精细上摆
5.16,208.81,154.80,184.15,-571.80,32.00,-96.00,28.81,0,精细上摆
5.18,212.30,193.20,172.27,-513.00,112.00,-256.00,32.30,0,适度上摆
5.20,217.46,403.20,158.53,-946.20,112.00,-256.00,37.46,0,适度上摆
5.22,227.53,526.20,134.82,-1289.40,112.00,-256.00,47.53,0,适度上摆
5.24,240.18,621.60,106.41,-1452.60,112.00,-256.00,60.18,0,适度上摆
5.26,253.12,757.80,76.77,-1462.20,112.00,-256.00,73.12,0,适度上摆
5.28,266.04,700.80,46.52,-1556.40,112.00,-256.00,86.04,0,适度上摆
5.30,279.05,660.00,15.73,-1576.80,160.00,-320.00,99.05,0,大力上摆
5.32,292.96,733.80,343.74,-1761.00,160.00,-320.00,112.96,0,大力上摆
5.34,310.28,903.60,307.40,-1820.40,160.00,-320.00,130.28,0,大力上摆
5.36,329.00,925.20,270.09,-1885.80,160.00,-320.00,149.00,0,大力上摆
5.38,348.18,960.60,232.27,-1926.60,160.00,-320.00,168.18,0,大力上摆
5.40,7.25,962.40,193.45,-1945.20,160.00,-320.00,172.75,0,大力上摆
5.42,26.21,960.00,154.89,-1846.80,160.00,-320.00,153.79,0,大力上摆
5.44,45.00,922.80,116.74,-1918.80,160.00,-320.00,135.00,0,大力上摆
5.46,63.79,918.60,79.12,-1938.60,160.00,-320.00,116.21,0,大力上摆
5.48,82.88,921.00,41.04,-1899.60,160.00,-320.00,97.12,0,大力上摆
5.50,102.22,1024.80,1.89,-1995.60,112.00,-256.00,77.78,0,适度上摆
5.52,121.31,889.20,323.68,-1854.60,112.00,-256.00,58.69,0,适度上摆
5.54,136.96,769.80,290.72,-1581.00,-33.60,76.80,43.04,0,适度上摆(相位调整)
5.56,149.44,430.80,263.74,-808.80,-33.60,76.80,30.56,0,适度上摆(相位调整)
5.58,152.45,0.00,259.61,59.40,-9.60,28.80,27.55,0,精细上摆(相位调整)
5.60,152.34,-5.40,260.02,11.40,9.60,-28.80,27.66,0,精细下摆(相位调整)
5.62,152.34,0.00,260.31,-1.20,-9.60,28.80,27.66,0,精细上摆(相位调整)
5.64,152.31,-0.60,260.35,0.00,9.60,-28.80,27.69,0,精细下摆(相位调整)
5.66,152.34,0.00,260.40,0.00,-9.60,28.80,27.66,0,精细上摆(相位调整)
5.68,152.31,0.00,260.44,0.00,-9.60,28.80,27.69,0,精细上摆(相位调整)
5.70,152.29,-4.80,260.86,46.80,9.60,-28.80,27.71,0,精细下摆(相位调整)
5.72,152.29,5.40,261.98,0.60,-9.60,28.80,27.71,0,精细上摆(相位调整)
5.74,152.27,0.00,262.02,12.00,-9.60,28.80,27.73,0,精细上摆(相位调整)
5.76,152.25,0.00,262.75,78.00,-9.60,28.80,27.75,0,精细上摆(相位调整)
5.78,152.16,-5.40,264.31,88.20,9.60,-28.80,27.84,0,精细下摆(相位调整)
5.80,152.14,0.00,265.85,12.00,-9.60,28.80,27.86,0,精细上摆(相位调整)
5.82,152.12,0.00,265.94,28.20,-9.60,28.80,27.88,0,精细上摆(相位调整)
5.84,152.07,-4.80,267.19,111.60,9.60,-28.80,27.93,0,精细下摆(相位调整)
5.86,152.01,0.60,269.12,22.80,-9.60,28.80,27.99,0,精细上摆(相位调整)
5.88,151.98,-5.40,269.30,28.20,9.60,-28.80,28.02,0,精细下摆(相位调整)
5.90,151.98,0.00,270.04,-4.20,-9.60,28.80,28.02,0,精细上摆(相位调整)
5.92,151.96,-4.80,270.09,21.60,9.60,-28.80,28.04,0,精细下摆(相位调整)
5.94,151.98,0.00,270.37,-18.00,-9.60,28.80,28.02,0,精细上摆(相位调整)
5.96,151.96,0.00,270.44,6.00,-9.60,28.80,28.04,0,精细上摆(相位调整)
5.98,151.92,-10.80,271.08,69.60,9.60,-28.80,28.08,0,精细下摆(相位调整)
6.00,151.81,0.60,272.57,6.60,-9.60,28.80,28.19,0,精细上摆(相位调整)
6.02,151.79,0.00,272.66,23.40,-9.60,28.80,28.21,0,精细上摆(相位调整)
6.04,151.66,-21.60,274.13,134.40,9.60,-28.80,28.34,0,精细下摆(相位调整)
6.06,151.33,0.00,277.25,109.20,32.00,-96.00,28.67,0,精细上摆
6.08,151.44,7.20,277.27,-29.40,32.00,-96.00,28.56,0,精细上摆
6.10,151.74,22.80,274.44,-262.80,32.00,-96.00,28.26,0,精细上摆
6.12,152.47,58.20,265.50,-505.80,32.00,-96.00,27.53,0,精细上摆
6.14,154.07,85.80,255.48,-519.60,32.00,-96.00,25.93,0,精细上摆
6.16,155.90,106.20,244.38,-580.80,32.00,-96.00,24.10,0,精细上摆
6.18,159.35,234.00,233.11,-536.40,32.00,-96.00,20.65,0,精细上摆
6.20,164.18,193.20,221.44,-572.40,32.00,-96.00,15.82,0,精细上摆
6.22,167.96,208.20,209.60,-607.20,32.00,-96.00,12.04,0,精细上摆
6.24,171.63,152.40,198.17,-620.40,32.00,-96.00,8.37,0,精细上摆
6.26,174.70,212.40,186.66,-507.00,32.00,-96.00,5.30,0,精细上摆
6.28,179.08,205.20,174.46,-544.80,32.00,-96.00,0.92,0,精细上摆
6.30,182.70,194.40,163.28,-660.60,32.00,-96.00,2.70,0,精细上摆
6.32,187.12,219.00,152.51,-551.40,32.00,-96.00,7.12,0,精细上摆
6.34,190.55,159.00,140.89,-471.60,32.00,-96.00,10.55,0,精细上摆
6.36,194.04,192.60,129.20,-595.20,32.00,-96.00,14.04,0,精细上摆
6.38,197.64,196.20,118.23,-599.40,32.00,-96.00,17.64,0,精细上摆
6.40,201.88,256.20,106.85,-564.00,32.00,-96.00,21.88,0,精细上摆
6.42,206.15,130.20,95.19,-528.00,32.00,-96.00,26.15,0,精细上摆
6.44,208.98,154.20,83.78,-607.20,32.00,-96.00,28.98,0,精细上摆
6.46,212.48,194.40,72.36,-562.20,112.00,-256.00,32.48,0,适度上摆
6.48,217.71,429.00,58.69,-939.00,112.00,-256.00,37.71,0,适度上摆
6.50,227.88,517.20,34.32,-1338.60,112.00,-256.00,47.88,0,适度上摆
6.52,240.51,618.60,5.41,-1462.80,112.00,-256.00,60.51,0,适度上摆
6.54,253.50,720.60,335.06,-1454.40,112.00,-256.00,73.50,0,适度上摆
6.56,266.44,739.80,304.50,-1495.80,112.00,-256.00,86.44,0,适度上摆
6.58,279.51,675.60,274.09,-1549.20,160.00,-320.00,99.51,0,大力上摆
6.60,293.25,769.20,243.90,-1634.40,160.00,-320.00,113.25,0,大力上摆
6.62,310.43,896.40,208.06,-1880.40,160.00,-320.00,130.43,0,大力上摆
6.64,329.19,979.20,169.85,-1909.80,160.00,-320.00,149.19,0,大力上摆
6.66,348.42,939.00,131.37,-1905.60,160.00,-320.00,168.42,0,大力上摆
6.68,7.36,988.80,93.65,-1935.60,160.00,-320.00,172.64,0,大力上摆
6.70,26.30,981.00,55.63,-1899.00,160.00,-320.00,153.70,0,大力上摆
6.72,45.13,940.80,17.62,-1968.00,160.00,-320.00,134.87,0,大力上摆
6.74,64.12,889.20,337.79,-1932.60,160.00,-320.00,115.88,0,大力上摆
6.76,83.01,930.60,300.17,-1898.40,160.00,-320.00,96.99,0,大力上摆
6.78,102.48,1005.60,262.29,-1830.00,112.00,-256.00,77.52,0,适度上摆
6.80,121.38,914.40,225.53,-1828.80,112.00,-256.00,58.62,0,适度上摆
6.82,136.93,730.20,191.76,-1667.40,112.00,-256.00,43.07,0,适度上摆
6.84,150.86,723.00,159.92,-1593.60,32.00,-96.00,29.14,0,精细上摆
6.86,163.50,546.00,131.40,-1228.80,32.00,-96.00,16.50,0,精细上摆
6.88,170.84,292.20,113.71,-804.00,32.00,-96.00,9.16,0,精细上摆
6.90,174.99,211.80,100.39,-669.00,32.00,-96.00,5.01,0,精细上摆
6.92,179.52,180.00,88.51,-616.80,32.00,-96.00,0.48,0,精细上摆
6.94,183.32,210.60,76.93,-550.20,32.00,-96.00,3.32,0,精细上摆
6.96,187.76,198.60,65.39,-584.40,32.00,-96.00,7.76,0,精细上摆
6.98,191.10,168.60,53.85,-532.80,32.00,-96.00,11.10,0,精细上摆
7.00,194.72,184.80,42.21,-589.80,32.00,-96.00,14.72,0,精细上摆
7.02,198.41,187.80,30.74,-617.40,32.00,-96.00,18.41,0,精细上摆
7.04,202.83,258.00,19.60,-587.40,32.00,-96.00,22.83,0,精细上摆
7.06,206.63,135.00,7.76,-511.20,32.00,-96.00,26.63,0,精细上摆
7.08,209.58,167.40,355.50,-585.60,32.00,-96.00,29.58,0,精细上摆
7.10,213.24,204.60,344.07,-647.40,112.00,-256.00,33.24,0,适度上摆
7.12,218.47,421.20,331.11,-912.00,112.00,-256.00,38.47,0,适度上摆
7.14,228.12,525.60,307.00,-1316.40,112.00,-256.00,48.12,0,适度上摆
7.16,240.62,601.20,278.85,-1473.60,112.00,-256.00,60.62,0,适度上摆
7.18,253.67,743.40,249.57,-1507.80,112.00,-256.00,73.67,0,适度上摆
7.20,266.57,711.60,219.77,-1527.60,112.00,-256.00,86.57,0,适度上摆
7.22,279.49,676.20,188.57,-1527.00,160.00,-320.00,99.49,0,大力上摆
7.24,293.40,752.40,156.80,-1703.40,160.00,-320.00,113.40,0,大力上摆
7.26,310.76,927.00,121.44,-1795.20,160.00,-320.00,130.76,0,大力上摆
7.28,329.57,945.60,83.98,-1918.20,160.00,-320.00,149.57,0,大力上摆
7.30,348.62,981.60,46.27,-1861.80,160.00,-320.00,168.62,0,大力上摆
7.32,7.76,954.00,7.84,-1905.60,160.00,-320.00,172.24,0,大力上摆
7.34,26.70,961.20,329.15,-1953.00,160.00,-320.00,153.30,0,大力上摆
7.36,45.55,901.80,290.63,-1935.60,160.00,-320.00,134.45,0,大力上摆
7.38,64.27,925.20,253.12,-1803.00,160.00,-320.00,115.73,0,大力上摆
7.40,83.41,936.00,215.31,-1937.40,160.00,-320.00,96.59,0,大力上摆
7.42,102.77,1035.60,175.96,-1987.20,112.00,-256.00,77.23,0,适度上摆
7.44,121.62,868.20,138.89,-1755.60,112.00,-256.00,58.38,0,适度上摆
7.46,137.15,765.60,105.91,-1578.60,112.00,-256.00,42.85,0,适度上摆
7.48,151.06,691.20,74.71,-1564.20,32.00,-96.00,28.94,0,精细上摆
7.50,163.52,539.40,45.88,-1179.60,32.00,-96.00,16.48,0,精细上摆
7.52,170.82,277.80,27.49,-749.40,32.00,-96.00,9.18,0,精细上摆
7.54,174.95,222.60,13.73,-691.80,32.00,-96.00,5.05,0,精细上摆
7.56,179.45,198.60,1.85,-687.60,-9.60,28.80,0.55,0,精细上摆(相位调整)
7.58,182.70,109.20,351.72,-218.40,-9.60,28.80,2.70,0,精细上摆(相位调整)
7.60,183.78,23.40,350.49,16.20,0.00,-468.96,3.78,1,LQR平衡
7.62,183.82,4.80,345.48,-995.40,0.00,-111.94,3.82,1,LQR平衡
7.64,183.80,0.00,311.79,-1609.20,0.00,76.77,3.80,1,LQR平衡
7.66,183.80,0.00,292.52,-447.00,0.00,-230.38,3.80,1,LQR平衡
7.68,183.80,5.40,289.58,-432.60,0.00,-261.30,3.80,1,LQR平衡
7.70,183.82,5.40,270.37,-1176.60,0.00,-66.42,3.82,1,LQR平衡
7.72,183.80,0.00,245.85,-1018.80,0.00,-78.79,3.80,1,LQR平衡
7.74,183.80,0.00,231.13,-606.00,0.00,-187.82,3.80,1,LQR平衡
7.76,183.82,0.00,218.74,-726.60,0.00,-157.83,3.82,1,LQR平衡
7.78,183.82,0.00,200.30,-913.20,0.00,-108.33,3.82,1,LQR平衡
7.80,183.82,0.00,181.85,-880.80,0.00,-116.75,3.82,1,LQR平衡
7.82,183.85,0.00,166.82,-712.20,0.00,-163.20,3.85,1,LQR平衡
7.84,183.85,0.00,152.34,-782.40,0.00,-144.52,3.85,1,LQR平衡
7.86,183.87,0.00,135.07,-871.80,0.00,-122.73,3.87,1,LQR平衡
7.88,183.87,0.00,117.91,-855.60,0.00,-126.87,3.87,1,LQR平衡
7.90,183.87,0.00,102.15,-790.20,0.00,-144.04,3.87,1,LQR平衡
7.92,183.87,0.00,86.35,-826.80,0.00,-134.23,3.87,1,LQR平衡
7.94,183.87,0.00,70.14,-809.40,0.00,-138.69,3.87,1,LQR平衡
7.96,183.87,0.00,53.94,-805.80,0.00,-139.51,3.87,1,LQR平衡
7.98,183.87,0.00,37.71,-765.00,0.00,-150.16,3.87,1,LQR平衡
8.00,183.87,0.00,20.90,-834.60,0.00,-131.61,3.87,1,LQR平衡
8.02,183.85,0.00,3.30,-824.40,0.00,-132.16,3.85,1,LQR平衡
8.04,183.85,0.00,346.90,-810.00,0.00,-138.85,3.85,1,LQR平衡
8.06,183.82,0.00,330.69,-819.00,0.00,-134.33,3.82,1,LQR平衡
8.08,183.82,0.00,314.45,-831.00,0.00,-131.02,3.82,1,LQR平衡
8.10,183.80,0.00,298.59,-795.60,0.00,-138.25,3.80,1,LQR平衡
8.12,183.80,0.00,282.79,-795.60,0.00,-138.12,3.80,1,LQR平衡
8.14,183.80,0.00,266.70,-828.00,0.00,-129.42,3.80,1,LQR平衡
8.16,183.80,-5.40,250.62,-795.60,0.00,-110.71,3.80,1,LQR平衡
8.18,183.80,0.00,234.87,-706.80,0.00,-161.20,3.80,1,LQR平衡
8.20,183.82,4.80,220.21,-792.60,0.00,-164.52,3.82,1,LQR平衡
8.22,183.82,0.00,202.21,-898.80,0.00,-112.16,3.82,1,LQR平衡
8.24,183.82,4.80,183.63,-846.00,0.00,-150.09,3.82,1,LQR平衡
8.26,183.85,0.00,167.78,-767.40,0.00,-148.61,3.85,1,LQR平衡
8.28,183.85,0.00,151.13,-855.00,0.00,-125.31,3.85,1,LQR平衡
8.30,183.85,0.00,133.81,-831.00,0.00,-131.51,3.85,1,LQR平衡
8.32,183.87,0.00,117.97,-826.80,0.00,-134.49,3.87,1,LQR平衡
8.34,183.87,0.00,102.06,-815.40,0.00,-137.37,3.87,1,LQR平衡
8.36,183.87,0.00,86.15,-822.60,0.00,-135.33,3.87,1,LQR平衡
8.38,183.87,0.00,69.94,-817.20,0.00,-136.63,3.87,1,LQR平衡
8.40,183.87,0.00,53.75,-802.20,0.00,-140.46,3.87,1,LQR平衡
8.42,183.87,0.00,37.79,-774.00,0.00,-147.78,3.87,1,LQR平衡
8.44,183.87,0.00,21.05,-824.40,0.00,-134.31,3.87,1,LQR平衡
8.46,183.85,0.00,3.71,-837.00,0.00,-128.84,3.85,1,LQR平衡
8.48,183.85,0.00,347.15,-808.80,0.00,-139.17,3.85,1,LQR平衡
8.50,183.82,0.00,331.17,-783.00,0.00,-143.86,3.82,1,LQR平衡
8.52,183.82,4.80,314.67,-838.20,0.00,-153.25,3.82,1,LQR平衡
8.54,183.80,0.00,297.75,-889.20,0.00,-113.49,3.80,1,LQR平衡
8.56,183.80,4.80,280.68,-846.60,0.00,-148.74,3.80,1,LQR平衡
8.58,183.80,0.00,265.65,-781.20,0.00,-141.78,3.80,1,LQR平衡
8.60,183.80,0.00,249.41,-843.00,0.00,-125.31,3.80,1,LQR平衡
8.62,183.80,0.00,232.69,-787.80,0.00,-139.76,3.80,1,LQR平衡
8.64,183.80,0.00,216.58,-750.00,0.00,-149.62,3.80,1,LQR平衡
8.66,183.82,0.00,199.71,-848.40,0.00,-125.46,3.82,1,LQR平衡
8.68,183.82,0.00,182.31,-875.40,0.00,-118.18,3.82,1,LQR平衡
8.70,183.82,0.00,166.60,-744.00,0.00,-152.79,3.82,1,LQR平衡
8.72,183.85,0.00,151.61,-774.60,0.00,-146.57,3.85,1,LQR平衡
8.74,183.85,0.00,134.87,-859.80,0.00,-123.91,3.85,1,LQR平衡
8.76,183.87,0.00,117.84,-870.60,0.00,-122.91,3.87,1,LQR平衡
8.78,183.87,0.00,102.15,-781.80,0.00,-146.26,3.87,1,LQR平衡
8.80,183.87,0.00,86.77,-828.60,0.00,-133.75,3.87,1,LQR平衡
8.82,183.87,0.00,70.33,-804.60,0.00,-139.96,3.87,1,LQR平衡
8.84,183.87,0.00,54.23,-801.60,0.00,-140.62,3.87,1,LQR平衡
8.86,183.85,0.00,37.86,-813.60,0.00,-135.31,3.85,1,LQR平衡
8.88,183.85,0.00,21.03,-804.00,0.00,-137.71,3.85,1,LQR平衡
8.90,183.85,0.00,4.17,-804.60,0.00,-137.41,3.85,1,LQR平衡
8.92,183.82,0.00,347.59,-801.00,0.00,-139.23,3.82,1,LQR平衡
8.94,183.82,0.00,331.02,-831.60,0.00,-131.00,3.82,1,LQR平衡
8.96,183.82,0.00,314.60,-820.80,0.00,-133.72,3.82,1,LQR平衡
8.98,183.80,0.00,298.76,-812.40,0.00,-133.81,3.80,1,LQR平衡
9.00,183.80,0.00,283.10,-794.40,0.00,-138.44,3.80,1,LQR平衡
9.02,183.80,0.00,267.32,-810.00,0.00,-134.18,3.80,1,LQR平衡
9.04,183.80,4.80,251.32,-784.20,0.00,-165.00,3.80,1,LQR平衡
9.06,183.80,0.00,234.93,-878.40,0.00,-115.82,3.80,1,LQR平衡
9.08,183.80,0.00,216.80,-836.40,0.00,-126.78,3.80,1,LQR平衡
9.10,183.82,0.00,200.83,-721.80,0.00,-158.95,3.82,1,LQR平衡
9.12,183.82,0.00,184.79,-808.80,0.00,-135.81,3.82,1,LQR平衡
9.14,183.85,0.00,167.41,-839.40,0.00,-129.57,3.85,1,LQR平衡
9.16,183.85,0.00,151.02,-815.40,0.00,-135.78,3.85,1,LQR平衡
9.18,183.85,0.00,135.24,-778.80,0.00,-145.33,3.85,1,LQR平衡
9.20,183.87,0.00,119.09,-871.80,0.00,-122.60,3.87,1,LQR平衡
9.22,183.87,0.00,102.59,-826.20,0.00,-134.52,3.87,1,LQR平衡
9.24,183.87,0.00,86.97,-802.20,0.00,-140.74,3.87,1,LQR平衡
9.26,183.87,0.00,71.19,-822.00,0.00,-135.37,3.87,1,LQR平衡
9.28,183.87,0.00,54.71,-812.40,0.00,-137.77,3.87,1,LQR平衡
9.30,183.87,0.00,38.39,-754.20,0.00,-153.02,3.87,1,LQR平衡
9.32,183.85,0.00,21.51,-834.60,0.00,-129.62,3.85,1,LQR平衡
9.34,183.85,0.00,4.11,-819.60,0.00,-133.44,3.85,1,LQR平衡
9.36,183.82,0.00,347.72,-804.60,0.00,-138.28,3.82,1,LQR平衡
9.38,183.82,4.20,331.50,-820.80,0.00,-154.98,3.82,1,LQR平衡
9.40,183.82,0.00,314.78,-871.20,0.00,-120.40,3.82,1,LQR平衡
9.42,183.80,0.00,297.60,-836.40,0.00,-127.45,3.80,1,LQR平衡
9.44,183.80,0.00,282.39,-752.40,0.00,-149.54,3.80,1,LQR平衡
9.46,183.80,0.00,267.23,-802.80,0.00,-136.08,3.80,1,LQR平衡
9.48,183.80,0.00,250.80,-836.40,0.00,-127.06,3.80,1,LQR平衡
9.50,183.80,0.00,234.25,-778.80,0.00,-142.15,3.80,1,LQR平衡
9.52,183.80,0.00,218.30,-769.20,0.00,-144.56,3.80,1,LQR平衡
9.54,183.80,0.00,201.38,-822.00,0.00,-130.46,3.80,1,LQR平衡
9.56,183.82,0.00,184.39,-816.60,0.00,-133.74,3.82,1,LQR平衡
9.58,183.82,0.00,168.20,-756.60,0.00,-149.47,3.82,1,LQR平衡
9.60,183.85,-4.20,152.12,-824.40,0.00,-112.30,3.85,1,LQR平衡
9.62,183.85,0.00,135.79,-764.40,0.00,-149.14,3.85,1,LQR平衡
9.64,183.85,0.00,120.70,-786.60,0.00,-143.14,3.85,1,LQR平衡
9.66,183.87,0.00,103.93,-862.20,0.00,-125.01,3.87,1,LQR平衡
9.68,183.87,0.00,86.81,-852.00,0.00,-127.57,3.87,1,LQR平衡
9.70,183.87,0.00,71.21,-751.20,0.00,-154.09,3.87,1,LQR平衡
9.72,183.87,0.00,55.61,-827.40,0.00,-133.81,3.87,1,LQR平衡
9.74,183.85,4.80,38.45,-809.40,0.00,-160.55,3.85,1,LQR平衡
9.76,183.85,0.00,21.36,-858.00,0.00,-123.43,3.85,1,LQR平衡
9.78,183.85,4.80,3.34,-871.20,0.00,-143.92,3.85,1,LQR平衡
9.80,183.82,0.00,347.08,-857.40,0.00,-124.32,3.82,1,LQR平衡
9.82,183.82,-4.80,330.67,-836.40,0.00,-105.60,3.82,1,LQR平衡
9.84,183.80,-4.80,315.46,-697.20,0.00,-140.28,3.80,1,LQR平衡
9.86,183.80,0.00,301.84,-705.00,0.00,-162.23,3.80,1,LQR平衡
9.88,183.80,4.80,286.02,-863.40,0.00,-144.35,3.80,1,LQR平衡
9.90,183.80,0.00,268.31,-934.80,0.00,-101.19,3.80,1,LQR平衡
9.92,183.80,0.00,251.30,-759.00,0.00,-147.53,3.80,1,LQR平衡
9.94,183.80,0.00,236.82,-754.20,0.00,-148.68,3.80,1,LQR平衡
9.96,183.80,0.00,220.45,-859.20,0.00,-120.78,3.80,1,LQR平衡
9.98,183.80,0.00,203.14,-803.40,0.00,-135.39,3.80,1,LQR平衡
10.00,183.82,4.80,187.40,-726.00,0.00,-181.85,3.82,1,LQR平衡
10.02,183.82,0.00,171.01,-859.80,0.00,-122.21,3.82,1,LQR平衡
10.04,183.82,0.00,152.53,-856.20,0.00,-123.00,3.82,1,LQR平衡
10.06,183.85,0.00,136.43,-750.60,0.00,-152.79,3.85,1,LQR平衡
10.08,183.85,4.20,121.09,-854.40,0.00,-146.33,3.85,1,LQR平衡
10.10,183.85,0.00,103.71,-902.40,0.00,-112.38,3.85,1,LQR平衡
10.12,183.87,0.00,86.44,-848.40,0.00,-128.51,3.87,1,LQR平衡
10.14,183.87,0.00,71.37,-742.20,0.00,-156.47,3.87,1,LQR平衡
10.16,183.87,0.60,55.70,-848.40,0.00,-131.27,3.87,1,LQR平衡
10.18,183.87,0.00,38.63,-811.20,0.00,-137.95,3.87,1,LQR平衡
10.20,183.85,0.00,21.97,-790.80,0.00,-141.20,3.85,1,LQR平衡
10.22,183.82,0.00,5.25,-777.60,0.00,-142.55,3.82,1,LQR平衡
10.24,183.82,0.00,348.38,-843.60,0.00,-127.98,3.82,1,LQR平衡
10.26,183.82,0.00,331.81,-826.20,0.00,-132.44,3.82,1,LQR平衡
10.28,183.80,0.00,315.90,-803.40,0.00,-136.33,3.80,1,LQR平衡
10.30,183.80,0.00,299.99,-823.80,0.00,-130.81,3.80,1,LQR平衡
10.32,183.80,0.00,284.33,-786.60,0.00,-140.51,3.80,1,LQR平衡
10.34,183.80,0.00,268.66,-814.20,0.00,-133.08,3.80,1,LQR平衡
10.36,183.80,0.00,252.69,-757.80,0.00,-147.86,3.80,1,LQR平衡
10.38,183.80,0.00,236.21,-846.00,0.00,-124.40,3.80,1,LQR平衡
10.40,183.80,0.00,219.16,-805.80,0.00,-134.89,3.80,1,LQR平衡
10.42,183.80,0.00,203.16,-763.80,0.00,-145.86,3.80,1,LQR平衡
10.44,183.80,0.00,186.68,-776.40,0.00,-142.39,3.80,1,LQR平衡
10.46,183.82,0.00,169.69,-792.00,0.00,-140.12,3.82,1,LQR平衡
10.48,183.82,4.80,153.11,-826.20,0.00,-155.07,3.82,1,LQR平衡
10.50,183.85,0.00,136.45,-848.40,0.00,-126.93,3.85,1,LQR平衡
10.52,183.85,0.00,119.00,-847.20,0.00,-127.10,3.85,1,LQR平衡
10.54,183.85,0.00,102.83,-816.00,0.00,-135.22,3.85,1,LQR平衡
10.56,183.85,0.00,86.97,-807.60,0.00,-137.31,3.85,1,LQR平衡
10.58,183.87,0.00,71.17,-808.80,0.00,-138.86,3.87,1,LQR平衡
10.60,183.87,0.00,55.00,-795.00,0.00,-142.37,3.87,1,LQR平衡
10.62,183.85,0.00,38.61,-792.00,0.00,-141.03,3.85,1,LQR平衡
10.64,183.85,0.00,21.51,-793.80,0.00,-140.41,3.85,1,LQR平衡
10.66,183.85,0.00,4.53,-821.40,0.00,-132.97,3.85,1,LQR平衡
10.68,183.82,0.00,347.52,-832.20,0.00,-130.98,3.82,1,LQR平衡
10.70,183.82,0.00,331.30,-812.40,0.00,-136.08,3.82,1,LQR平衡
10.72,183.80,-5.40,315.48,-771.00,0.00,-117.75,3.80,1,LQR平衡
10.74,183.80,0.00,299.84,-780.00,0.00,-142.39,3.80,1,LQR平衡
10.76,183.80,0.00,285.03,-756.00,0.00,-148.61,3.80,1,LQR平衡
10.78,183.80,0.00,268.92,-833.40,0.00,-128.01,3.80,1,LQR平衡
10.80,183.80,-4.80,252.29,-794.40,0.00,-114.05,3.80,1,LQR平衡
10.82,183.78,0.00,236.60,-780.60,0.00,-139.70,3.78,1,LQR平衡
10.84,183.80,0.00,221.55,-739.80,0.00,-152.36,3.80,1,LQR平衡
10.86,183.80,0.00,205.14,-871.80,0.00,-117.32,3.80,1,LQR平衡
10.88,183.80,0.00,188.00,-753.00,0.00,-148.59,3.80,1,LQR平衡
10.90,183.82,0.00,172.05,-768.60,0.00,-146.33,3.82,1,LQR平衡
10.92,183.82,0.00,155.50,-754.80,0.00,-149.84,3.82,1,LQR平衡
10.94,183.82,-4.80,138.41,-861.00,0.00,-97.49,3.82,1,LQR平衡
10.96,183.85,0.00,121.57,-769.20,0.00,-147.75,3.85,1,LQR平衡
10.98,183.85,0.00,106.96,-738.00,0.00,-155.88,3.85,1,LQR平衡
11.00,183.85,0.00,90.55,-829.80,0.00,-131.47,3.85,1,LQR平衡
11.02,183.85,0.00,72.99,-870.00,0.00,-120.69,3.85,1,LQR平衡
11.04,183.85,0.00,56.60,-771.00,0.00,-146.73,3.85,1,LQR平衡
11.06,183.85,-4.20,41.13,-793.80,0.00,-119.46,3.85,1,LQR平衡
11.08,183.85,0.00,24.76,-793.80,0.00,-140.43,3.85,1,LQR平衡
11.10,183.85,0.00,9.05,-766.80,0.00,-147.44,3.85,1,LQR平衡
11.12,183.82,-5.40,352.53,-801.00,0.00,-112.13,3.82,1,LQR平衡
11.14,183.82,0.00,335.79,-714.00,0.00,-162.14,3.82,1,LQR平衡
11.16,183.80,5.40,320.27,-757.20,0.00,-175.73,3.80,1,LQR平衡
11.18,183.80,0.00,302.65,-912.60,0.00,-107.35,3.80,1,LQR平衡
11.20,183.78,4.80,284.08,-819.00,0.00,-154.07,3.78,1,LQR平衡
11.22,183.78,0.00,268.48,-801.00,0.00,-134.57,3.78,1,LQR平衡
11.24,183.78,-5.40,251.98,-813.60,0.00,-103.96,3.78,1,LQR平衡
11.26,183.78,0.00,235.88,-747.60,0.00,-148.42,3.78,1,LQR平衡
11.28,183.78,0.00,221.31,-744.60,0.00,-149.09,3.78,1,LQR平衡
11.30,183.80,-4.80,204.50,-874.20,0.00,-92.55,3.80,1,LQR平衡
11.32,183.80,0.00,187.65,-690.00,0.00,-165.24,3.80,1,LQR平衡
11.34,183.82,0.00,172.99,-729.00,0.00,-156.81,3.82,1,LQR平衡
11.36,183.82,0.00,155.92,-804.60,0.00,-136.68,3.82,1,LQR平衡
11.38,183.82,0.00,138.32,-831.60,0.00,-129.39,3.82,1,LQR平衡
11.40,183.85,0.00,121.77,-777.00,0.00,-145.69,3.85,1,LQR平衡
11.42,183.85,0.00,105.49,-834.60,0.00,-130.32,3.85,1,LQR平衡
11.44,183.85,0.00,88.66,-829.80,0.00,-131.45,3.85,1,LQR平衡
11.46,183.85,0.00,72.75,-787.20,0.00,-142.58,3.85,1,LQR平衡
11.48,183.85,0.00,56.71,-852.60,0.00,-125.15,3.85,1,LQR平衡
11.50,183.85,0.00,40.23,-799.20,0.00,-139.14,3.85,1,LQR平衡
11.52,183.82,0.00,24.50,-793.20,0.00,-138.59,3.82,1,LQR平衡
11.54,183.82,0.00,8.02,-751.80,0.00,-149.40,3.82,1,LQR平衡
11.56,183.80,0.00,351.17,-814.80,0.00,-133.61,3.80,1,LQR平衡
11.58,183.80,0.00,333.96,-807.60,0.00,-135.37,3.80,1,LQR平衡
11.60,183.80,0.00,317.59,-755.40,0.00,-149.04,3.80,1,LQR平衡
11.62,183.78,0.00,301.49,-817.20,0.00,-130.56,3.78,1,LQR平衡
11.64,183.78,0.00,284.66,-802.80,0.00,-134.23,3.78,1,LQR平衡
11.66,183.78,4.20,268.73,-796.80,0.00,-156.79,3.78,1,LQR平衡
11.68,183.78,0.00,252.69,-822.00,0.00,-128.89,3.78,1,LQR平衡
11.70,183.78,0.00,235.17,-839.40,0.00,-124.14,3.78,1,LQR平衡
11.72,183.78,0.00,218.78,-741.60,0.00,-149.86,3.78,1,LQR平衡
11.74,183.80,0.00,202.72,-797.40,0.00,-136.97,3.80,1,LQR平衡
11.76,183.80,0.00,185.60,-801.00,0.00,-135.88,3.80,1,LQR平衡
11.78,183.80,0.00,168.93,-778.80,0.00,-141.61,3.80,1,LQR平衡
11.80,183.82,0.00,152.84,-754.80,0.00,-149.82,3.82,1,LQR平衡
11.82,183.82,0.00,136.25,-841.80,0.00,-126.68,3.82,1,LQR平衡
11.84,183.82,0.00,119.09,-834.60,0.00,-128.44,3.82,1,LQR平衡
11.86,183.85,0.00,103.16,-808.80,0.00,-137.12,3.85,1,LQR平衡
11.88,183.85,0.00,87.41,-798.60,0.00,-139.69,3.85,1,LQR平衡
11.90,183.85,0.00,71.41,-818.40,0.00,-134.32,3.85,1,LQR平衡
11.92,183.85,0.00,54.80,-790.80,0.00,-141.48,3.85,1,LQR平衡
11.94,183.82,-4.80,38.65,-795.60,0.00,-113.95,3.82,1,LQR平衡
11.96,183.82,-4.80,22.15,-733.80,0.00,-130.15,3.82,1,LQR平衡
11.98,183.82,0.00,7.08,-702.00,0.00,-162.56,3.82,1,LQR平衡
12.00,183.80,0.00,351.08,-790.20,0.00,-140.12,3.80,1,LQR平衡
12.02,183.80,0.00,333.37,-861.00,0.00,-121.25,3.80,1,LQR平衡
12.04,183.78,-4.80,316.43,-770.40,0.00,-118.94,3.78,1,LQR平衡
12.06,183.78,0.00,301.35,-736.20,0.00,-151.98,3.78,1,LQR平衡
12.08,183.78,-4.80,286.52,-786.00,0.00,-114.56,3.78,1,LQR平衡
12.10,183.78,0.00,270.37,-763.20,0.00,-144.58,3.78,1,LQR平衡
12.12,183.78,4.80,255.39,-738.60,0.00,-175.09,3.78,1,LQR平衡
12.14,183.78,0.00,238.67,-926.40,0.00,-101.16,3.78,1,LQR平衡
12.16,183.78,0.00,219.88,-813.60,0.00,-130.83,3.78,1,LQR平衡
12.18,183.78,0.00,204.37,-783.00,0.00,-138.79,3.78,1,LQR平衡
12.20,183.78,0.00,188.61,-713.40,0.00,-157.06,3.78,1,LQR平衡
12.22,183.80,-5.40,172.11,-826.20,0.00,-101.96,3.80,1,LQR平衡
12.24,183.80,4.80,155.37,-698.40,0.00,-186.88,3.80,1,LQR平衡
12.26,183.82,0.00,140.38,-780.60,0.00,-142.89,3.82,1,LQR平衡
12.28,183.82,-4.80,121.97,-893.40,0.00,-88.78,3.82,1,LQR平衡
12.30,183.82,0.00,104.59,-784.80,0.00,-141.48,3.82,1,LQR平衡
12.32,183.82,0.00,90.86,-687.60,0.00,-167.07,3.82,1,LQR平衡
12.34,183.82,0.00,74.99,-869.40,0.00,-118.86,3.82,1,LQR平衡
12.36,183.82,0.00,57.15,-856.80,0.00,-122.05,3.82,1,LQR平衡
12.38,183.82,0.00,41.22,-726.00,0.00,-156.50,3.82,1,LQR平衡
12.40,183.82,0.00,25.73,-813.60,0.00,-133.21,3.82,1,LQR平衡
12.42,183.82,0.00,8.46,-801.00,0.00,-136.39,3.82,1,LQR平衡
12.44,183.80,0.00,351.80,-772.20,0.00,-144.88,3.80,1,LQR平衡
12.46,183.80,0.00,335.17,-782.40,0.00,-142.05,3.80,1,LQR平衡
12.48,183.78,0.00,318.41,-819.00,0.00,-130.23,3.78,1,LQR平衡
12.50,183.78,0.00,301.88,-790.20,0.00,-137.71,3.78,1,LQR平衡
12.52,183.78,0.00,286.08,-755.40,0.00,-146.78,3.78,1,LQR平衡
12.54,183.78,0.00,270.07,-826.80,0.00,-127.76,3.78,1,LQR平衡
12.56,183.78,4.80,253.56,-792.60,0.00,-160.79,3.78,1,LQR平衡
12.58,183.78,0.00,237.41,-873.60,0.00,-115.11,3.78,1,LQR平衡
12.60,183.78,0.00,219.75,-801.60,0.00,-134.00,3.78,1,LQR平衡
12.62,183.78,0.00,203.82,-788.40,0.00,-137.36,3.78,1,LQR平衡
12.64,183.78,0.00,187.78,-717.60,0.00,-155.95,3.78,1,LQR平衡
12.66,183.80,0.00,171.23,-812.40,0.00,-132.74,3.80,1,LQR平衡
12.68,183.80,0.00,154.14,-780.60,0.00,-141.01,3.80,1,LQR平衡
12.70,183.80,0.00,137.75,-781.20,0.00,-140.71,3.80,1,LQR平衡
12.72,183.82,0.00,121.16,-802.80,0.00,-136.86,3.82,1,LQR平衡
12.74,183.82,0.00,104.41,-847.80,0.00,-124.82,3.82,1,LQR平衡
12.76,183.82,0.00,87.67,-812.40,0.00,-134.04,3.82,1,LQR平衡
12.78,183.82,0.00,72.14,-784.80,0.00,-141.21,3.82,1,LQR平衡
12.80,183.82,0.00,56.16,-810.00,0.00,-134.41,3.82,1,LQR平衡
12.82,183.82,0.00,39.81,-808.80,0.00,-134.59,3.82,1,LQR平衡
12.84,183.82,0.00,23.44,-778.20,0.00,-142.55,3.82,1,LQR平衡
12.86,183.80,0.00,7.12,-780.60,0.00,-139.78,3.80,1,LQR平衡
12.88,183.80,0.00,350.02,-793.80,0.00,-139.16,3.80,1,LQR平衡
12.90,183.78,-4.80,333.30,-806.40,0.00,-109.56,3.78,1,LQR平衡
12.92,183.78,0.00,317.02,-723.60,0.00,-155.44,3.78,1,LQR平衡
12.94,183.78,0.00,302.37,-739.20,0.00,-151.20,3.78,1,LQR平衡
12.96,183.76,0.00,285.45,-842.40,0.00,-121.76,3.76,1,LQR平衡
12.98,183.76,-4.80,268.42,-840.00,0.00,-98.13,3.76,1,LQR平衡
13.00,183.76,0.00,253.48,-667.20,0.00,-167.82,3.76,1,LQR平衡
13.02,183.76,0.00,239.55,-796.80,0.00,-133.44,3.76,1,LQR平衡
13.04,183.78,10.80,222.03,-852.00,0.00,-174.98,3.78,1,LQR平衡
13.06,183.78,0.00,204.43,-932.40,0.00,-99.29,3.78,1,LQR平衡
13.08,183.78,0.00,185.45,-802.20,0.00,-133.56,3.78,1,LQR平衡
13.10,183.80,0.00,170.55,-678.60,0.00,-168.12,3.80,1,LQR平衡
13.12,183.80,0.00,155.00,-759.00,0.00,-146.73,3.80,1,LQR平衡
13.14,183.80,0.00,137.13,-872.40,0.00,-116.59,3.80,1,LQR平衡
13.16,183.82,0.00,119.99,-816.00,0.00,-133.36,3.82,1,LQR平衡
13.18,183.82,0.00,104.37,-781.80,0.00,-142.27,3.82,1,LQR平衡
13.20,183.82,-5.40,88.40,-817.20,0.00,-105.64,3.82,1,LQR平衡
13.22,183.82,0.00,72.44,-753.00,0.00,-149.62,3.82,1,LQR平衡
13.24,183.82,0.00,58.12,-763.80,0.00,-146.65,3.82,1,LQR平衡
13.26,183.82,0.00,41.53,-839.40,0.00,-126.52,3.82,1,LQR平衡
13.28,183.80,0.00,24.48,-829.80,0.00,-126.91,3.80,1,LQR平衡
13.30,183.80,0.00,8.64,-731.40,0.00,-152.80,3.80,1,LQR平衡
13.32,183.78,0.00,352.66,-774.00,0.00,-142.41,3.78,1,LQR平衡
13.34,183.78,0.00,335.37,-824.40,0.00,-128.94,3.78,1,LQR平衡
13.36,183.78,0.00,318.25,-762.60,0.00,-145.14,3.78,1,LQR平衡
13.38,183.78,0.00,302.34,-785.40,0.00,-138.98,3.78,1,LQR平衡
13.40,183.76,0.00,285.82,-777.60,0.00,-138.90,3.76,1,LQR平衡
13.42,183.76,0.00,269.47,-829.20,0.00,-125.12,3.76,1,LQR平衡
13.44,183.76,0.00,253.34,-775.20,0.00,-139.26,3.76,1,LQR平衡
13.46,183.76,0.00,237.61,-820.80,0.00,-127.08,3.76,1,LQR平衡
13.48,183.76,0.00,221.22,-797.40,0.00,-133.13,3.76,1,LQR平衡
13.50,183.78,0.00,205.22,-808.80,0.00,-131.98,3.78,1,LQR平衡
13.52,183.78,0.60,188.92,-735.00,0.00,-154.37,3.78,1,LQR平衡
13.54,183.78,0.00,172.79,-786.60,0.00,-137.58,3.78,1,LQR平衡
13.56,183.80,0.00,155.83,-756.60,0.00,-147.37,3.80,1,LQR平衡
13.58,183.80,0.00,139.28,-804.00,0.00,-134.70,3.80,1,LQR平衡
13.60,183.80,0.00,122.41,-763.80,0.00,-145.18,3.80,1,LQR平衡
13.62,183.82,0.00,105.93,-840.60,0.00,-126.74,3.82,1,LQR平衡
13.64,183.82,0.00,89.12,-814.20,0.00,-133.58,3.82,1,LQR平衡
13.66,183.82,0.00,73.17,-810.60,0.00,-134.40,3.82,1,LQR平衡
13.68,183.80,0.00,57.22,-815.40,0.00,-130.99,3.80,1,LQR平衡
13.70,183.80,0.00,41.26,-780.60,0.00,-140.06,3.80,1,LQR平衡
13.72,183.80,0.00,25.18,-802.80,0.00,-134.06,3.80,1,LQR平衡
13.74,183.80,0.00,8.44,-764.40,0.00,-144.07,3.80,1,LQR平衡
13.76,183.78,-0.60,351.98,-771.00,0.00,-140.19,3.78,1,LQR平衡
13.78,183.78,-4.80,335.15,-800.40,0.00,-111.16,3.78,1,LQR平衡
13.80,183.76,0.00,318.76,-763.80,0.00,-142.83,3.76,1,LQR平衡
13.82,183.76,0.00,303.90,-700.20,0.00,-159.52,3.76,1,LQR平衡
13.84,183.76,0.00,287.62,-803.40,0.00,-132.10,3.76,1,LQR平衡
13.86,183.76,0.00,270.13,-853.80,0.00,-118.62,3.76,1,LQR平衡
13.88,183.76,0.00,253.94,-752.40,0.00,-145.30,3.76,1,LQR平衡
13.90,183.76,0.00,238.51,-802.80,0.00,-131.84,3.76,1,LQR平衡
13.92,183.78,0.00,221.86,-801.00,0.00,-134.18,3.78,1,LQR平衡
13.94,183.78,0.00,205.73,-821.40,0.00,-128.65,3.78,1,LQR平衡
13.96,183.78,0.00,189.05,-751.20,0.00,-147.07,3.78,1,LQR平衡
13.98,183.80,0.00,173.17,-775.20,0.00,-142.59,3.80,1,LQR平衡
14.00,183.80,4.80,156.71,-777.00,0.00,-166.11,3.80,1,LQR平衡
14.02,183.82,0.00,140.23,-843.00,0.00,-126.39,3.82,1,LQR平衡
14.04,183.82,0.00,122.12,-822.60,0.00,-131.63,3.82,1,LQR平衡
14.06,183.82,0.00,105.82,-798.00,0.00,-138.00,3.82,1,LQR平衡
14.08,183.82,0.00,89.80,-813.60,0.00,-133.74,3.82,1,LQR平衡
14.10,183.82,0.00,73.41,-826.80,0.00,-130.12,3.82,1,LQR平衡
14.12,183.82,0.00,57.06,-817.80,0.00,-132.36,3.82,1,LQR平衡
14.14,183.82,0.00,41.48,-790.80,0.00,-139.37,3.82,1,LQR平衡
14.16,183.80,0.00,25.58,-790.80,0.00,-137.23,3.80,1,LQR平衡
14.18,183.80,0.00,9.01,-780.60,0.00,-139.79,3.80,1,LQR平衡
14.20,183.80,-4.80,352.22,-793.80,0.00,-115.05,3.80,1,LQR平衡
14.22,183.78,0.00,335.72,-705.00,0.00,-160.52,3.78,1,LQR平衡
14.24,183.78,0.00,320.47,-731.40,0.00,-153.41,3.78,1,LQR平衡
14.26,183.78,0.00,303.33,-844.20,0.00,-123.44,3.78,1,LQR平衡
14.28,183.76,0.00,285.73,-805.80,0.00,-131.44,3.76,1,LQR平衡
14.30,183.76,0.00,269.93,-772.80,0.00,-140.04,3.76,1,LQR平衡
14.32,183.76,-4.20,254.44,-768.00,0.00,-120.07,3.76,1,LQR平衡
14.34,183.76,0.00,238.34,-799.20,0.00,-132.79,3.76,1,LQR平衡
14.36,183.76,4.80,223.04,-754.20,0.00,-168.69,3.76,1,LQR平衡
14.38,183.78,0.00,206.39,-897.60,0.00,-108.51,3.78,1,LQR平衡
14.40,183.78,0.00,188.09,-750.00,0.00,-147.38,3.78,1,LQR平衡
14.42,183.78,0.00,173.01,-746.40,0.00,-148.21,3.78,1,LQR平衡
14.44,183.80,0.00,156.80,-775.20,0.00,-142.46,3.80,1,LQR平衡
14.46,183.80,-4.80,140.05,-762.60,0.00,-121.52,3.80,1,LQR平衡
14.48,183.80,0.00,123.55,-744.60,0.00,-150.27,3.80,1,LQR平衡
14.50,183.82,0.00,107.82,-790.20,0.00,-140.08,3.82,1,LQR平衡
14.52,183.82,0.00,90.81,-830.40,0.00,-129.31,3.82,1,LQR平衡
14.54,183.82,0.00,73.87,-811.20,0.00,-134.24,3.82,1,LQR平衡
14.56,183.82,0.00,57.63,-807.00,0.00,-135.22,3.82,1,LQR平衡
14.58,183.82,0.00,41.79,-807.60,0.00,-134.93,3.82,1,LQR平衡
14.60,183.80,0.00,25.55,-816.00,0.00,-130.57,3.80,1,LQR平衡
14.62,183.80,0.00,9.27,-765.60,0.00,-143.76,3.80,1,LQR平衡
14.64,183.78,0.00,353.19,-762.60,0.00,-145.43,3.78,1,LQR平衡
14.66,183.78,-5.40,336.29,-802.80,0.00,-107.52,3.78,1,LQR平衡
14.68,183.78,0.00,319.66,-717.00,0.00,-157.21,3.78,1,LQR平衡
14.70,183.76,0.00,304.41,-729.00,0.00,-151.91,3.76,1,LQR平衡
14.72,183.76,0.00,287.51,-812.40,0.00,-129.71,3.76,1,LQR平衡
14.74,183.76,0.00,270.15,-841.80,0.00,-121.80,3.76,1,LQR平衡
14.76,183.76,0.00,254.44,-756.00,0.00,-144.35,3.76,1,LQR平衡
14.78,183.76,0.00,238.75,-805.80,0.00,-131.05,3.76,1,LQR平衡
14.80,183.76,0.00,222.01,-809.40,0.00,-129.96,3.76,1,LQR平衡
14.82,183.76,0.00,206.04,-814.80,0.00,-128.40,3.76,1,LQR平衡
14.84,183.78,0.00,189.95,-751.20,0.00,-147.08,3.78,1,LQR平衡
14.86,183.78,4.80,174.16,-789.60,0.00,-160.92,3.78,1,LQR平衡
14.88,183.78,0.00,157.19,-834.60,0.00,-124.75,3.78,1,LQR平衡
14.90,183.80,0.00,139.57,-807.00,0.00,-133.90,3.80,1,LQR平衡
14.92,183.80,-4.80,123.53,-721.80,0.00,-132.17,3.80,1,LQR平衡
14.94,183.80,0.00,107.56,-772.20,0.00,-142.84,3.80,1,LQR平衡
14.96,183.80,0.00,91.49,-776.40,0.00,-141.59,3.80,1,LQR平衡
14.98,183.82,0.00,74.86,-835.20,0.00,-127.91,3.82,1,LQR平衡
15.00,183.82,0.00,58.21,-834.00,0.00,-128.08,3.82,1,LQR平衡
15.02,183.80,0.00,42.39,-796.80,0.00,-135.79,3.80,1,LQR平衡
15.04,183.80,0.00,26.74,-777.60,0.00,-140.73,3.80,1,LQR平衡
15.06,183.80,0.00,10.70,-837.60,0.00,-124.73,3.80,1,LQR平衡
15.08,183.80,0.00,354.02,-735.60,0.00,-154.58,3.80,1,LQR平衡
15.10,183.78,0.00,337.87,-807.60,0.00,-133.41,3.78,1,LQR平衡
15.12,183.78,0.00,320.80,-783.00,0.00,-139.77,3.78,1,LQR平衡
15.14,183.76,0.00,304.43,-758.40,0.00,-144.13,3.76,1,LQR平衡
15.16,183.76,0.00,288.26,-780.60,0.00,-138.13,3.76,1,LQR平衡
15.18,183.76,0.00,271.38,-818.40,0.00,-127.99,3.76,1,LQR平衡
15.20,183.76,0.00,255.23,-770.40,0.00,-140.55,3.76,1,LQR平衡
15.22,183.76,0.00,239.59,-821.40,0.00,-126.93,3.76,1,LQR平衡
15.24,183.76,0.00,223.04,-797.40,0.00,-133.14,3.76,1,LQR平衡
15.26,183.76,0.00,206.89,-796.20,0.00,-133.32,3.76,1,LQR平衡
15.28,183.76,-5.40,190.50,-805.20,0.00,-103.66,3.76,1,LQR平衡
15.30,183.78,4.80,174.75,-718.80,0.00,-179.65,3.78,1,LQR平衡
15.32,183.78,0.00,160.38,-837.00,0.00,-124.15,3.78,1,LQR平衡
15.34,183.80,0.00,142.67,-866.40,0.00,-118.22,3.80,1,LQR平衡
15.36,183.80,0.00,126.72,-716.40,0.00,-157.75,3.80,1,LQR平衡
15.38,183.82,0.00,111.67,-819.00,0.00,-132.50,3.82,1,LQR平衡
15.40,183.82,0.00,94.61,-828.00,0.00,-129.98,3.82,1,LQR平衡
15.42,183.82,0.00,78.27,-786.00,0.00,-140.94,3.82,1,LQR平衡
15.44,183.82,5.40,62.31,-802.20,0.00,-163.67,3.82,1,LQR平衡
15.46,183.82,0.00,45.53,-903.60,0.00,-109.57,3.82,1,LQR平衡
15.48,183.80,0.00,27.36,-802.80,0.00,-134.07,3.80,1,LQR平衡
15.50,183.80,0.00,12.02,-817.20,0.00,-130.14,3.80,1,LQR平衡
15.52,183.80,0.00,356.18,-850.80,0.00,-124.14,3.80,1,LQR平衡
15.55,183.78,4.80,332.49,-742.80,0.00,-174.62,3.78,1,LQR平衡
15.57,183.78,0.00,319.55,-771.00,0.00,-142.93,3.78,1,LQR平衡
15.58,183.76,0.00,304.91,-861.00,0.00,-117.01,3.76,1,LQR平衡
15.60,183.76,0.00,290.59,-785.40,0.00,-136.88,3.76,1,LQR平衡
15.62,183.76,0.00,275.54,-780.60,0.00,-138.02,3.76,1,LQR平衡
15.64,183.76,0.00,260.02,-807.60,0.00,-130.75,3.76,1,LQR平衡
15.66,183.76,0.00,243.96,-801.60,0.00,-132.21,3.76,1,LQR平衡
15.68,183.74,0.00,227.83,-834.00,0.00,-121.50,3.74,1,LQR平衡
15.70,183.76,0.00,211.75,-846.00,0.00,-120.20,3.76,1,LQR平衡
15.72,183.76,0.00,196.57,-825.60,0.00,-125.46,3.76,1,LQR平衡
15.74,183.76,0.00,181.85,-796.80,0.00,-132.95,3.76,1,LQR平衡
15.76,183.78,0.00,167.10,-742.80,0.00,-149.11,3.78,1,LQR平衡
15.78,183.78,4.80,151.50,-802.80,0.00,-157.24,3.78,1,LQR平衡
15.80,183.80,0.00,134.71,-872.40,0.00,-116.57,3.80,1,LQR平衡
15.82,183.80,0.00,116.85,-882.00,0.00,-113.88,3.80,1,LQR平衡
15.84,183.80,0.00,101.49,-757.20,0.00,-146.75,3.80,1,LQR平衡
15.86,183.80,0.00,86.90,-792.00,0.00,-137.43,3.80,1,LQR平衡
15.88,183.80,0.00,70.88,-813.60,0.00,-131.58,3.80,1,LQR平衡
15.90,183.80,0.00,54.47,-813.60,0.00,-131.45,3.80,1,LQR平衡
15.92,183.80,0.00,38.58,-762.00,0.00,-144.96,3.80,1,LQR平衡
15.94,183.80,0.00,22.43,-766.80,0.00,-143.55,3.80,1,LQR平衡
15.96,183.78,0.00,5.45,-799.20,0.00,-132.84,3.78,1,LQR平衡
15.98,183.78,0.00,348.35,-767.40,0.00,-144.12,3.78,1,LQR平衡
16.00,183.78,0.00,331.94,-819.60,0.00,-130.18,3.78,1,LQR平衡
16.02,183.76,0.00,315.31,-808.20,0.00,-131.06,3.76,1,LQR平衡
16.04,183.76,0.00,299.44,-807.00,0.00,-131.24,3.76,1,LQR平衡
16.06,183.74,0.00,283.78,-763.20,0.00,-140.69,3.74,1,LQR平衡
16.08,183.74,-4.80,268.11,-802.80,0.00,-105.96,3.74,1,LQR平衡
16.10,183.74,0.00,252.31,-753.00,0.00,-143.13,3.74,1,LQR平衡
16.12,183.74,0.00,237.96,-773.40,0.00,-137.61,3.74,1,LQR平衡
16.14,183.76,0.00,221.75,-804.00,0.00,-131.38,3.76,1,LQR平衡
16.16,183.76,0.00,205.03,-823.20,0.00,-126.17,3.76,1,LQR平衡
16.18,183.76,0.00,188.83,-725.40,0.00,-151.89,3.76,1,LQR平衡
16.20,183.78,4.80,173.06,-774.00,0.00,-165.04,3.78,1,LQR平衡
16.22,183.78,5.40,156.09,-835.80,0.00,-151.57,3.78,1,LQR平衡
16.24,183.78,0.00,137.88,-888.60,0.00,-110.31,3.78,1,LQR平衡
16.26,183.80,0.00,120.34,-805.20,0.00,-134.22,3.80,1,LQR平衡
16.28,183.80,0.00,104.96,-772.80,0.00,-142.66,3.80,1,LQR平衡
16.30,183.80,0.00,89.14,-847.20,0.00,-122.85,3.80,1,LQR平衡
16.32,183.80,0.00,72.86,-798.00,0.00,-135.73,3.80,1,LQR平衡
16.34,183.80,0.00,57.41,-776.40,0.00,-141.31,3.80,1,LQR平衡
16.36,183.80,0.00,41.13,-774.60,0.00,-141.65,3.80,1,LQR平衡
16.38,183.80,0.00,24.48,-834.00,0.00,-125.80,3.80,1,LQR平衡
16.40,183.78,0.00,7.67,-753.00,0.00,-145.08,3.78,1,LQR平衡
16.42,183.78,0.00,351.74,-793.20,0.00,-137.33,3.78,1,LQR平衡
16.44,183.76,0.00,335.04,-770.40,0.00,-141.22,3.76,1,LQR平衡
16.46,183.76,0.00,318.30,-786.00,0.00,-136.95,3.76,1,LQR平衡
16.48,183.76,0.00,301.79,-785.40,0.00,-136.97,3.76,1,LQR平衡
16.50,183.74,0.00,285.62,-810.60,0.00,-128.17,3.74,1,LQR平衡
16.52,183.74,0.00,269.56,-784.80,0.00,-134.86,3.74,1,LQR平衡
16.54,183.74,0.00,254.11,-758.40,0.00,-141.71,3.74,1,LQR平衡
16.56,183.74,0.00,238.03,-838.80,0.00,-120.32,3.74,1,LQR平衡
16.58,183.76,5.40,221.31,-772.80,0.00,-166.77,3.76,1,LQR平衡
16.60,183.76,0.00,205.20,-862.80,0.00,-115.70,3.76,1,LQR平衡
16.62,183.76,0.00,187.25,-805.20,0.00,-130.78,3.76,1,LQR平衡
16.64,183.78,0.00,171.54,-736.20,0.00,-150.89,3.78,1,LQR平衡
16.66,183.78,4.80,155.87,-720.00,0.00,-179.17,3.78,1,LQR平衡
16.68,183.80,0.00,138.67,-885.00,0.00,-113.27,3.80,1,LQR平衡
16.70,183.80,0.00,119.75,-906.60,0.00,-107.40,3.80,1,LQR平衡
16.72,183.80,0.00,104.17,-739.80,0.00,-151.38,3.80,1,LQR平衡
16.74,183.80,0.00,89.63,-790.20,0.00,-137.93,3.80,1,LQR平衡
16.76,183.80,0.00,73.23,-844.80,0.00,-123.35,3.80,1,LQR平衡
16.78,183.80,0.00,56.76,-808.20,0.00,-132.89,3.80,1,LQR平衡
16.80,183.80,0.00,41.31,-752.40,0.00,-147.52,3.80,1,LQR平衡
16.82,183.78,0.00,25.33,-831.00,0.00,-124.60,3.78,1,LQR平衡
16.84,183.78,0.00,8.55,-789.00,0.00,-135.57,3.78,1,LQR平衡
16.86,183.78,0.00,352.57,-749.40,0.00,-148.92,3.78,1,LQR平衡
16.88,183.78,0.00,336.31,-775.20,0.00,-141.96,3.78,1,LQR平衡
16.90,183.76,0.60,319.13,-829.20,0.00,-128.55,3.76,1,LQR平衡
16.92,183.76,0.00,302.56,-760.80,0.00,-143.48,3.76,1,LQR平衡
16.94,183.76,4.20,286.63,-774.60,0.00,-160.81,3.76,1,LQR平衡
16.96,183.74,0.00,269.93,-846.00,0.00,-118.68,3.74,1,LQR平衡
16.98,183.74,0.00,252.36,-826.20,0.00,-123.77,3.74,1,LQR平衡
17.00,183.74,0.00,236.71,-790.20,0.00,-133.16,3.74,1,LQR平衡
17.02,183.74,0.00,221.35,-781.20,0.00,-135.41,3.74,1,LQR平衡
17.04,183.76,0.00,205.31,-813.60,0.00,-128.71,3.76,1,LQR平衡
17.06,183.76,0.00,188.90,-752.40,0.00,-144.75,3.76,1,LQR平衡
17.08,183.76,-5.40,173.03,-765.60,0.00,-113.99,3.76,1,LQR平衡
17.10,183.78,0.00,156.91,-728.40,0.00,-152.83,3.78,1,LQR平衡
17.12,183.78,0.00,142.08,-721.80,0.00,-154.45,3.78,1,LQR平衡
17.14,183.80,0.00,125.42,-813.00,0.00,-132.20,3.80,1,LQR平衡
17.16,183.80,0.00,107.82,-822.60,0.00,-129.51,3.80,1,LQR平衡
17.18,183.80,0.00,91.30,-783.60,0.00,-139.69,3.80,1,LQR平衡
17.20,183.80,0.00,75.41,-782.40,0.00,-139.87,3.80,1,LQR平衡
17.22,183.80,0.00,59.17,-809.40,0.00,-132.60,3.80,1,LQR平衡
17.24,183.80,0.00,42.50,-831.60,0.00,-126.59,3.80,1,LQR平衡
17.26,183.80,0.00,26.41,-768.00,0.00,-143.27,3.80,1,LQR平衡
17.28,183.78,0.00,10.31,-823.20,0.00,-126.54,3.78,1,LQR平衡
17.30,183.78,0.00,353.80,-794.40,0.00,-137.03,3.78,1,LQR平衡
17.32,183.76,0.00,337.94,-752.40,0.00,-146.00,3.76,1,LQR平衡
17.34,183.76,0.00,321.66,-778.80,0.00,-138.89,3.76,1,LQR平衡
17.36,183.76,0.00,304.98,-797.40,0.00,-133.83,3.76,1,LQR平衡
17.38,183.74,0.00,288.68,-744.60,0.00,-145.65,3.74,1,LQR平衡
17.40,183.74,0.00,272.55,-775.80,0.00,-137.27,3.74,1,LQR平衡
17.42,183.74,0.00,256.14,-783.00,0.00,-135.23,3.74,1,LQR平衡
17.44,183.74,5.40,239.61,-835.80,0.00,-148.27,3.74,1,LQR平衡
17.46,183.76,0.00,222.78,-829.80,0.00,-124.57,3.76,1,LQR平衡
17.48,183.76,0.00,205.44,-844.20,0.00,-120.62,3.76,1,LQR平衡
17.50,183.76,4.80,189.49,-730.20,0.00,-174.76,3.76,1,LQR平衡
17.52,183.78,0.00,173.61,-832.20,0.00,-125.53,3.78,1,LQR平衡
17.54,183.78,0.00,155.57,-793.20,0.00,-135.69,3.78,1,LQR平衡
17.56,183.80,0.00,139.77,-748.20,0.00,-149.45,3.80,1,LQR平衡
17.58,183.80,0.00,123.51,-758.40,0.00,-146.62,3.80,1,LQR平衡
17.60,183.80,0.00,106.24,-856.20,0.00,-120.62,3.80,1,LQR平衡
17.62,183.80,0.00,89.19,-808.80,0.00,-133.01,3.80,1,LQR平衡
17.64,183.80,0.00,73.74,-784.20,0.00,-139.38,3.80,1,LQR平衡
17.66,183.80,0.00,57.94,-807.00,0.00,-133.22,3.80,1,LQR平衡
17.68,183.80,4.80,41.59,-799.20,0.00,-159.27,3.80,1,LQR平衡
17.70,183.80,0.00,24.98,-845.40,0.00,-122.79,3.80,1,LQR平衡
17.72,183.78,-4.80,7.32,-793.80,0.00,-110.16,3.78,1,LQR平衡
17.74,183.78,0.00,351.39,-696.60,0.00,-162.87,3.78,1,LQR平衡
17.76,183.76,4.80,336.45,-745.20,0.00,-172.02,3.76,1,LQR平衡
17.78,183.76,0.00,318.76,-904.20,0.00,-105.70,3.76,1,LQR平衡
17.80,183.74,4.80,300.15,-843.00,0.00,-143.86,3.74,1,LQR平衡
17.82,183.74,0.00,285.03,-785.40,0.00,-134.83,3.74,1,LQR平衡
17.84,183.74,0.00,269.01,-802.20,0.00,-130.26,3.74,1,LQR平衡
17.86,183.74,0.00,253.30,-770.40,0.00,-138.53,3.74,1,LQR平衡
17.88,183.74,-4.80,237.46,-822.60,0.00,-100.47,3.74,1,LQR平衡
17.90,183.74,0.00,221.40,-724.80,0.00,-150.32,3.74,1,LQR平衡
17.92,183.74,0.00,206.98,-756.00,0.00,-141.95,3.74,1,LQR平衡
17.94,183.76,0.00,190.28,-828.00,0.00,-124.78,3.76,1,LQR平衡
17.96,183.76,0.00,173.69,-763.80,0.00,-141.61,3.76,1,LQR平衡
17.98,183.78,0.00,157.94,-747.00,0.00,-147.92,3.78,1,LQR平衡
18.00,183.78,0.00,141.86,-777.00,0.00,-139.86,3.78,1,LQR平衡
18.02,183.78,0.00,125.09,-780.60,0.00,-138.76,3.78,1,LQR平衡
18.04,183.80,0.00,108.39,-797.40,0.00,-136.18,3.80,1,LQR平衡
18.06,183.80,-5.40,91.67,-790.80,0.00,-110.64,3.80,1,LQR平衡
18.08,183.80,0.00,75.63,-740.40,0.00,-150.98,3.80,1,LQR平衡
18.10,183.80,0.00,60.64,-772.20,0.00,-142.45,3.80,1,LQR平衡
18.12,183.80,0.00,43.99,-882.60,0.00,-113.11,3.80,1,LQR平衡
18.14,183.80,0.00,27.29,-780.00,0.00,-140.10,3.80,1,LQR平衡
18.16,183.78,0.00,12.11,-800.40,0.00,-132.58,3.78,1,LQR平衡
18.18,183.76,-10.80,355.80,-816.00,0.00,-75.05,3.76,1,LQR平衡
18.20,183.76,-4.80,340.47,-698.40,0.00,-136.17,3.76,1,LQR平衡
18.22,183.76,0.00,328.84,-701.40,0.00,-159.41,3.76,1,LQR平衡
18.24,183.76,0.00,313.90,-853.20,0.00,-119.15,3.76,1,LQR平衡
18.26,183.74,0.00,296.98,-832.20,0.00,-122.56,3.74,1,LQR平衡
18.28,183.74,0.00,281.95,-757.80,0.00,-142.10,3.74,1,LQR平衡
18.30,183.74,0.00,267.03,-781.80,0.00,-135.63,3.74,1,LQR平衡
18.32,183.74,0.00,251.28,-813.00,0.00,-127.25,3.74,1,LQR平衡
18.34,183.74,0.00,235.11,-776.40,0.00,-136.79,3.74,1,LQR平衡
18.36,183.74,0.00,219.31,-781.80,0.00,-135.23,3.74,1,LQR平衡
18.38,183.76,0.00,202.87,-774.60,0.00,-139.00,3.76,1,LQR平衡
18.40,183.76,0.00,186.26,-775.20,0.00,-138.70,3.76,1,LQR平衡
18.42,183.76,0.00,169.78,-742.20,0.00,-147.29,3.76,1,LQR平衡
18.44,183.78,4.80,153.46,-792.00,0.00,-160.11,3.78,1,LQR平衡
18.46,183.78,0.00,136.36,-853.80,0.00,-119.50,3.78,1,LQR平衡
18.48,183.80,10.20,118.32,-876.60,0.00,-166.59,3.80,1,LQR平衡
18.50,183.80,0.00,101.89,-894.00,0.00,-110.58,3.80,1,LQR平衡
18.52,183.80,0.00,84.13,-848.40,0.00,-122.49,3.80,1,LQR平衡
18.54,183.80,0.00,69.13,-724.20,0.00,-155.21,3.80,1,LQR平衡
18.56,183.80,0.00,53.88,-797.40,0.00,-135.73,3.80,1,LQR平衡
18.58,183.80,0.00,36.87,-816.60,0.00,-130.51,3.80,1,LQR平衡
18.60,183.78,0.00,20.35,-784.20,0.00,-136.93,3.78,1,LQR平衡
18.62,183.78,0.00,4.22,-747.00,0.00,-146.63,3.78,1,LQR平衡
18.64,183.76,0.00,347.59,-821.40,0.00,-127.84,3.76,1,LQR平衡
18.66,183.76,0.00,330.45,-825.00,0.00,-126.74,3.76,1,LQR平衡
18.68,183.76,0.00,314.74,-775.80,0.00,-139.62,3.76,1,LQR平衡
18.70,183.74,0.00,299.42,-787.80,0.00,-134.32,3.74,1,LQR平衡
18.72,183.74,0.00,283.47,-792.00,0.00,-133.07,3.74,1,LQR平衡
18.74,183.74,0.00,267.60,-790.80,0.00,-133.26,3.74,1,LQR平衡
18.76,183.74,-4.80,251.96,-784.80,0.00,-110.59,3.74,1,LQR平衡
18.78,183.74,0.00,236.32,-744.00,0.00,-145.37,3.74,1,LQR平衡
18.80,183.74,0.00,221.57,-762.60,0.00,-140.33,3.74,1,LQR平衡
18.82,183.74,0.00,205.14,-817.80,0.00,-125.60,3.74,1,LQR平衡
18.84,183.76,0.00,188.42,-760.80,0.00,-142.53,3.76,1,LQR平衡
18.86,183.76,0.00,172.51,-751.80,0.00,-144.77,3.76,1,LQR平衡
18.88,183.78,0.00,156.03,-760.20,0.00,-144.42,3.78,1,LQR平衡
18.90,183.78,0.00,139.37,-770.40,0.00,-141.58,3.78,1,LQR平衡
18.92,183.80,0.00,122.61,-813.00,0.00,-132.18,3.80,1,LQR平衡
18.94,183.78,0.00,105.67,-804.60,0.00,-132.25,3.78,1,LQR平衡
18.96,183.80,0.00,89.38,-825.60,0.00,-128.57,3.80,1,LQR平衡
18.98,183.80,0.00,73.41,-772.80,0.00,-142.39,3.80,1,LQR平衡
19.00,183.80,0.00,57.70,-816.60,0.00,-130.68,3.80,1,LQR平衡
19.02,183.80,0.00,41.35,-772.20,0.00,-142.28,3.80,1,LQR平衡
19.04,183.80,0.00,25.11,-828.60,0.00,-127.23,3.80,1,LQR平衡
19.06,183.78,0.00,8.35,-732.00,0.00,-150.64,3.78,1,LQR平衡
19.08,183.76,-5.40,352.05,-794.40,0.00,-107.87,3.76,1,LQR平衡
19.10,183.76,0.00,335.50,-717.00,0.00,-155.34,3.76,1,LQR平衡
19.12,183.76,0.00,320.16,-749.40,0.00,-146.65,3.76,1,LQR平衡
19.14,183.74,0.00,303.38,-801.60,0.00,-130.70,3.74,1,LQR平衡
19.16,183.74,0.00,286.52,-790.80,0.00,-133.42,3.74,1,LQR平衡
19.18,183.74,0.00,270.57,-771.00,0.00,-138.52,3.74,1,LQR平衡
19.20,183.74,0.00,254.95,-793.80,0.00,-132.36,3.74,1,LQR平衡
19.22,183.74,-4.80,238.80,-793.20,0.00,-108.26,3.74,1,LQR平衡
19.24,183.74,0.00,222.74,-742.80,0.00,-145.57,3.74,1,LQR平衡
19.26,183.74,0.00,208.15,-775.20,0.00,-136.89,3.74,1,LQR平衡
19.28,183.76,0.00,191.54,-860.40,0.00,-116.22,3.76,1,LQR平衡
19.30,183.76,0.00,175.30,-787.20,0.00,-135.44,3.76,1,LQR平衡
19.32,183.78,0.00,160.55,-803.40,0.00,-133.03,3.78,1,LQR平衡
19.34,183.78,0.00,145.28,-823.80,0.00,-127.51,3.78,1,LQR平衡
19.36,183.78,0.00,129.68,-828.60,0.00,-126.11,3.78,1,LQR平衡
19.38,183.80,0.00,114.30,-816.60,0.00,-131.15,3.80,1,LQR平衡
19.40,183.80,0.00,99.07,-823.80,0.00,-129.12,3.80,1,LQR平衡
19.42,183.80,0.00,83.52,-795.60,0.00,-136.45,3.80,1,LQR平衡
19.44,183.80,0.00,68.25,-805.20,0.00,-133.78,3.80,1,LQR平衡
19.46,183.80,0.00,52.29,-763.20,0.00,-144.75,3.80,1,LQR平衡
19.48,183.80,0.00,36.08,-818.40,0.00,-130.02,3.80,1,LQR平衡
19.50,183.78,-4.80,19.31,-816.00,0.00,-104.39,3.78,1,LQR平衡
19.52,183.78,0.00,3.54,-743.40,0.00,-147.58,3.78,1,LQR平衡
19.54,183.76,0.00,349.12,-685.80,0.00,-163.71,3.76,1,LQR平衡
19.56,183.76,0.00,332.53,-860.40,0.00,-117.40,3.76,1,LQR平衡
19.58,183.76,0.00,314.34,-827.40,0.00,-125.97,3.76,1,LQR平衡
19.60,183.74,0.00,299.09,-775.80,0.00,-137.49,3.74,1,LQR平衡
19.62,183.74,0.00,284.06,-756.60,0.00,-142.44,3.74,1,LQR平衡
19.64,183.74,0.00,268.26,-829.20,0.00,-123.11,3.74,1,LQR平衡
19.66,183.74,0.00,252.38,-768.00,0.00,-139.16,3.74,1,LQR平衡
19.68,183.74,5.40,236.51,-820.80,0.00,-152.21,3.74,1,LQR平衡
19.70,183.74,0.00,219.92,-838.20,0.00,-120.33,3.74,1,LQR平衡
19.72,183.76,0.00,202.35,-826.80,0.00,-125.19,3.76,1,LQR平衡
19.74,183.76,0.00,186.61,-685.20,0.00,-162.50,3.76,1,LQR平衡
19.76,183.78,10.20,170.93,-781.20,0.00,-190.26,3.78,1,LQR平衡
19.78,183.78,-4.80,152.80,-936.00,0.00,-73.78,3.78,1,LQR平衡
19.80,183.78,0.00,133.37,-861.60,0.00,-117.41,3.78,1,LQR平衡
19.82,183.78,0.00,120.15,-668.40,0.00,-168.39,3.78,1,LQR平衡
19.84,183.80,0.00,105.95,-799.20,0.00,-135.69,3.80,1,LQR平衡
19.86,183.80,10.20,88.02,-869.40,0.00,-168.24,3.80,1,LQR平衡
19.88,183.80,0.00,70.99,-909.00,0.00,-106.36,3.80,1,LQR平衡
19.90,183.80,0.00,52.71,-784.20,0.00,-139.21,3.80,1,LQR平衡
19.92,183.80,0.00,37.62,-741.60,0.00,-150.34,3.80,1,LQR平衡
19.94,183.78,0.00,21.34,-793.80,0.00,-134.40,3.78,1,LQR平衡
19.96,183.78,0.00,3.98,-843.60,0.00,-121.09,3.78,1,LQR平衡
19.98,183.78,0.00,347.50,-768.60,0.00,-143.80,3.78,1,LQR平衡
20.00,183.76,0.00,332.07,-790.80,0.00,-135.80,3.76,1,LQR平衡
20.02,183.76,0.00,315.83,-802.80,0.00,-132.49,3.76,1,LQR平衡
20.04,183.74,0.00,299.75,-804.60,0.00,-129.88,3.74,1,LQR平衡
20.06,183.74,0.00,284.33,-744.00,0.00,-145.77,3.74,1,LQR平衡
20.08,183.74,0.00,268.64,-811.20,0.00,-127.87,3.74,1,LQR平衡
20.10,183.74,0.00,252.20,-774.60,0.00,-137.41,3.74,1,LQR平衡
20.12,183.71,0.00,236.36,-835.20,0.00,-119.26,3.71,1,LQR平衡
20.14,183.74,0.00,220.19,-759.00,0.00,-141.27,3.74,1,LQR平衡
20.16,183.74,0.00,204.59,-799.80,0.00,-130.35,3.74,1,LQR平衡
20.18,183.76,0.00,188.06,-718.20,0.00,-153.79,3.76,1,LQR平衡
20.20,183.76,0.00,171.76,-805.20,0.00,-130.65,3.76,1,LQR平衡
20.22,183.78,0.00,154.95,-762.00,0.00,-143.93,3.78,1,LQR平衡
20.24,183.78,0.00,138.91,-786.60,0.00,-137.29,3.78,1,LQR平衡
20.26,183.78,0.00,122.23,-765.00,0.00,-142.86,3.78,1,LQR平衡
20.28,183.80,0.00,105.56,-834.60,0.00,-126.32,3.80,1,LQR平衡
20.30,183.80,0.00,88.79,-831.00,0.00,-127.13,3.80,1,LQR平衡
20.32,183.80,0.00,73.23,-793.20,0.00,-137.00,3.80,1,LQR平衡
20.34,183.80,0.00,57.74,-793.20,0.00,-136.87,3.80,1,LQR平衡
20.36,183.78,0.00,41.48,-804.60,0.00,-131.72,3.78,1,LQR平衡
20.38,183.78,-10.80,25.25,-780.00,0.00,-83.80,3.78,1,LQR平衡
20.40,183.78,0.00,9.84,-689.40,0.00,-161.91,3.78,1,LQR平衡
20.42,183.78,0.00,356.64,-808.80,0.00,-133.25,3.78,1,LQR平衡
20.44,183.76,0.00,340.00,-875.40,0.00,-113.50,3.76,1,LQR平衡
20.46,183.74,-0.60,323.94,-748.20,0.00,-141.98,3.74,1,LQR平衡
20.48,183.74,0.00,309.35,-802.20,0.00,-130.59,3.74,1,LQR平衡
20.50,183.74,0.00,293.62,-831.60,0.00,-122.69,3.74,1,LQR平衡
20.52,183.74,0.00,278.22,-789.00,0.00,-133.82,3.74,1,LQR平衡
20.54,183.74,0.00,263.45,-756.60,0.00,-142.27,3.74,1,LQR平衡
20.56,183.71,-0.60,248.09,-823.20,0.00,-119.51,3.71,1,LQR平衡
20.58,183.74,0.00,231.77,-785.40,0.00,-134.39,3.74,1,LQR平衡
20.60,183.74,0.00,216.32,-768.60,0.00,-138.70,3.74,1,LQR平衡
20.62,183.76,0.00,200.04,-801.60,0.00,-131.84,3.76,1,LQR平衡
20.64,183.76,0.00,183.60,-807.60,0.00,-130.11,3.76,1,LQR平衡
20.66,183.76,0.00,167.74,-751.20,0.00,-144.89,3.76,1,LQR平衡
20.68,183.78,0.00,152.18,-767.40,0.00,-142.48,3.78,1,LQR平衡
20.70,183.78,0.00,135.77,-820.80,0.00,-128.22,3.78,1,LQR平衡
20.72,183.78,0.00,119.09,-846.60,0.00,-121.26,3.78,1,LQR平衡
20.74,183.80,0.00,103.38,-763.20,0.00,-145.18,3.80,1,LQR平衡
20.76,183.80,0.00,87.91,-833.40,0.00,-126.49,3.80,1,LQR平衡
20.78,183.80,0.00,71.74,-804.60,0.00,-133.97,3.80,1,LQR平衡
20.80,183.80,0.00,55.79,-811.80,0.00,-131.93,3.80,1,LQR平衡
20.82,183.78,-4.80,40.12,-783.60,0.00,-113.13,3.78,1,LQR平衡
20.84,183.78,0.00,24.37,-740.40,0.00,-148.55,3.78,1,LQR平衡
20.86,183.78,0.00,9.27,-734.40,0.00,-150.01,3.78,1,LQR平衡
20.88,183.76,0.00,352.53,-819.60,0.00,-128.36,3.76,1,LQR平衡
20.90,183.76,0.00,335.37,-775.20,0.00,-139.95,3.76,1,LQR平衡
20.92,183.76,0.00,318.91,-796.20,0.00,-134.26,3.76,1,LQR平衡
20.94,183.74,0.00,302.72,-739.20,0.00,-147.20,3.74,1,LQR平衡
20.96,183.74,-5.40,286.57,-804.60,0.00,-102.63,3.74,1,LQR平衡
20.98,183.71,-4.80,270.40,-721.80,0.00,-125.40,3.71,1,LQR平衡
21.00,183.74,0.00,256.38,-701.40,0.00,-156.80,3.74,1,LQR平衡
21.02,183.74,0.00,241.44,-826.20,0.00,-123.68,3.74,1,LQR平衡
21.04,183.74,0.00,224.21,-853.20,0.00,-116.40,3.74,1,LQR平衡
21.06,183.74,-4.80,208.34,-796.80,0.00,-107.05,3.74,1,LQR平衡
21.08,183.76,0.00,193.40,-735.00,0.00,-149.39,3.76,1,LQR平衡
21.10,183.76,0.00,179.58,-845.40,0.00,-120.08,3.76,1,LQR平衡
21.12,183.76,0.00,163.65,-860.40,0.00,-115.98,3.76,1,LQR平衡
21.14,183.78,4.80,149.17,-808.20,0.00,-155.79,3.78,1,LQR平衡
21.16,183.78,0.00,134.54,-821.40,0.00,-128.05,3.78,1,LQR平衡
21.18,183.80,4.80,117.55,-850.20,0.00,-146.42,3.80,1,LQR平衡
21.20,183.80,0.00,101.34,-875.40,0.00,-115.50,3.80,1,LQR平衡
21.22,183.80,0.00,84.81,-784.20,0.00,-139.47,3.80,1,LQR平衡
21.24,183.80,0.00,69.68,-802.80,0.00,-134.43,3.80,1,LQR平衡
21.26,183.80,0.00,53.53,-766.80,0.00,-143.81,3.80,1,LQR平衡
21.28,183.80,0.00,37.35,-797.40,0.00,-135.59,3.80,1,LQR平衡
21.30,183.78,0.00,20.70,-796.20,0.00,-133.76,3.78,1,LQR平衡
21.32,183.78,0.00,4.11,-816.00,0.00,-128.39,3.78,1,LQR平衡
21.34,183.76,-4.80,347.83,-776.40,0.00,-115.61,3.76,1,LQR平衡
21.36,183.76,0.00,332.14,-729.60,0.00,-151.98,3.76,1,LQR平衡
21.38,183.76,0.00,317.31,-730.80,0.00,-151.54,3.76,1,LQR平衡
21.40,183.74,0.00,300.61,-879.60,0.00,-110.05,3.74,1,LQR平衡
21.42,183.74,0.00,283.54,-775.80,0.00,-137.36,3.74,1,LQR平衡
21.44,183.74,5.40,268.73,-764.40,0.00,-167.39,3.74,1,LQR平衡
21.46,183.74,0.00,252.88,-837.60,0.00,-120.76,3.74,1,LQR平衡
21.48,183.74,0.00,234.60,-858.00,0.00,-115.21,3.74,1,LQR平衡
21.50,183.74,0.00,218.78,-725.40,0.00,-150.14,3.74,1,LQR平衡
21.52,183.74,0.00,203.36,-794.40,0.00,-131.77,3.74,1,LQR平衡
21.54,183.76,10.20,186.61,-753.60,0.00,-195.69,3.76,1,LQR平衡
21.56,183.76,-4.80,169.65,-900.00,0.00,-81.44,3.76,1,LQR平衡
21.58,183.78,0.00,150.69,-827.40,0.00,-126.60,3.78,1,LQR平衡
21.60,183.78,0.00,137.09,-636.60,0.00,-176.94,3.78,1,LQR平衡
21.62,183.78,0.00,122.37,-799.80,0.00,-133.66,3.78,1,LQR平衡
21.64,183.80,0.00,103.84,-922.80,0.00,-102.99,3.80,1,LQR平衡
21.66,183.80,0.00,87.21,-784.80,0.00,-139.34,3.80,1,LQR平衡
21.68,183.80,4.80,72.95,-729.00,0.00,-178.10,3.80,1,LQR平衡
21.70,183.80,0.00,56.71,-925.20,0.00,-101.96,3.80,1,LQR平衡
21.72,183.80,0.00,38.30,-814.20,0.00,-131.15,3.80,1,LQR平衡
21.74,183.78,0.00,23.16,-706.20,0.00,-157.58,3.78,1,LQR平衡
21.76,183.78,0.00,7.05,-799.80,0.00,-132.70,3.78,1,LQR平衡
21.78,183.78,4.80,349.48,-793.80,0.00,-161.28,3.78,1,LQR平衡
21.80,183.76,0.00,332.62,-852.00,0.00,-119.62,3.76,1,LQR平衡
21.82,183.76,0.00,314.85,-832.80,0.00,-124.55,3.76,1,LQR平衡
21.84,183.74,0.00,299.27,-779.40,0.00,-136.54,3.74,1,LQR平衡
21.86,183.74,0.00,284.33,-728.40,0.00,-149.90,3.74,1,LQR平衡
21.88,183.74,0.00,268.42,-851.40,0.00,-117.24,3.74,1,LQR平衡
21.90,183.71,-5.40,251.89,-794.40,0.00,-103.03,3.71,1,LQR平衡
21.92,183.74,0.00,236.87,-739.80,0.00,-146.49,3.74,1,LQR平衡
21.94,183.74,0.00,222.76,-728.40,0.00,-149.38,3.74,1,LQR平衡
21.96,183.74,-4.80,206.50,-871.20,0.00,-87.36,3.74,1,LQR平衡
21.98,183.76,4.80,189.43,-691.80,0.00,-184.91,3.76,1,LQR平衡
22.00,183.76,4.80,175.56,-808.80,0.00,-153.86,3.76,1,LQR平衡
22.02,183.78,0.00,157.37,-889.80,0.00,-110.16,3.78,1,LQR平衡
22.04,183.78,0.00,139.86,-769.20,0.00,-141.90,3.78,1,LQR平衡
22.06,183.80,0.00,124.94,-711.60,0.00,-159.01,3.80,1,LQR平衡
22.08,183.80,4.80,108.39,-822.00,0.00,-153.80,3.80,1,LQR平衡
22.10,183.80,0.00,90.37,-908.40,0.00,-106.68,3.80,1,LQR平衡
22.12,183.80,-4.80,72.82,-819.00,0.00,-106.04,3.80,1,LQR平衡
22.14,183.80,0.00,58.12,-714.60,0.00,-157.65,3.80,1,LQR平衡
22.16,183.80,-4.80,43.99,-769.80,0.00,-118.81,3.80,1,LQR平衡
22.18,183.78,0.00,27.11,-780.60,0.00,-137.94,3.78,1,LQR平衡
22.20,183.78,0.00,11.29,-810.00,0.00,-130.04,3.78,1,LQR平衡
22.22,183.78,0.00,355.03,-808.20,0.00,-133.39,3.78,1,LQR平衡
22.24,183.76,0.00,339.08,-823.20,0.00,-127.29,3.76,1,LQR平衡
22.26,183.76,0.00,323.35,-773.40,0.00,-140.33,3.76,1,LQR平衡
22.28,183.74,0.00,307.99,-806.40,0.00,-129.47,3.74,1,LQR平衡
22.30,183.74,5.40,291.82,-784.20,0.00,-162.35,3.74,1,LQR平衡
22.32,183.74,0.00,276.09,-848.40,0.00,-118.10,3.74,1,LQR平衡
22.34,183.74,0.00,258.93,-816.60,0.00,-126.36,3.74,1,LQR平衡
22.36,183.74,0.00,243.68,-801.60,0.00,-130.20,3.74,1,LQR平衡
22.38,183.74,0.00,228.32,-816.60,0.00,-126.11,3.74,1,LQR平衡
22.40,183.74,0.00,212.63,-789.00,0.00,-133.27,3.74,1,LQR平衡
22.42,183.76,0.00,197.07,-868.80,0.00,-114.04,3.76,1,LQR平衡
22.44,183.76,0.00,181.65,-798.60,0.00,-132.48,3.76,1,LQR平衡
22.46,183.76,0.00,167.30,-706.80,0.00,-156.63,3.76,1,LQR平衡
22.48,183.78,0.00,151.88,-783.60,0.00,-138.19,3.78,1,LQR平衡
22.50,183.78,0.00,134.78,-867.00,0.00,-116.00,3.78,1,LQR平衡
22.52,183.78,0.00,118.28,-813.60,0.00,-129.98,3.78,1,LQR平衡
22.54,183.78,0.00,103.01,-789.60,0.00,-136.20,3.78,1,LQR平衡
22.56,183.78,0.00,87.41,-831.60,0.00,-124.96,3.78,1,LQR平衡
22.58,183.78,0.00,71.76,-788.40,0.00,-136.25,3.78,1,LQR平衡
22.60,183.74,-5.40,56.38,-789.00,0.00,-104.82,3.74,1,LQR平衡
22.62,183.69,0.00,40.96,-723.00,0.00,-145.29,3.69,1,LQR平衡
22.64,183.65,0.00,26.46,-781.20,0.00,-125.77,3.65,1,LQR平衡
22.66,183.65,0.00,10.13,-765.00,0.00,-129.92,3.65,1,LQR平衡
22.68,183.63,0.00,354.46,-752.40,0.00,-134.14,3.63,1,LQR平衡
22.70,183.60,-4.80,338.75,-802.20,0.00,-94.71,3.60,1,LQR平衡
22.72,183.58,0.00,323.28,-722.40,0.00,-137.81,3.58,1,LQR平衡
22.74,183.56,-4.80,310.01,-757.80,0.00,-102.21,3.56,1,LQR平衡
22.76,183.54,0.00,295.60,-766.80,0.00,-121.83,3.54,1,LQR平衡
22.78,183.54,-4.80,282.66,-676.20,0.00,-121.55,3.54,1,LQR平衡
22.80,183.52,0.00,268.77,-708.00,0.00,-135.16,3.52,1,LQR平衡
22.82,183.52,0.00,254.60,-733.20,0.00,-128.37,3.52,1,LQR平衡
22.84,183.49,0.00,239.02,-796.80,0.00,-109.42,3.49,1,LQR平衡
22.86,183.49,0.00,223.66,-762.00,0.00,-118.50,3.49,1,LQR平衡
22.88,183.49,0.00,209.31,-737.40,0.00,-124.88,3.49,1,LQR平衡
22.90,183.49,0.00,194.83,-804.00,0.00,-107.15,3.49,1,LQR平衡
22.92,183.52,0.00,180.35,-792.60,0.00,-112.04,3.52,1,LQR平衡
22.94,183.52,0.00,167.23,-666.60,0.00,-145.25,3.52,1,LQR平衡
22.96,183.52,0.00,153.65,-668.40,0.00,-144.66,3.52,1,LQR平衡
22.98,183.54,0.00,137.79,-788.40,0.00,-114.80,3.54,1,LQR平衡
23.00,183.54,0.00,121.44,-766.80,0.00,-120.37,3.54,1,LQR平衡
23.02,183.54,-4.80,106.70,-718.20,0.00,-108.97,3.54,1,LQR平衡
23.04,183.54,0.00,92.07,-658.80,0.00,-148.68,3.54,1,LQR平衡
23.06,183.54,0.00,78.11,-736.80,0.00,-127.94,3.54,1,LQR平衡
23.08,183.56,0.00,62.05,-804.60,0.00,-111.88,3.56,1,LQR平衡
23.10,183.56,0.00,46.56,-748.20,0.00,-126.67,3.56,1,LQR平衡
23.12,183.56,0.00,32.21,-780.60,0.00,-117.98,3.56,1,LQR平衡
23.14,183.56,0.00,17.51,-789.60,0.00,-115.48,3.56,1,LQR平衡
23.16,183.56,0.00,3.08,-747.60,0.00,-126.46,3.56,1,LQR平衡
23.18,183.56,0.00,348.93,-678.60,0.00,-147.60,3.56,1,LQR平衡
23.20,183.56,0.00,333.76,-749.40,0.00,-128.75,3.56,1,LQR平衡
23.22,183.56,0.00,317.13,-779.40,0.00,-120.68,3.56,1,LQR平衡
23.24,183.56,0.00,301.42,-756.00,0.00,-126.74,3.56,1,LQR平衡
23.26,183.58,0.00,286.70,-699.00,0.00,-143.69,3.58,1,LQR平衡
23.28,183.58,0.00,271.78,-729.60,0.00,-135.47,3.58,1,LQR平衡
23.30,183.60,0.00,255.74,-786.60,0.00,-122.27,3.60,1,LQR平衡
23.32,183.63,0.00,239.77,-756.00,0.00,-132.22,3.63,1,LQR平衡
23.34,183.67,0.00,224.01,-798.60,0.00,-124.83,3.67,1,LQR平衡
23.36,183.69,0.00,208.26,-820.20,0.00,-120.99,3.69,1,LQR平衡
23.38,183.74,10.80,192.44,-745.20,0.00,-198.97,3.74,1,LQR平衡
23.40,183.80,0.00,176.75,-967.20,0.00,-91.86,3.80,1,LQR平衡
23.42,183.87,4.80,157.54,-837.00,0.00,-156.25,3.87,1,LQR平衡
23.44,183.93,0.60,142.51,-731.40,0.00,-168.94,3.93,1,LQR平衡
23.46,183.98,0.00,125.75,-881.40,0.00,-130.12,3.98,1,LQR平衡
23.48,184.00,-5.40,107.09,-887.40,0.00,-103.24,4.00,1,LQR平衡
23.50,184.00,0.00,90.70,-736.80,0.00,-170.06,4.00,1,LQR平衡
23.52,184.02,5.40,75.96,-780.60,0.00,-187.50,4.02,1,LQR平衡
23.54,184.02,0.00,57.41,-1023.00,0.00,-96.11,4.02,1,LQR平衡
23.56,184.02,0.00,37.92,-822.00,0.00,-149.09,4.02,1,LQR平衡
23.58,184.02,0.00,22.48,-748.80,0.00,-168.32,4.02,1,LQR平衡
23.60,184.04,0.00,5.52,-865.80,0.00,-139.24,4.04,1,LQR平衡
23.62,184.04,0.00,346.64,-915.00,0.00,-129.09,4.04,1,LQR平衡
23.64,184.09,0.60,329.19,-828.60,0.00,-158.81,4.09,1,LQR平衡
23.66,184.31,24.00,312.74,-912.60,0.00,-274.09,4.31,1,LQR平衡
23.68,186.88,105.60,293.38,-1206.00,0.00,-840.59,6.88,1,LQR平衡
23.70,187.84,33.60,260.20,-2610.60,0.00,-195.03,7.84,1,LQR平衡
23.72,188.28,22.20,189.49,-3302.40,0.00,5.77,8.28,1,LQR平衡
23.74,188.59,11.40,147.99,-1194.60,0.00,-524.94,8.59,1,LQR平衡
23.76,188.81,16.20,131.46,-1309.80,0.00,-538.48,8.81,1,LQR平衡
23.78,188.94,0.00,86.79,-2766.00,0.00,-83.63,8.94,1,LQR平衡
23.80,188.92,-4.80,32.85,-2147.40,0.00,-220.62,8.92,1,LQR平衡
23.82,188.88,-0.60,3.82,-1216.20,0.00,-483.71,8.88,1,LQR平衡
23.84,188.85,0.00,335.02,-1864.20,0.00,-316.16,8.85,1,LQR平衡
23.86,188.85,0.00,290.28,-2272.80,0.00,-207.74,8.85,1,LQR平衡
23.88,188.92,10.80,251.08,-1635.60,0.00,-436.19,8.92,1,LQR平衡
23.90,189.16,22.20,218.03,-1891.20,0.00,-447.64,9.16,1,LQR平衡
23.92,189.45,11.40,172.18,-2437.20,0.00,-274.61,9.45,1,LQR平衡
23.94,189.58,0.00,123.75,-2166.00,0.00,-300.61,9.58,1,LQR平衡
23.96,189.56,0.00,84.66,-1861.80,0.00,-378.72,9.56,1,LQR平衡
23.98,189.32,-12.00,47.15,-2044.20,0.00,-247.85,9.32,1,LQR平衡
24.00,189.05,-10.20,5.71,-1858.80,0.00,-281.56,9.05,1,LQR平衡
24.02,188.85,-6.00,330.93,-1704.60,0.00,-328.17,8.85,1,LQR平衡
24.04,188.53,-23.40,297.03,-1746.00,0.00,-199.46,8.53,1,LQR平衡
24.06,187.69,-31.20,261.94,-1580.40,0.00,-127.72,7.69,1,LQR平衡
24.08,187.51,-10.20,234.76,-1110.00,0.00,-341.43,7.51,1,LQR平衡
24.10,187.47,0.00,212.43,-1413.60,0.00,-308.24,7.47,1,LQR平衡
24.12,187.45,-10.20,178.46,-1852.20,0.00,-138.71,7.45,1,LQR平衡
24.14,187.45,0.00,144.36,-1423.80,0.00,-302.97,7.45,1,LQR平衡
24.16,187.43,0.00,120.26,-1385.40,0.00,-310.92,7.43,1,LQR平衡
24.18,187.43,-5.40,88.92,-1704.60,0.00,-199.11,7.43,1,LQR平衡
24.20,187.43,-10.20,55.20,-1555.80,0.00,-214.05,7.43,1,LQR平衡
24.22,187.40,0.00,26.94,-1337.40,0.00,-320.83,7.40,1,LQR平衡
24.24,187.38,0.00,359.45,-1655.40,0.00,-237.53,7.38,1,LQR平衡
24.26,187.36,0.00,325.39,-1678.80,0.00,-229.05,7.36,1,LQR平衡
24.28,187.34,0.00,295.36,-1432.20,0.00,-292.01,7.34,1,LQR平衡
24.30,187.34,5.40,266.53,-1521.60,0.00,-295.27,7.34,1,LQR平衡
24.32,187.29,-4.80,234.49,-1686.00,0.00,-196.26,7.29,1,LQR平衡
24.34,187.27,0.00,200.59,-1550.40,0.00,-253.96,7.27,1,LQR平衡
24.36,187.25,-4.80,171.87,-1434.60,0.00,-258.21,7.25,1,LQR平衡
24.38,187.25,0.00,142.98,-1510.80,0.00,-261.95,7.25,1,LQR平衡
24.40,187.25,0.00,113.05,-1536.60,0.00,-254.87,7.25,1,LQR平衡
24.42,187.25,0.00,82.64,-1539.60,0.00,-253.82,7.25,1,LQR平衡
24.44,187.23,0.00,52.36,-1481.40,0.00,-266.96,7.23,1,LQR平衡
24.46,187.21,0.00,21.56,-1564.80,0.00,-242.65,7.21,1,LQR平衡
24.48,187.16,-10.20,349.76,-1491.60,0.00,-209.48,7.16,1,LQR平衡
24.50,187.10,-5.40,319.94,-1363.20,0.00,-261.31,7.10,1,LQR平衡
24.52,187.03,-4.80,293.03,-1411.20,0.00,-245.40,7.03,1,LQR平衡
24.54,187.01,0.00,264.31,-1470.60,0.00,-251.58,7.01,1,LQR平衡
24.56,187.01,-4.80,234.95,-1459.80,0.00,-230.07,7.01,1,LQR平衡
24.58,187.01,0.00,204.98,-1495.20,0.00,-244.58,7.01,1,LQR平衡
24.60,187.03,0.00,175.74,-1481.40,0.00,-249.99,7.03,1,LQR平衡
24.62,187.03,5.40,146.89,-1507.20,0.00,-270.07,7.03,1,LQR平衡
24.64,186.99,0.00,117.82,-1497.60,0.00,-241.22,6.99,1,LQR平衡
24.66,186.94,0.00,86.75,-1551.60,0.00,-222.68,6.94,1,LQR平衡
24.68,186.92,0.00,57.30,-1411.20,0.00,-257.55,6.92,1,LQR平衡
24.70,186.92,0.00,29.14,-1497.00,0.00,-234.63,6.92,1,LQR平衡
24.72,186.90,0.00,359.25,-1515.60,0.00,-230.48,6.90,1,LQR平衡
24.74,186.86,0.00,330.51,-1449.60,0.00,-243.69,6.86,1,LQR平衡
24.76,185.84,-194.40,302.56,-1347.60,0.00,798.77,5.84,1,LQR平衡
24.78,183.08,-93.00,279.36,-232.80,0.00,246.59,3.08,1,LQR平衡
24.80,182.00,-30.00,317.07,2512.80,0.00,-698.35,2.00,1,LQR平衡
24.82,181.60,-15.60,353.58,602.40,0.00,-229.88,1.60,1,LQR平衡
24.84,181.56,0.00,324.80,-2148.60,0.00,423.36,1.56,1,LQR平衡
24.86,181.63,10.20,296.19,-355.20,0.00,-107.88,1.63,1,LQR平衡
24.88,181.71,10.20,308.34,548.40,0.00,-354.91,1.71,1,LQR平衡
24.90,181.78,0.00,306.34,-671.40,0.00,12.91,1.78,1,LQR平衡
24.92,181.80,0.00,285.25,-768.60,0.00,36.78,1.80,1,LQR平衡
24.94,181.80,0.00,278.42,-56.40,0.00,-151.48,1.80,1,LQR平衡
24.96,181.82,4.80,277.14,-240.00,0.00,-129.05,1.82,1,LQR平衡
24.98,181.82,0.00,266.84,-683.40,0.00,12.41,1.82,1,LQR平衡
25.00,181.85,0.00,254.49,-411.00,0.00,-61.51,1.85,1,LQR平衡
25.02,181.87,0.00,249.59,-261.00,0.00,-103.14,1.87,1,LQR平衡
25.04,181.93,5.40,242.58,-442.80,0.00,-88.15,1.93,1,LQR平衡
25.06,181.98,0.00,232.45,-521.40,0.00,-44.14,1.98,1,LQR平衡
25.08,182.00,5.40,222.19,-418.20,0.00,-100.49,2.00,1,LQR平衡
25.10,182.02,0.00,214.78,-498.60,0.00,-54.02,2.02,1,LQR平衡
25.12,182.04,0.00,204.61,-395.40,0.00,-83.23,2.04,1,LQR平衡
25.14,182.04,4.80,196.35,-546.00,0.00,-67.47,2.04,1,LQR平衡
25.16,182.07,0.00,187.58,-344.40,0.00,-98.57,2.07,1,LQR平衡
25.18,182.09,5.40,178.15,-579.00,0.00,-65.60,2.09,1,LQR平衡
25.20,182.15,5.40,168.86,-431.40,0.00,-110.56,2.15,1,LQR平衡
25.22,182.18,0.00,158.86,-465.60,0.00,-76.29,2.18,1,LQR平衡
25.24,182.15,0.00,148.12,-631.20,0.00,-30.41,2.15,1,LQR平衡
25.26,182.18,0.00,139.44,-326.40,0.00,-112.93,2.18,1,LQR平衡
25.28,182.18,0.00,131.84,-504.60,0.00,-65.75,2.18,1,LQR平衡
25.30,182.18,0.00,122.43,-469.80,0.00,-74.87,2.18,1,LQR平衡
25.32,182.18,0.00,112.65,-436.80,0.00,-83.51,2.18,1,LQR平衡
25.34,182.18,0.00,104.30,-511.80,0.00,-63.61,2.18,1,LQR平衡
25.36,182.18,0.00,94.68,-367.20,0.00,-101.77,2.18,1,LQR平衡
25.38,182.18,0.00,85.65,-529.20,0.00,-58.86,2.18,1,LQR平衡
25.40,182.18,0.00,75.65,-454.80,0.00,-78.45,2.18,1,LQR平衡
25.42,182.20,0.00,67.06,-441.00,0.00,-84.02,2.20,1,LQR平衡
25.44,182.22,0.00,57.90,-492.60,0.00,-72.30,2.22,1,LQR平衡
25.46,182.29,5.40,48.45,-505.20,0.00,-102.04,2.29,1,LQR平衡
25.48,182.57,24.00,39.20,-465.00,0.00,-232.09,2.57,1,LQR平衡
25.50,184.24,65.40,25.71,-907.20,0.00,-475.21,4.24,1,LQR平衡
25.52,184.88,5.40,359.80,-1849.80,0.00,14.81,4.88,1,LQR平衡
25.54,184.88,0.00,318.80,-1506.60,0.00,-48.45,4.88,1,LQR平衡
25.56,184.86,0.00,304.63,-366.60,0.00,-347.77,4.86,1,LQR平衡
25.58,184.86,0.00,293.55,-1024.80,0.00,-173.64,4.86,1,LQR平衡
25.60,184.88,0.00,266.18,-1362.00,0.00,-86.25,4.88,1,LQR平衡
25.62,184.88,0.00,243.35,-918.60,0.00,-203.30,4.88,1,LQR平衡
25.64,184.88,0.00,227.00,-944.40,0.00,-196.34,4.88,1,LQR平衡
25.66,184.88,0.00,205.60,-1151.40,0.00,-141.43,4.88,1,LQR平衡
25.68,184.88,0.00,183.27,-1002.00,0.00,-180.74,4.88,1,LQR平衡
25.70,184.88,0.00,163.70,-1062.00,0.00,-164.71,4.88,1,LQR平衡
25.72,184.88,0.00,143.46,-1040.40,0.00,-170.26,4.88,1,LQR平衡
25.74,184.86,0.00,123.68,-968.40,0.00,-187.13,4.86,1,LQR平衡
25.76,184.86,0.00,103.12,-1032.00,0.00,-170.14,4.86,1,LQR平衡
25.78,184.83,0.00,81.43,-1061.40,0.00,-160.18,4.83,1,LQR平衡
25.80,184.81,-10.20,61.04,-1001.40,0.00,-122.61,4.81,1,LQR平衡
25.82,184.77,0.00,41.64,-889.20,0.00,-199.38,4.77,1,LQR平衡
25.84,184.72,0.00,24.28,-953.40,0.00,-178.26,4.72,1,LQR平衡
25.86,184.70,0.00,3.08,-1101.00,0.00,-137.05,4.70,1,LQR平衡
25.88,184.70,0.00,341.89,-1015.20,0.00,-162.58,4.70,1,LQR平衡
25.90,184.68,0.00,323.33,-940.80,0.00,-180.09,4.68,1,LQR平衡
25.92,184.68,0.00,304.54,-945.60,0.00,-178.67,4.68,1,LQR平衡
25.94,184.66,0.00,284.28,-1038.00,0.00,-152.06,4.66,1,LQR平衡
25.96,184.64,0.00,263.65,-961.20,0.00,-170.20,4.64,1,LQR平衡
25.98,184.64,0.00,244.93,-976.80,0.00,-165.92,4.64,1,LQR平衡
26.00,184.61,0.00,224.76,-1023.60,0.00,-151.37,4.61,1,LQR平衡
26.02,184.64,0.00,204.70,-973.80,0.00,-166.37,4.64,1,LQR平衡
26.04,184.64,0.00,185.65,-934.80,0.00,-176.52,4.64,1,LQR平衡
26.06,184.66,0.00,165.92,-1036.80,0.00,-151.39,4.66,1,LQR平衡
26.08,184.66,0.00,145.94,-995.40,0.00,-162.17,4.66,1,LQR平衡
26.10,184.66,0.00,127.20,-907.20,0.00,-185.33,4.66,1,LQR平衡
26.12,184.66,0.00,107.60,-982.20,0.00,-165.34,4.66,1,LQR平衡
26.14,184.66,0.00,86.59,-1080.00,0.00,-139.30,4.66,1,LQR平衡
26.16,184.66,0.00,66.77,-906.60,0.00,-184.99,4.66,1,LQR平衡
26.18,184.64,0.00,48.47,-1008.00,0.00,-156.02,4.64,1,LQR平衡
26.20,184.64,0.00,27.77,-1007.40,0.00,-156.01,4.64,1,LQR平衡
26.22,184.64,0.00,8.22,-909.00,0.00,-181.86,4.64,1,LQR平衡
26.24,184.61,0.00,348.93,-951.00,0.00,-171.61,4.61,1,LQR平衡
26.26,184.59,0.00,327.90,-1081.80,0.00,-134.85,4.59,1,LQR平衡
26.28,184.57,0.00,307.71,-934.80,0.00,-171.54,4.57,1,LQR平衡
26.30,184.55,0.00,290.04,-886.80,0.00,-182.09,4.55,1,LQR平衡
26.32,184.55,0.00,270.92,-970.80,0.00,-159.72,4.55,1,LQR平衡
26.34,184.55,0.00,250.58,-1010.40,0.00,-149.08,4.55,1,LQR平衡
26.36,184.57,0.00,231.09,-917.40,0.00,-175.50,4.57,1,LQR平衡
26.38,184.57,0.00,212.06,-1034.40,0.00,-144.41,4.57,1,LQR平衡
26.40,184.57,0.00,191.49,-968.40,0.00,-161.69,4.57,1,LQR平衡
26.42,184.59,0.00,172.92,-913.80,0.00,-177.97,4.59,1,LQR平衡
26.44,184.59,0.00,154.09,-911.40,0.00,-178.45,4.59,1,LQR平衡
26.46,184.59,0.00,134.10,-1048.80,0.00,-141.95,4.59,1,LQR平衡
26.48,184.61,0.00,113.27,-991.20,0.00,-159.00,4.61,1,LQR平衡
26.50,184.64,0.00,94.86,-921.60,0.00,-179.25,4.64,1,LQR平衡
26.52,184.64,0.00,76.07,-952.20,0.00,-171.01,4.64,1,LQR平衡
26.54,184.66,0.00,55.63,-1058.40,0.00,-144.75,4.66,1,LQR平衡
26.56,184.66,0.00,35.44,-922.20,0.00,-180.60,4.66,1,LQR平衡
26.58,184.66,0.00,16.33,-1063.80,0.00,-143.00,4.66,1,LQR平衡
26.60,184.66,0.00,355.76,-987.00,0.00,-166.15,4.66,1,LQR平衡
26.62,184.66,4.80,337.13,-916.20,0.00,-208.84,4.66,1,LQR平衡
26.64,184.66,0.00,317.46,-1037.40,0.00,-152.50,4.66,1,LQR平衡
26.66,184.64,0.00,295.66,-1104.00,0.00,-132.71,4.64,1,LQR平衡
26.68,184.64,0.00,276.37,-878.40,0.00,-192.20,4.64,1,LQR平衡
26.70,184.64,0.00,258.75,-961.80,0.00,-170.00,4.64,1,LQR平衡
26.72,184.64,0.00,238.27,-1055.40,0.00,-145.08,4.64,1,LQR平衡
26.74,184.66,4.80,217.90,-966.00,0.00,-194.67,4.66,1,LQR平衡
26.76,184.68,0.00,198.44,-1081.80,0.00,-141.76,4.68,1,LQR平衡
26.78,184.70,0.00,176.88,-1059.60,0.00,-149.45,4.70,1,LQR平衡
26.80,184.70,0.00,158.23,-863.40,0.00,-201.18,4.70,1,LQR平衡
26.82,184.72,0.00,140.14,-964.20,0.00,-176.37,4.72,1,LQR平衡
26.84,184.75,0.00,118.85,-1096.80,0.00,-143.13,4.75,1,LQR平衡
26.86,184.75,0.00,97.67,-1003.20,0.00,-167.70,4.75,1,LQR平衡
26.88,184.75,0.00,79.04,-902.40,0.00,-194.20,4.75,1,LQR平衡
26.90,184.75,0.00,59.17,-1068.00,0.00,-150.25,4.75,1,LQR平衡
26.92,184.72,0.00,37.90,-972.60,0.00,-173.29,4.72,1,LQR平衡
26.94,184.72,0.00,18.13,-1035.60,0.00,-156.47,4.72,1,LQR平衡
26.96,184.72,0.00,357.41,-1077.60,0.00,-148.21,4.72,1,LQR平衡
26.98,184.70,0.00,338.07,-939.00,0.00,-182.69,4.70,1,LQR平衡
27.00,184.70,0.00,319.39,-916.20,0.00,-188.57,4.70,1,LQR平衡
27.02,184.68,4.20,299.07,-1084.20,0.00,-163.08,4.68,1,LQR平衡
27.04,184.68,0.00,277.78,-1050.00,0.00,-150.84,4.68,1,LQR平衡
27.06,184.68,0.00,258.07,-933.00,0.00,-181.61,4.68,1,LQR平衡
27.08,184.68,5.40,238.97,-969.00,0.00,-199.07,4.68,1,LQR平衡
27.10,184.70,4.80,217.79,-1100.40,0.00,-163.14,4.70,1,LQR平衡
27.12,184.70,0.00,194.90,-1170.60,0.00,-120.25,4.70,1,LQR平衡
27.14,184.70,0.00,174.20,-903.60,0.00,-190.68,4.70,1,LQR平衡
27.16,184.72,0.00,157.26,-876.00,0.00,-199.84,4.72,1,LQR平衡
27.18,184.72,-4.80,136.82,-1081.20,0.00,-121.28,4.72,1,LQR平衡
27.20,184.75,0.00,115.16,-1029.00,0.00,-161.03,4.75,1,LQR平衡
27.22,184.75,4.80,97.40,-874.20,0.00,-225.94,4.75,1,LQR平衡
27.24,184.75,0.00,77.92,-1066.20,0.00,-150.88,4.75,1,LQR平衡
27.26,184.75,0.00,54.60,-1116.60,0.00,-137.36,4.75,1,LQR平衡
27.28,184.72,0.00,34.78,-905.40,0.00,-191.04,4.72,1,LQR平衡
27.30,184.72,0.00,16.24,-1057.80,0.00,-150.58,4.72,1,LQR平衡
27.32,184.70,0.00,355.08,-1042.80,0.00,-155.39,4.70,1,LQR平衡
27.34,184.70,0.00,335.72,-909.00,0.00,-190.61,4.70,1,LQR平衡
27.36,184.70,0.00,316.56,-981.60,0.00,-171.25,4.70,1,LQR平衡
27.38,184.68,0.00,295.55,-1109.40,0.00,-135.28,4.68,1,LQR平衡
27.40,184.68,-5.40,275.62,-898.80,0.00,-163.66,4.68,1,LQR平衡
27.42,184.68,0.00,258.13,-871.80,0.00,-197.79,4.68,1,LQR平衡
27.44,184.68,0.00,238.80,-1042.20,0.00,-152.57,4.68,1,LQR平衡
27.46,184.68,0.00,217.22,-1036.20,0.00,-153.98,4.68,1,LQR平衡
27.48,184.70,0.00,196.98,-973.80,0.00,-172.31,4.70,1,LQR平衡
27.50,184.70,0.00,177.60,-1078.20,0.00,-144.54,4.70,1,LQR平衡
27.52,184.72,5.40,157.83,-885.60,0.00,-224.45,4.72,1,LQR平衡
27.54,184.72,0.00,139.24,-1019.40,0.00,-161.77,4.72,1,LQR平衡
27.56,184.72,0.00,116.39,-1148.40,0.00,-127.47,4.72,1,LQR平衡
27.58,184.75,0.00,95.80,-940.20,0.00,-184.35,4.75,1,LQR平衡
27.60,184.75,0.00,77.92,-907.20,0.00,-192.92,4.75,1,LQR平衡
27.62,184.75,4.80,57.59,-1099.20,0.00,-166.11,4.75,1,LQR平衡
27.64,184.72,0.00,36.12,-1048.80,0.00,-153.13,4.72,1,LQR平衡
27.66,184.72,-4.80,15.25,-1051.80,0.00,-128.04,4.72,1,LQR平衡
27.68,184.70,0.00,356.04,-902.40,0.00,-192.52,4.70,1,LQR平衡
27.70,184.70,-4.80,338.36,-970.80,0.00,-150.16,4.70,1,LQR平衡
27.72,184.70,0.00,318.32,-964.20,0.00,-175.86,4.70,1,LQR平衡
27.74,184.68,0.00,299.33,-983.40,0.00,-168.63,4.68,1,LQR平衡
27.76,184.68,0.00,279.40,-1022.40,0.00,-158.15,4.68,1,LQR平衡
27.78,184.68,0.00,259.69,-987.00,0.00,-167.34,4.68,1,LQR平衡
27.80,184.68,0.00,240.47,-954.00,0.00,-175.91,4.68,1,LQR平衡
27.82,184.68,5.40,220.45,-1016.40,0.00,-186.38,4.68,1,LQR平衡
27.84,184.70,0.00,199.31,-1080.00,0.00,-144.25,4.70,1,LQR平衡
27.86,184.70,0.00,177.67,-1110.00,0.00,-136.13,4.70,1,LQR平衡
27.88,184.72,0.00,159.04,-867.00,0.00,-202.23,4.72,1,LQR平衡
27.90,184.72,0.00,141.35,-925.20,0.00,-186.69,4.72,1,LQR平衡
27.92,184.72,0.00,120.32,-1105.80,0.00,-138.76,4.72,1,LQR平衡
27.94,184.75,0.00,98.44,-1036.20,0.00,-158.99,4.75,1,LQR平衡
27.96,184.75,0.00,79.89,-929.40,0.00,-187.07,4.75,1,LQR平衡
27.98,184.75,0.00,60.75,-1021.80,0.00,-162.48,4.75,1,LQR平衡
28.00,184.72,-4.80,40.14,-1024.20,0.00,-135.54,4.72,1,LQR平衡
28.02,184.72,-5.40,20.30,-894.00,0.00,-166.79,4.72,1,LQR平衡
28.04,184.72,0.00,2.20,-957.60,0.00,-176.96,4.72,1,LQR平衡
28.06,184.70,0.00,342.40,-1069.20,0.00,-148.30,4.70,1,LQR平衡
28.08,184.70,0.00,321.99,-922.20,0.00,-187.00,4.70,1,LQR平衡
28.10,184.68,0.00,303.16,-960.60,0.00,-174.69,4.68,1,LQR平衡
28.12,184.68,0.00,282.57,-1015.20,0.00,-160.08,4.68,1,LQR平衡
28.14,184.68,0.00,262.09,-1003.20,0.00,-163.08,4.68,1,LQR平衡
28.16,184.68,0.00,242.62,-1008.00,0.00,-161.65,4.68,1,LQR平衡
28.18,184.68,0.00,223.04,-1005.60,0.00,-162.12,4.68,1,LQR平衡
28.20,184.70,0.00,203.16,-939.00,0.00,-181.56,4.70,1,LQR平衡
28.22,184.70,0.00,183.19,-1036.80,0.00,-155.54,4.70,1,LQR平衡
28.24,184.70,0.00,162.36,-1067.40,0.00,-147.27,4.70,1,LQR平衡
28.26,184.72,0.00,143.39,-934.80,0.00,-184.17,4.72,1,LQR平衡
28.28,184.72,0.00,125.20,-905.40,0.00,-191.79,4.72,1,LQR平衡
28.30,184.75,0.00,104.39,-1111.20,0.00,-139.20,4.75,1,LQR平衡
28.32,184.75,0.00,82.66,-999.00,0.00,-168.69,4.75,1,LQR平衡
28.34,184.75,0.00,64.09,-953.40,0.00,-180.59,4.75,1,LQR平衡
28.36,184.75,0.00,44.54,-1041.60,0.00,-157.11,4.75,1,LQR平衡
28.38,184.72,0.00,23.95,-1023.00,0.00,-159.85,4.72,1,LQR平衡
28.40,184.72,0.00,4.26,-925.80,0.00,-185.39,4.72,1,LQR平衡
28.42,184.70,0.00,344.42,-1071.60,0.00,-147.68,4.70,1,LQR平衡
28.44,184.70,0.00,323.33,-1004.40,0.00,-165.28,4.70,1,LQR平衡
28.46,184.68,0.00,304.26,-909.60,0.00,-188.18,4.68,1,LQR平衡
28.48,184.68,0.00,284.94,-1036.80,0.00,-154.39,4.68,1,LQR平衡
28.50,184.68,0.00,264.27,-1014.60,0.00,-160.08,4.68,1,LQR平衡
28.52,184.68,0.00,245.10,-954.00,0.00,-175.95,4.68,1,LQR平衡
28.54,184.68,0.00,225.40,-1044.00,0.00,-151.98,4.68,1,LQR平衡
28.56,184.70,0.00,204.87,-1001.40,0.00,-165.08,4.70,1,LQR平衡
28.58,184.70,0.00,185.60,-946.20,0.00,-179.51,4.70,1,LQR平衡
28.60,184.70,0.00,165.72,-1006.20,0.00,-163.48,4.70,1,LQR平衡
28.62,184.72,0.00,145.33,-1047.00,0.00,-154.52,4.72,1,LQR平衡
28.64,184.72,0.00,125.79,-933.60,0.00,-184.34,4.72,1,LQR平衡
28.66,184.75,4.80,106.77,-998.40,0.00,-193.18,4.75,1,LQR平衡
28.68,184.75,0.00,85.58,-1088.40,0.00,-145.08,4.75,1,LQR平衡
28.70,184.75,-4.80,64.05,-1008.60,0.00,-141.87,4.75,1,LQR平衡
28.72,184.75,0.00,44.93,-927.60,0.00,-187.25,4.75,1,LQR平衡
28.74,184.72,0.00,26.61,-1006.80,0.00,-164.16,4.72,1,LQR平衡
28.76,184.72,0.00,6.20,-979.80,0.00,-171.13,4.72,1,LQR平衡
28.78,184.72,0.00,345.56,-1063.20,0.00,-151.92,4.72,1,LQR平衡
28.80,184.70,0.00,325.09,-1006.80,0.00,-164.66,4.70,1,LQR平衡
