时间(s),摆角(°),摆速(°/s),飞轮角(°),飞轮速(°/s),M1(RPM),M2(RPM),误差(°),能量(J),策略,是否平衡
0.000,359.912,0.000,359.978,-5.400,93.600,49.920,179.912,-0.000,旋转能量启摆,0
0.020,0.286,53.400,0.088,5.400,-156.000,-83.200,179.714,0.000,旋转能量启摆,0
0.040,0.483,-81.000,359.956,-35.400,156.000,83.200,179.517,0.000,旋转能量启摆,0
0.060,359.890,105.000,359.802,47.400,-156.000,-83.200,179.890,0.000,旋转能量启摆,0
0.080,0.703,-85.200,359.868,-59.400,156.000,83.200,179.297,0.000,旋转能量启摆,0
0.101,0.176,92.400,359.692,47.400,-156.000,-83.200,179.824,0.000,旋转能量启摆,0
0.120,1.143,-88.200,359.802,-55.200,156.000,83.200,178.857,0.000,旋转能量启摆,0
0.140,0.637,77.400,359.758,46.800,-156.000,-83.200,179.363,0.000,旋转能量启摆,0
0.160,1.450,-73.800,359.824,-49.200,156.000,83.200,178.550,0.000,旋转能量启摆,0
0.180,0.681,77.400,359.736,47.400,-156.000,-83.200,179.319,0.000,旋转能量启摆,0
0.200,1.406,-87.000,359.736,-36.600,156.000,83.200,178.594,0.000,旋转能量启摆,0
0.220,0.461,88.200,359.670,42.000,-156.000,-83.200,179.539,0.000,旋转能量启摆,0
0.240,1.428,-87.600,359.714,-37.200,156.000,83.200,178.572,0.000,旋转能量启摆,0
0.260,0.286,76.200,359.583,51.600,-156.000,-83.200,179.714,0.000,旋转能量启摆,0
0.280,1.208,-82.800,359.714,-43.800,156.000,83.200,178.792,0.000,旋转能量启摆,0
0.301,359.824,103.800,359.495,47.400,-156.000,-83.200,179.824,0.000,旋转能量启摆,0
0.320,1.208,-93.000,359.692,-49.200,156.000,83.200,178.792,0.000,旋转能量启摆,0
0.340,359.692,95.400,359.429,46.200,-156.000,-83.200,179.692,0.000,旋转能量启摆,0
0.361,1.274,-85.800,359.561,-47.400,156.000,83.200,178.726,0.000,旋转能量启摆,0
0.381,359.736,92.400,359.033,45.600,-156.000,-83.200,179.736,0.000,旋转能量启摆,0
0.400,1.187,-82.800,359.275,-42.000,156.000,83.200,178.813,0.000,旋转能量启摆,0
0.420,0.022,88.800,358.594,50.400,-156.000,-83.200,179.978,0.000,旋转能量启摆,0
0.441,1.516,-66.000,358.901,-43.800,156.000,83.200,178.484,0.000,旋转能量启摆,0
0.460,0.000,91.200,358.308,40.200,-156.000,-83.200,180.000,0.000,旋转能量启摆,0
0.481,1.604,-88.200,358.506,-52.800,156.000,83.200,178.396,0.000,旋转能量启摆,0
0.501,0.000,85.800,357.869,35.400,-156.000,-83.200,180.000,0.000,旋转能量启摆,0
0.521,1.318,-87.000,358.044,-42.600,156.000,83.200,178.682,0.000,旋转能量启摆,0
0.541,359.780,112.200,357.561,40.800,-156.000,-83.200,179.780,0.000,旋转能量启摆,0
0.560,1.274,-66.600,357.803,-48.600,156.000,83.200,178.726,0.000,旋转能量启摆,0
0.580,0.066,97.200,357.605,46.800,-156.000,-83.200,179.934,0.000,旋转能量启摆,0
0.600,1.582,-70.200,357.759,-48.600,156.000,83.200,178.418,0.000,旋转能量启摆,0
0.620,0.132,71.400,357.583,36.000,-156.000,-83.200,179.868,0.000,旋转能量启摆,0
0.641,1.582,-61.200,357.737,-53.400,156.000,83.200,178.418,0.000,旋转能量启摆,0
0.660,0.176,74.400,357.561,42.000,-156.000,-83.200,179.824,0.000,旋转能量启摆,0
0.680,1.296,-68.400,357.495,-13.800,156.000,83.200,178.704,0.000,旋转能量启摆,0
0.700,359.890,62.400,357.209,34.800,-156.000,-83.200,179.890,0.000,旋转能量启摆,0
0.720,1.274,-66.000,357.407,-23.400,156.000,83.200,178.726,0.000,旋转能量启摆,0
0.740,0.066,73.200,357.363,29.400,-156.000,-83.200,179.934,0.000,旋转能量启摆,0
0.760,1.472,-63.600,357.649,-34.800,156.000,83.200,178.528,0.000,旋转能量启摆,0
0.780,0.044,69.000,357.473,7.200,-156.000,-83.200,179.956,0.000,旋转能量启摆,0
0.800,1.494,-58.800,357.407,-18.000,156.000,83.200,178.506,0.000,旋转能量启摆,0
0.820,0.352,66.600,357.144,11.400,-156.000,-83.200,179.648,0.000,旋转能量启摆,0
0.840,1.692,-58.200,357.209,-6.600,156.000,83.200,178.308,0.000,旋转能量启摆,0
0.860,0.374,72.000,356.968,27.600,-156.000,-83.200,179.626,0.000,旋转能量启摆,0
0.880,1.692,-58.800,357.144,-7.200,156.000,83.200,178.308,0.000,旋转能量启摆,0
0.900,0.352,65.400,357.209,34.800,-156.000,-83.200,179.648,0.000,旋转能量启摆,0
0.920,1.472,-59.400,357.297,-30.000,156.000,83.200,178.528,0.000,旋转能量启摆,0
0.940,0.110,72.600,357.319,28.800,-156.000,-83.200,179.890,0.000,旋转能量启摆,0
0.960,1.450,-69.000,357.363,-18.600,156.000,83.200,178.550,0.000,旋转能量启摆,0
0.980,359.956,86.400,357.385,12.000,-156.000,-83.200,179.956,0.000,旋转能量启摆,0
1.000,1.099,-70.800,357.363,-12.600,156.000,83.200,178.901,0.000,旋转能量启摆,0
1.020,359.648,91.200,357.385,22.800,-156.000,-83.200,179.648,0.000,旋转能量启摆,0
1.040,1.077,-60.600,357.407,-29.400,156.000,83.200,178.923,0.000,旋转能量启摆,0
1.060,359.583,91.200,357.407,21.600,-156.000,-83.200,179.583,0.000,旋转能量启摆,0
1.080,0.725,-75.600,357.385,-18.600,156.000,83.200,179.275,0.000,旋转能量启摆,0
1.100,359.363,82.200,357.429,23.400,-156.000,-83.200,179.363,0.000,旋转能量启摆,0
1.120,0.703,-75.600,357.561,-24.000,156.000,83.200,179.297,0.000,旋转能量启摆,0
1.140,359.341,73.200,357.671,28.800,-156.000,-83.200,179.341,0.000,旋转能量启摆,0
1.160,0.659,-65.400,358.066,-24.000,156.000,83.200,179.341,0.000,旋转能量启摆,0
1.180,359.626,81.600,358.000,40.200,-156.000,-83.200,179.626,0.000,旋转能量启摆,0
1.200,0.923,-81.600,358.396,-34.800,156.000,83.200,179.077,0.000,旋转能量启摆,0
1.220,359.604,85.200,358.286,34.800,-156.000,-83.200,179.604,0.000,旋转能量启摆,0
1.240,0.967,-88.200,358.638,-28.800,156.000,83.200,179.033,0.000,旋转能量启摆,0
1.260,359.824,88.200,358.484,34.800,-156.000,-83.200,179.824,0.000,旋转能量启摆,0
1.280,1.033,-77.400,358.813,-18.600,156.000,83.200,178.967,0.000,旋转能量启摆,0
1.300,359.758,87.600,358.704,35.400,-156.000,-83.200,179.758,0.000,旋转能量启摆,0
1.320,0.813,-71.400,359.055,-13.200,156.000,83.200,179.187,0.000,旋转能量启摆,0
1.340,359.670,66.600,359.011,34.200,-156.000,-83.200,179.670,0.000,旋转能量启摆,0
1.360,0.439,-67.200,359.714,-22.200,156.000,83.200,179.561,0.000,旋转能量启摆,0
1.380,359.451,64.200,359.846,36.600,-156.000,-83.200,179.451,0.000,旋转能量启摆,0
1.400,0.308,-64.800,0.593,-22.200,156.000,83.200,179.692,0.000,旋转能量启摆,0
1.420,359.473,71.400,0.659,24.000,-156.000,-83.200,179.473,0.000,旋转能量启摆,0
1.440,0.022,-61.800,1.187,-16.800,156.000,83.200,179.978,0.000,旋转能量启摆,0
1.460,359.341,64.200,1.208,29.400,-156.000,-83.200,179.341,0.000,旋转能量启摆,0
1.480,0.000,-64.800,1.692,-12.000,156.000,83.200,180.000,0.000,旋转能量启摆,0
1.500,359.341,70.200,1.890,35.400,-156.000,-83.200,179.341,0.000,旋转能量启摆,0
1.520,0.044,-65.400,2.812,-16.200,156.000,83.200,179.956,0.000,旋转能量启摆,0
1.540,359.341,64.800,2.966,40.200,-156.000,-83.200,179.341,0.000,旋转能量启摆,0
1.560,359.912,-72.000,3.801,-22.200,156.000,83.200,179.912,0.000,旋转能量启摆,0
1.580,359.253,64.200,3.647,1.800,-156.000,-83.200,179.253,0.000,旋转能量启摆,0
1.600,359.890,-75.600,3.362,-60.000,156.000,83.200,179.890,0.000,旋转能量启摆,0
1.620,359.451,77.400,2.197,13.200,-156.000,-83.200,179.451,0.000,旋转能量启摆,0
1.640,0.022,-56.400,2.065,-37.800,156.000,83.200,179.978,0.000,旋转能量启摆,0
1.660,359.473,85.800,1.165,18.600,-156.000,-83.200,179.473,0.000,旋转能量启摆,0
1.680,0.110,-70.200,1.208,-18.000,156.000,83.200,179.890,0.000,旋转能量启摆,0
1.700,359.495,81.000,0.857,11.400,-156.000,-83.200,179.495,0.000,旋转能量启摆,0
1.720,359.978,-83.400,0.769,-25.800,156.000,83.200,179.978,0.000,旋转能量启摆,0
1.740,359.451,71.400,0.110,15.600,-156.000,-83.200,179.451,0.000,旋转能量启摆,0
1.760,0.044,-67.800,0.066,-12.600,156.000,83.200,179.956,0.000,旋转能量启摆,0
1.780,359.473,76.200,359.626,16.800,-156.000,-83.200,179.473,0.000,旋转能量启摆,0
1.800,359.912,-72.600,359.604,-34.200,156.000,83.200,179.912,0.000,旋转能量启摆,0
1.820,359.363,75.000,358.945,16.200,-156.000,-83.200,179.363,0.000,旋转能量启摆,0
1.840,359.890,-79.200,358.967,-27.000,156.000,83.200,179.890,0.000,旋转能量启摆,0
1.860,359.275,81.000,358.682,10.800,-156.000,-83.200,179.275,0.000,旋转能量启摆,0
1.880,359.846,-77.400,358.792,-6.000,156.000,83.200,179.846,0.000,旋转能量启摆,0
1.900,359.407,82.800,358.748,6.600,-156.000,-83.200,179.407,0.000,旋转能量启摆,0
1.920,359.956,-78.600,358.792,-11.400,156.000,83.200,179.956,0.000,旋转能量启摆,0
1.940,359.429,82.200,358.792,16.200,-156.000,-83.200,179.429,0.000,旋转能量启摆,0
1.960,0.000,-80.400,358.813,-16.200,156.000,83.200,180.000,0.000,旋转能量启摆,0
1.980,359.604,88.200,358.704,16.200,-156.000,-83.200,179.604,0.000,旋转能量启摆,0
2.000,0.374,-61.800,358.726,-18.000,156.000,83.200,179.626,0.000,旋转能量启摆,0
2.020,359.934,88.200,358.198,12.000,-156.000,-83.200,179.934,0.000,旋转能量启摆,0
2.040,0.681,-67.800,358.286,-11.400,156.000,83.200,179.319,0.000,旋转能量启摆,0
2.060,0.044,81.000,358.154,12.000,-156.000,-83.200,179.956,0.000,旋转能量启摆,0
2.080,0.637,-70.200,358.220,-17.400,156.000,83.200,179.363,0.000,旋转能量启摆,0
2.100,359.912,81.000,358.066,16.200,-156.000,-83.200,179.912,0.000,旋转能量启摆,0
2.120,0.725,-72.600,358.088,-7.800,156.000,83.200,179.275,0.000,旋转能量启摆,0
2.140,0.066,87.600,357.891,16.800,-156.000,-83.200,179.934,0.000,旋转能量启摆,0
2.160,1.274,-60.000,357.935,-27.600,156.000,83.200,178.726,0.000,旋转能量启摆,0
2.180,0.505,81.000,357.781,16.800,-156.000,-83.200,179.495,0.000,旋转能量启摆,0
2.200,1.670,-65.400,357.781,-22.800,156.000,83.200,178.330,0.000,旋转能量启摆,0
2.220,0.593,59.400,357.605,12.600,-156.000,-83.200,179.407,0.000,旋转能量启摆,0
2.240,1.758,-54.000,357.605,-12.000,156.000,83.200,178.242,0.000,旋转能量启摆,0
2.260,0.835,65.400,357.407,28.200,-156.000,-83.200,179.165,0.000,旋转能量启摆,0
2.280,2.021,-42.000,357.495,-7.200,156.000,83.200,177.979,0.000,旋转能量启摆,0
2.300,0.923,48.600,357.363,17.400,-156.000,-83.200,179.077,0.000,旋转能量启摆,0
2.320,2.043,-54.000,357.429,-28.200,156.000,83.200,177.957,0.000,旋转能量启摆,0
2.340,1.165,58.800,357.319,6.000,-156.000,-83.200,178.835,0.000,旋转能量启摆,0
2.360,2.395,-57.600,357.407,-22.800,156.000,83.200,177.605,0.000,旋转能量启摆,0
2.380,1.296,60.000,357.275,18.000,-156.000,-83.200,178.704,0.000,旋转能量启摆,0
2.400,2.505,-43.800,357.363,-22.800,156.000,83.200,177.495,0.000,旋转能量启摆,0
2.420,1.604,55.800,357.319,22.200,-156.000,-83.200,178.396,0.000,旋转能量启摆,0
2.440,2.900,-51.600,357.385,-16.800,156.000,83.200,177.100,0.000,旋转能量启摆,0
2.460,1.802,58.200,357.297,18.000,-156.000,-83.200,178.198,0.000,旋转能量启摆,0
2.480,3.120,-42.600,357.407,-12.000,156.000,83.200,176.880,0.000,旋转能量启摆,0
2.500,1.824,69.000,357.319,33.600,-156.000,-83.200,178.176,0.000,旋转能量启摆,0
2.520,3.252,-69.600,357.451,-17.400,156.000,83.200,176.748,0.000,旋转能量启摆,0
2.540,2.087,61.800,357.407,18.000,-156.000,-83.200,177.913,0.000,旋转能量启摆,0
2.560,3.977,-54.000,357.539,-17.400,156.000,83.200,176.023,0.000,旋转能量启摆,0
2.580,2.439,64.800,357.429,34.800,-156.000,-83.200,177.561,0.000,旋转能量启摆,0
2.600,4.109,-64.200,357.583,-12.000,156.000,83.200,175.891,0.000,旋转能量启摆,0
2.620,2.153,62.400,357.561,34.800,-156.000,-83.200,177.847,0.000,旋转能量启摆,0
2.640,3.999,-48.600,357.649,-19.800,156.000,83.200,176.001,0.000,旋转能量启摆,0
2.660,1.978,64.800,357.627,28.800,-156.000,-83.200,178.022,0.000,旋转能量启摆,0
2.680,3.823,-58.800,357.671,-34.800,156.000,83.200,176.177,0.000,旋转能量启摆,0
2.700,2.219,66.000,357.649,23.400,-156.000,-83.200,177.781,0.000,旋转能量启摆,0
2.720,4.263,-62.400,357.627,-12.600,156.000,83.200,175.737,0.000,旋转能量启摆,0
2.740,2.571,55.800,357.627,30.000,-156.000,-83.200,177.429,0.000,旋转能量启摆,0
2.760,4.526,-52.200,357.605,-17.400,156.000,83.200,175.474,0.000,旋转能量启摆,0
2.780,3.252,55.200,357.605,34.800,-156.000,-83.200,176.748,0.000,旋转能量启摆,0
2.800,5.427,-47.400,357.561,-22.800,156.000,83.200,174.573,-0.000,旋转能量启摆,0
2.820,4.153,61.200,357.517,34.200,-156.000,-83.200,175.847,0.000,旋转能量启摆,0
2.840,6.328,-52.800,357.517,-12.000,156.000,83.200,173.672,-0.000,旋转能量启摆,0
2.860,4.922,57.600,357.495,29.400,-156.000,-83.200,175.078,0.000,旋转能量启摆,0
2.880,6.526,-58.800,357.495,-12.600,156.000,83.200,173.474,-0.000,旋转能量启摆,0
2.900,4.856,54.600,357.539,17.400,-156.000,-83.200,175.144,0.000,旋转能量启摆,0
2.920,6.526,-63.000,357.517,-12.000,156.000,83.200,173.474,-0.000,旋转能量启摆,0
2.940,4.790,43.800,357.539,18.000,-156.000,-83.200,175.210,-0.000,旋转能量启摆,0
2.960,6.504,-64.800,357.517,-17.400,156.000,83.200,173.496,-0.000,旋转能量启摆,0
2.980,5.120,49.200,357.539,23.400,-156.000,-83.200,174.880,-0.000,旋转能量启摆,0
3.000,6.965,-58.800,357.495,-16.200,156.000,83.200,173.035,-0.000,旋转能量启摆,0
3.020,5.427,44.400,357.495,24.000,-156.000,-83.200,174.573,-0.000,旋转能量启摆,0
3.041,7.207,-58.200,357.473,-16.800,156.000,83.200,172.793,-0.000,旋转能量启摆,0
3.060,5.581,48.600,357.385,35.400,-156.000,-83.200,174.419,-0.000,旋转能量启摆,0
3.080,6.965,-58.800,357.385,-17.400,156.000,83.200,173.035,-0.000,旋转能量启摆,0
3.100,5.208,43.200,357.385,24.600,-156.000,-83.200,174.792,-0.000,旋转能量启摆,0
3.120,6.680,-58.800,357.385,-24.000,156.000,83.200,173.320,-0.000,旋转能量启摆,0
3.140,5.361,47.400,357.429,12.000,-156.000,-83.200,174.639,-0.000,旋转能量启摆,0
3.160,7.009,-52.800,357.429,-12.600,156.000,83.200,172.991,-0.000,旋转能量启摆,0
3.180,5.537,53.400,357.451,13.800,-156.000,-83.200,174.463,-0.000,旋转能量启摆,0
3.200,7.185,-63.600,357.451,-29.400,156.000,83.200,172.815,-0.000,旋转能量启摆,0
3.220,5.603,52.200,357.451,23.400,-156.000,-83.200,174.397,-0.000,旋转能量启摆,0
3.240,6.921,-64.800,357.407,-18.000,156.000,83.200,173.079,-0.000,旋转能量启摆,0
3.260,5.164,60.000,357.407,23.400,-156.000,-83.200,174.836,0.000,旋转能量启摆,0
3.280,6.702,-62.400,357.407,-22.800,156.000,83.200,173.298,-0.000,旋转能量启摆,0
3.300,4.944,61.200,357.407,28.200,-156.000,-83.200,175.056,0.000,旋转能量启摆,0
3.320,6.262,-75.600,357.407,-12.600,156.000,83.200,173.738,0.000,旋转能量启摆,0
3.340,4.307,57.600,357.429,23.400,-156.000,-83.200,175.693,0.000,旋转能量启摆,0
3.360,5.823,-69.600,357.429,-28.800,156.000,83.200,174.177,0.000,旋转能量启摆,0
3.380,3.757,60.000,357.451,18.000,-156.000,-83.200,176.243,0.000,旋转能量启摆,0
3.400,5.449,-51.000,357.451,-29.400,156.000,83.200,174.551,-0.000,旋转能量启摆,0
3.420,3.823,73.800,357.429,18.000,-156.000,-83.200,176.177,0.000,旋转能量启摆,0
3.440,5.713,-75.000,357.429,-23.400,156.000,83.200,174.287,0.000,旋转能量启摆,0
3.460,4.087,66.000,357.407,23.400,-156.000,-83.200,175.913,0.000,旋转能量启摆,0
3.480,5.889,-69.600,357.407,-27.000,156.000,83.200,174.111,0.000,旋转能量启摆,0
3.500,4.658,85.800,357.429,12.600,-156.000,-83.200,175.342,0.000,旋转能量启摆,0
3.520,6.548,-64.800,357.429,-13.200,156.000,83.200,173.452,-0.000,旋转能量启摆,0
3.540,5.208,70.200,357.451,22.800,-156.000,-83.200,174.792,0.000,旋转能量启摆,0
3.560,6.943,-70.800,357.451,-18.600,156.000,83.200,173.057,0.000,旋转能量启摆,0
3.580,5.845,76.200,357.451,28.200,-156.000,-83.200,174.155,0.000,旋转能量启摆,0
3.600,7.581,-61.200,357.473,-7.800,156.000,83.200,172.419,-0.000,旋转能量启摆,0
3.620,6.350,70.200,357.451,12.600,-156.000,-83.200,173.650,0.000,旋转能量启摆,0
3.640,7.932,-63.600,357.539,-17.400,156.000,83.200,172.068,-0.000,旋转能量启摆,0
3.660,6.746,63.000,357.473,27.000,-156.000,-83.200,173.254,-0.000,旋转能量启摆,0
3.680,7.888,-54.000,357.583,-11.400,156.000,83.200,172.112,-0.000,旋转能量启摆,0
3.700,6.548,46.200,357.561,21.600,-156.000,-83.200,173.452,-0.000,旋转能量启摆,0
3.720,7.646,-40.800,357.649,-17.400,156.000,83.200,172.354,-0.000,旋转能量启摆,0
3.740,6.218,34.800,357.583,39.000,-156.000,-83.200,173.782,-0.000,旋转能量启摆,0
3.760,7.119,-42.000,357.737,-22.200,156.000,83.200,172.881,-0.000,旋转能量启摆,0
3.780,5.449,25.800,357.605,34.200,-156.000,-83.200,174.551,-0.000,旋转能量启摆,0
3.800,6.702,-48.000,357.737,-12.600,156.000,83.200,173.298,-0.000,旋转能量启摆,0
3.820,5.076,42.000,357.539,35.400,-156.000,-83.200,174.924,-0.000,旋转能量启摆,0
3.840,6.526,-47.400,357.693,-13.800,156.000,83.200,173.474,-0.000,旋转能量启摆,0
3.860,4.812,58.800,357.495,28.200,-156.000,-83.200,175.188,0.000,旋转能量启摆,0
3.880,6.130,-61.200,357.693,-34.200,156.000,83.200,173.870,-0.000,旋转能量启摆,0
3.900,4.087,70.200,357.561,34.200,-156.000,-83.200,175.913,0.000,旋转能量启摆,0
3.920,5.625,-70.200,357.649,-11.400,156.000,83.200,174.375,0.000,旋转能量启摆,0
3.940,4.043,76.200,357.583,33.000,-156.000,-83.200,175.957,0.000,旋转能量启摆,0
3.960,5.801,-66.000,357.671,-11.400,156.000,83.200,174.199,0.000,旋转能量启摆,0
3.980,4.263,70.200,357.561,11.400,-156.000,-83.200,175.737,0.000,旋转能量启摆,0
4.000,5.823,-61.200,357.605,-17.400,156.000,83.200,174.177,0.000,旋转能量启摆,0
4.020,4.438,75.000,357.517,6.600,-156.000,-83.200,175.562,0.000,旋转能量启摆,0
4.040,5.537,-49.800,357.561,-2.400,156.000,83.200,174.463,-0.000,旋转能量启摆,0
4.060,4.065,64.800,357.407,27.600,-156.000,-83.200,175.935,0.000,旋转能量启摆,0
4.080,5.186,-49.800,357.517,-17.400,156.000,83.200,174.814,-0.000,旋转能量启摆,0
4.100,4.153,69.600,357.363,23.400,-156.000,-83.200,175.847,0.000,旋转能量启摆,0
4.120,5.779,-65.400,357.495,-12.000,156.000,83.200,174.221,0.000,旋转能量启摆,0
4.140,4.768,70.800,357.319,6.600,-156.000,-83.200,175.232,0.000,旋转能量启摆,0
4.160,6.130,-73.800,357.451,-33.600,156.000,83.200,173.870,0.000,旋转能量启摆,0
4.181,4.548,85.200,357.297,17.400,-156.000,-83.200,175.452,0.000,旋转能量启摆,0
4.200,6.372,-75.000,357.407,-7.800,156.000,83.200,173.628,0.000,旋转能量启摆,0
4.220,4.768,87.600,357.275,34.800,-156.000,-83.200,175.232,0.000,旋转能量启摆,0
4.240,6.987,-84.600,357.319,-27.600,156.000,83.200,173.013,0.000,旋转能量启摆,0
4.260,4.944,87.600,357.188,33.000,-156.000,-83.200,175.056,0.000,旋转能量启摆,0
4.280,7.383,-91.200,357.253,-11.400,156.000,83.200,172.617,0.000,旋转能量启摆,0
4.300,5.471,105.000,357.100,23.400,-156.000,-83.200,174.529,0.000,旋转能量启摆,0
4.320,8.152,-84.000,357.166,-18.000,156.000,83.200,171.848,0.000,旋转能量启摆,0
4.340,5.779,93.000,357.034,12.600,-156.000,-83.200,174.221,0.000,旋转能量启摆,0
4.360,8.591,-95.400,357.100,-22.800,156.000,83.200,171.409,0.000,旋转能量启摆,0
4.380,6.438,88.200,356.968,27.000,-156.000,-83.200,173.562,0.000,旋转能量启摆,0
4.400,9.426,-79.800,357.078,-13.200,156.000,83.200,170.574,-0.000,旋转能量启摆,0
4.420,6.899,81.600,357.012,17.400,-156.000,-83.200,173.101,0.000,旋转能量启摆,0
4.440,9.888,-77.400,357.078,-17.400,156.000,83.200,170.112,-0.000,旋转能量启摆,0
4.460,7.866,131.400,357.012,12.600,-156.000,-83.200,172.134,0.000,旋转能量启摆,0
4.480,11.008,-72.000,357.078,-12.000,156.000,83.200,168.992,-0.000,旋转能量启摆,0
4.500,8.899,98.400,357.056,6.000,-156.000,-83.200,171.101,0.000,旋转能量启摆,0
4.520,12.019,-70.200,357.100,-17.400,156.000,83.200,167.981,-0.000,旋转能量启摆,0
4.540,10.020,87.600,357.056,11.400,-156.000,-83.200,169.980,-0.000,旋转能量启摆,0
4.560,12.349,-87.000,357.122,-27.000,156.000,83.200,167.651,-0.000,旋转能量启摆,0
4.580,10.349,87.000,357.078,21.600,-156.000,-83.200,169.651,-0.000,旋转能量启摆,0
4.600,12.415,-87.000,357.100,-16.800,156.000,83.200,167.585,-0.000,旋转能量启摆,0
4.620,10.898,70.200,357.034,12.000,-156.000,-83.200,169.102,-0.000,旋转能量启摆,0
4.640,11.975,-41.400,357.078,-21.600,156.000,83.200,168.025,-0.000,旋转能量启摆,0
4.660,11.250,38.400,357.034,17.400,-156.000,-83.200,168.750,-0.000,旋转能量启摆,0
4.680,11.667,-28.800,357.100,-6.600,156.000,83.200,168.333,-0.000,旋转能量启摆,0
4.700,11.580,18.600,357.056,6.000,-156.000,-83.200,168.420,-0.000,旋转能量启摆,0
4.720,11.667,-23.400,357.122,-16.200,156.000,83.200,168.333,-0.000,旋转能量启摆,0
4.740,11.646,16.800,357.056,5.400,-156.000,-83.200,168.354,-0.000,旋转能量启摆,0
4.760,11.624,-24.000,357.144,-12.000,156.000,83.200,168.376,-0.000,旋转能量启摆,0
4.780,11.382,24.600,357.078,27.600,-156.000,-83.200,168.618,-0.000,旋转能量启摆,0
4.800,11.624,-35.400,357.100,-6.000,156.000,83.200,168.376,-0.000,旋转能量启摆,0
4.820,10.986,42.000,356.990,6.000,-156.000,-83.200,169.014,-0.000,旋转能量启摆,0
4.840,11.536,-51.600,357.012,-16.200,156.000,83.200,168.464,-0.000,旋转能量启摆,0
4.860,10.591,55.200,356.946,6.600,-156.000,-83.200,169.409,-0.000,旋转能量启摆,0
4.880,11.404,-46.800,356.990,-22.200,156.000,83.200,168.596,-0.000,旋转能量启摆,0
4.900,10.547,63.600,356.946,21.000,-156.000,-83.200,169.453,-0.000,旋转能量启摆,0
4.920,11.558,-47.400,357.012,-21.600,156.000,83.200,168.442,-0.000,旋转能量启摆,0
4.940,10.437,60.000,356.924,22.800,-156.000,-83.200,169.563,-0.000,旋转能量启摆,0
4.960,11.646,-46.800,357.012,-11.400,156.000,83.200,168.354,-0.000,旋转能量启摆,0
4.980,10.437,53.400,356.946,21.600,-156.000,-83.200,169.563,-0.000,旋转能量启摆,0
5.000,11.755,-52.800,357.034,-11.400,156.000,83.200,168.245,-0.000,旋转能量启摆,0
5.020,10.854,48.000,356.990,5.400,-156.000,-83.200,169.146,-0.000,旋转能量启摆,0
5.040,12.283,-31.200,357.056,-0.600,156.000,83.200,167.717,-0.000,旋转能量启摆,0
5.060,11.426,43.800,357.012,21.600,-156.000,-83.200,168.574,-0.000,旋转能量启摆,0
5.080,12.832,-51.600,357.056,-10.800,156.000,83.200,167.168,-0.000,旋转能量启摆,0
5.100,12.458,36.000,357.012,10.800,-156.000,-83.200,167.542,-0.000,旋转能量启摆,0
5.120,13.447,-31.200,357.012,-17.400,156.000,83.200,166.553,-0.000,旋转能量启摆,0
5.140,13.030,37.200,357.012,11.400,-156.000,-83.200,166.970,-0.000,旋转能量启摆,0
5.160,13.953,-39.600,357.122,-21.000,156.000,83.200,166.047,-0.000,旋转能量启摆,0
5.180,13.755,28.800,357.100,27.600,-156.000,-83.200,166.245,-0.000,旋转能量启摆,0
5.200,14.414,-28.800,357.231,-26.400,156.000,83.200,165.586,-0.000,旋转能量启摆,0
5.220,13.997,48.600,357.122,11.400,-156.000,-83.200,166.003,-0.000,旋转能量启摆,0
5.240,14.832,-64.200,357.188,-27.000,156.000,83.200,165.168,-0.000,旋转能量启摆,0
5.260,13.667,43.800,357.144,17.400,-156.000,-83.200,166.333,-0.000,旋转能量启摆,0
5.280,14.722,-102.000,357.253,-16.800,156.000,83.200,165.278,-0.000,旋转能量启摆,0
5.300,13.250,60.000,357.122,6.000,-156.000,-83.200,166.750,-0.000,旋转能量启摆,0
5.320,14.656,-106.200,357.209,-19.200,156.000,83.200,165.344,-0.000,旋转能量启摆,0
5.340,13.074,55.800,357.012,10.800,-156.000,-83.200,166.926,-0.000,旋转能量启摆,0
5.360,14.634,-94.200,357.078,-27.000,156.000,83.200,165.366,-0.000,旋转能量启摆,0
5.380,13.557,42.000,356.572,10.800,-156.000,-83.200,166.443,-0.000,旋转能量启摆,0
5.400,14.854,-53.400,356.572,-22.800,156.000,83.200,165.146,-0.000,旋转能量启摆,0
5.420,13.953,46.800,356.221,35.400,-156.000,-83.200,166.047,-0.000,旋转能量启摆,0
5.440,14.700,-52.800,356.924,-31.200,156.000,83.200,165.300,-0.000,旋转能量启摆,0
5.460,13.777,40.200,356.792,24.600,-156.000,-83.200,166.223,-0.000,旋转能量启摆,0
5.480,14.612,-53.400,357.012,-29.400,156.000,83.200,165.388,-0.000,旋转能量启摆,0
5.500,13.733,36.600,356.638,22.800,-156.000,-83.200,166.267,-0.000,旋转能量启摆,0
5.520,14.634,-46.200,356.946,-11.400,156.000,83.200,165.366,-0.000,旋转能量启摆,0
5.540,13.645,50.400,356.770,24.000,-156.000,-83.200,166.355,-0.000,旋转能量启摆,0
5.560,14.590,-47.400,356.968,-18.600,156.000,83.200,165.410,-0.000,旋转能量启摆,0
5.580,13.843,45.600,356.682,18.000,-156.000,-83.200,166.157,-0.000,旋转能量启摆,0
5.600,14.963,-64.200,356.946,-26.400,156.000,83.200,165.037,-0.000,旋转能量启摆,0
5.620,14.106,47.400,356.770,24.000,-156.000,-83.200,165.894,-0.000,旋转能量启摆,0
5.640,15.359,-66.600,356.990,-24.000,156.000,83.200,164.641,-0.000,旋转能量启摆,0
5.660,14.260,47.400,356.770,34.200,-156.000,-83.200,165.740,-0.000,旋转能量启摆,0
5.680,15.491,-58.200,356.990,-33.600,156.000,83.200,164.509,-0.000,旋转能量启摆,0
5.700,14.524,49.200,356.814,28.800,-156.000,-83.200,165.476,-0.000,旋转能量启摆,0
5.720,15.337,-49.200,356.924,-22.800,156.000,83.200,164.663,-0.000,旋转能量启摆,0
5.740,13.931,54.000,356.572,12.000,-156.000,-83.200,166.069,-0.000,旋转能量启摆,0
5.760,14.612,-41.400,356.792,-16.200,156.000,83.200,165.388,-0.000,旋转能量启摆,0
5.780,13.425,46.200,356.528,16.200,-156.000,-83.200,166.575,-0.000,旋转能量启摆,0
5.800,14.414,-46.800,356.704,-22.800,156.000,83.200,165.586,-0.000,旋转能量启摆,0
5.820,13.579,47.400,356.484,34.200,-156.000,-83.200,166.421,-0.000,旋转能量启摆,0
5.840,14.744,-44.400,356.792,-34.800,156.000,83.200,165.256,-0.000,旋转能量启摆,0
5.860,13.601,47.400,356.572,24.600,-156.000,-83.200,166.399,-0.000,旋转能量启摆,0
5.880,14.832,-53.400,356.836,-24.000,156.000,83.200,165.168,-0.000,旋转能量启摆,0
5.900,13.821,52.800,356.572,18.600,-156.000,-83.200,166.179,-0.000,旋转能量启摆,0
5.920,15.271,-49.800,356.682,-30.000,156.000,83.200,164.729,-0.000,旋转能量启摆,0
5.940,13.997,47.400,356.221,28.200,-156.000,-83.200,166.003,-0.000,旋转能量启摆,0
5.960,15.293,-58.200,356.528,-12.000,156.000,83.200,164.707,-0.000,旋转能量启摆,0
5.980,14.348,33.000,356.353,34.200,-156.000,-83.200,165.652,-0.000,旋转能量启摆,0
6.000,15.535,-48.000,356.616,-22.200,156.000,83.200,164.465,-0.000,旋转能量启摆,0
6.020,14.392,30.600,356.418,18.600,-156.000,-83.200,165.608,-0.000,旋转能量启摆,0
6.040,15.293,-48.600,356.594,-27.600,156.000,83.200,164.707,-0.000,旋转能量启摆,0
6.060,14.414,18.600,356.331,11.400,-156.000,-83.200,165.586,-0.000,旋转能量启摆,0
6.080,14.546,-32.400,356.484,-16.800,156.000,83.200,165.454,-0.000,旋转能量启摆,0
6.100,13.975,28.200,356.396,16.800,-156.000,-83.200,166.025,-0.000,旋转能量启摆,0
6.120,14.041,-35.400,356.462,-0.600,156.000,83.200,165.959,-0.000,旋转能量启摆,0
6.140,13.645,27.600,356.418,16.200,-156.000,-83.200,166.355,-0.000,旋转能量启摆,0
6.160,13.667,-23.400,356.484,-1.200,156.000,83.200,166.333,-0.000,旋转能量启摆,0
6.180,13.447,12.000,356.528,5.400,-156.000,-83.200,166.553,-0.000,旋转能量启摆,0
6.200,13.557,-30.000,356.484,-16.800,156.000,83.200,166.443,-0.000,旋转能量启摆,0
6.220,13.447,22.800,356.375,10.800,-156.000,-83.200,166.553,-0.000,旋转能量启摆,0
6.240,13.645,-37.200,356.287,-28.200,156.000,83.200,166.355,-0.000,旋转能量启摆,0
6.260,13.425,40.200,356.155,16.800,-156.000,-83.200,166.575,-0.000,旋转能量启摆,0
6.280,14.106,-31.200,356.221,-12.000,156.000,83.200,165.894,-0.000,旋转能量启摆,0
6.300,13.315,46.200,356.001,5.400,-156.000,-83.200,166.685,-0.000,旋转能量启摆,0
6.320,14.304,-37.200,356.001,-28.200,156.000,83.200,165.696,-0.000,旋转能量启摆,0
6.340,13.491,46.200,355.715,10.800,-156.000,-83.200,166.509,-0.000,旋转能量启摆,0
6.360,14.414,-25.800,355.693,-12.000,156.000,83.200,165.586,-0.000,旋转能量启摆,0
6.380,13.777,29.400,355.408,10.200,-156.000,-83.200,166.223,-0.000,旋转能量启摆,0
6.400,14.744,-30.600,355.364,-22.800,156.000,83.200,165.256,-0.000,旋转能量启摆,0
6.420,14.260,45.000,355.034,16.200,-156.000,-83.200,165.740,-0.000,旋转能量启摆,0
6.440,14.963,-34.800,355.100,-18.000,156.000,83.200,165.037,-0.000,旋转能量启摆,0
6.460,14.480,34.800,354.968,10.800,-156.000,-83.200,165.520,-0.000,旋转能量启摆,0
6.480,15.029,-46.200,355.056,-10.800,156.000,83.200,164.971,-0.000,旋转能量启摆,0
6.500,14.458,39.000,354.990,21.600,-156.000,-83.200,165.542,-0.000,旋转能量启摆,0
6.520,14.941,-45.000,355.122,-21.000,156.000,83.200,165.059,-0.000,旋转能量启摆,0
6.540,14.480,34.200,355.122,32.400,-156.000,-83.200,165.520,-0.000,旋转能量启摆,0
6.560,14.941,-35.400,355.232,-12.000,156.000,83.200,165.059,-0.000,旋转能量启摆,0
6.580,14.370,33.600,355.166,10.800,-156.000,-83.200,165.630,-0.000,旋转能量启摆,0
6.600,14.700,-42.600,355.210,-21.600,156.000,83.200,165.300,-0.000,旋转能量启摆,0
6.620,13.931,23.400,355.166,6.000,-156.000,-83.200,166.069,-0.000,旋转能量启摆,0
6.640,14.502,-28.800,355.210,-12.000,156.000,83.200,165.498,-0.000,旋转能量启摆,0
6.660,13.887,45.600,355.166,16.800,-156.000,-83.200,166.113,-0.000,旋转能量启摆,0
6.680,14.700,-36.600,355.232,-1.800,156.000,83.200,165.300,-0.000,旋转能量启摆,0
6.700,13.953,31.800,355.210,16.200,-156.000,-83.200,166.047,-0.000,旋转能量启摆,0
6.720,14.919,-46.800,355.232,-11.400,156.000,83.200,165.081,-0.000,旋转能量启摆,0
6.740,14.348,36.000,355.166,5.400,-156.000,-83.200,165.652,-0.000,旋转能量启摆,0
6.761,15.271,-36.000,355.144,-12.000,156.000,83.200,164.729,-0.000,旋转能量启摆,0
6.780,14.370,30.000,355.100,4.800,-156.000,-83.200,165.630,-0.000,旋转能量启摆,0
6.800,14.963,-45.600,355.100,-11.400,156.000,83.200,165.037,-0.000,旋转能量启摆,0
6.820,14.348,36.000,355.034,5.400,-156.000,-83.200,165.652,-0.000,旋转能量启摆,0
6.840,15.095,-35.400,355.034,-17.400,156.000,83.200,164.905,-0.000,旋转能量启摆,0
6.860,14.480,35.400,354.880,0.600,-156.000,-83.200,165.520,-0.000,旋转能量启摆,0
6.880,15.183,-41.400,354.880,-16.800,156.000,83.200,164.817,-0.000,旋转能量启摆,0
6.900,14.700,48.600,354.683,10.800,-156.000,-83.200,165.300,-0.000,旋转能量启摆,0
6.920,15.381,-50.400,354.661,-23.400,156.000,83.200,164.619,-0.000,旋转能量启摆,0
6.940,14.788,51.000,354.309,6.000,-156.000,-83.200,165.212,-0.000,旋转能量启摆,0
6.960,15.249,-57.000,354.309,-17.400,156.000,83.200,164.751,-0.000,旋转能量启摆,0
6.980,14.634,42.600,353.936,10.800,-156.000,-83.200,165.366,-0.000,旋转能量启摆,0
7.000,15.227,-48.000,353.958,-16.800,156.000,83.200,164.773,-0.000,旋转能量启摆,0
7.020,14.458,42.600,353.782,16.200,-156.000,-83.200,165.542,-0.000,旋转能量启摆,0
7.040,15.161,-52.800,353.826,-11.400,156.000,83.200,164.839,-0.000,旋转能量启摆,0
7.060,14.238,49.200,353.804,22.200,-156.000,-83.200,165.762,-0.000,旋转能量启摆,0
7.080,15.117,-43.200,353.848,-16.200,156.000,83.200,164.883,-0.000,旋转能量启摆,0
7.101,14.502,43.200,353.848,15.600,-156.000,-83.200,165.498,-0.000,旋转能量启摆,0
7.120,15.381,-46.800,353.892,-5.400,156.000,83.200,164.619,-0.000,旋转能量启摆,0
7.140,14.700,43.800,353.870,15.600,-156.000,-83.200,165.300,-0.000,旋转能量启摆,0
7.160,15.271,-41.400,353.892,-10.200,156.000,83.200,164.729,-0.000,旋转能量启摆,0
7.180,14.546,53.400,353.870,5.400,-156.000,-83.200,165.454,-0.000,旋转能量启摆,0
7.200,15.227,-51.600,353.848,-11.400,156.000,83.200,164.773,-0.000,旋转能量启摆,0
7.220,14.788,58.200,353.848,0.000,-156.000,-83.200,165.212,-0.000,旋转能量启摆,0
7.240,15.491,-42.000,353.848,-1.200,156.000,83.200,164.509,-0.000,旋转能量启摆,0
7.260,14.832,43.200,353.826,5.400,-156.000,-83.200,165.168,-0.000,旋转能量启摆,0
7.280,15.601,-57.600,353.826,-0.600,156.000,83.200,164.399,-0.000,旋转能量启摆,0
7.300,14.854,55.200,353.804,0.000,-156.000,-83.200,165.146,-0.000,旋转能量启摆,0
7.320,15.623,-63.000,353.804,-16.200,156.000,83.200,164.377,-0.000,旋转能量启摆,0
7.340,14.985,48.000,353.826,1.800,-156.000,-83.200,165.015,-0.000,旋转能量启摆,0
7.360,15.754,-58.800,353.826,-6.000,156.000,83.200,164.246,-0.000,旋转能量启摆,0
7.380,15.073,54.600,353.826,17.400,-156.000,-83.200,164.927,-0.000,旋转能量启摆,0
7.400,15.864,-64.800,353.848,-6.000,156.000,83.200,164.136,-0.000,旋转能量启摆,0
7.420,15.359,60.000,353.848,0.600,-156.000,-83.200,164.641,-0.000,旋转能量启摆,0
7.440,16.106,-61.200,353.892,-1.200,156.000,83.200,163.894,-0.000,旋转能量启摆,0
7.460,15.513,66.000,353.848,11.400,-156.000,-83.200,164.487,-0.000,旋转能量启摆,0
7.480,16.282,-75.600,353.870,-1.800,156.000,83.200,163.718,-0.000,旋转能量启摆,0
7.500,15.535,52.800,353.848,15.600,-156.000,-83.200,164.465,-0.000,旋转能量启摆,0
7.520,16.370,-71.400,353.870,-16.200,156.000,83.200,163.630,-0.000,旋转能量启摆,0
7.540,15.754,76.800,353.848,0.600,-156.000,-83.200,164.246,-0.000,旋转能量启摆,0
7.560,16.567,-75.600,353.870,0.000,156.000,83.200,163.433,-0.000,旋转能量启摆,0
7.580,15.820,56.400,353.826,10.800,-156.000,-83.200,164.180,-0.000,旋转能量启摆,0
7.600,16.458,-81.600,353.848,0.000,156.000,83.200,163.542,-0.000,旋转能量启摆,0
7.620,15.710,76.200,353.848,0.600,-156.000,-83.200,164.290,-0.000,旋转能量启摆,0
7.640,16.501,-66.000,353.870,-16.800,156.000,83.200,163.499,-0.000,旋转能量启摆,0
7.660,15.776,76.800,353.892,11.400,-156.000,-83.200,164.224,-0.000,旋转能量启摆,0
7.680,16.655,-70.200,353.870,-0.600,156.000,83.200,163.345,-0.000,旋转能量启摆,0
7.700,16.216,69.000,353.870,10.200,-156.000,-83.200,163.784,-0.000,旋转能量启摆,0
7.720,16.963,-53.400,353.870,-5.400,156.000,83.200,163.037,-0.000,旋转能量启摆,0
7.740,16.523,59.400,353.870,10.800,-156.000,-83.200,163.477,-0.000,旋转能量启摆,0
7.760,17.117,-51.600,353.870,-10.200,156.000,83.200,162.883,-0.000,旋转能量启摆,0
7.780,16.897,58.200,353.848,5.400,-156.000,-83.200,163.103,-0.000,旋转能量启摆,0
7.800,17.358,-52.200,353.848,-10.800,156.000,83.200,162.642,-0.000,旋转能量启摆,0
7.820,17.051,45.600,353.848,0.600,-156.000,-83.200,162.949,-0.000,旋转能量启摆,0
7.840,17.424,-42.000,353.826,-5.400,156.000,83.200,162.576,-0.000,旋转能量启摆,0
7.860,17.205,41.400,353.826,11.400,-156.000,-83.200,162.795,-0.000,旋转能量启摆,0
7.880,17.468,-40.800,353.826,-4.800,156.000,83.200,162.532,-0.000,旋转能量启摆,0
7.900,17.292,39.600,353.804,10.200,-156.000,-83.200,162.708,-0.000,旋转能量启摆,0
7.920,17.534,-34.200,353.804,-5.400,156.000,83.200,162.466,-0.000,旋转能量启摆,0
7.940,17.446,34.200,353.804,10.200,-156.000,-83.200,162.554,-0.000,旋转能量启摆,0
7.960,17.622,-31.200,353.782,-5.400,156.000,83.200,162.378,-0.000,旋转能量启摆,0
7.980,17.512,28.800,353.782,16.200,-156.000,-83.200,162.488,-0.000,旋转能量启摆,0
8.000,17.600,-45.000,353.782,0.000,156.000,83.200,162.400,-0.000,旋转能量启摆,0
8.020,17.402,35.400,353.804,5.400,-156.000,-83.200,162.598,-0.000,旋转能量启摆,0
8.040,17.534,-42.600,353.804,-10.800,156.000,83.200,162.466,-0.000,旋转能量启摆,0
8.060,17.336,40.200,353.804,5.400,-156.000,-83.200,162.664,-0.000,旋转能量启摆,0
8.080,17.490,-48.000,353.804,-10.800,156.000,83.200,162.510,-0.000,旋转能量启摆,0
8.100,17.051,57.600,353.804,5.400,-156.000,-83.200,162.949,-0.000,旋转能量启摆,0
8.120,17.292,-61.800,353.804,-10.800,156.000,83.200,162.708,-0.000,旋转能量启摆,0
8.140,16.787,64.200,353.826,16.800,-156.000,-83.200,163.213,-0.000,旋转能量启摆,0
8.160,17.314,-73.200,353.804,-5.400,156.000,83.200,162.686,-0.000,旋转能量启摆,0
8.180,16.721,64.800,353.826,21.600,-156.000,-83.200,163.279,-0.000,旋转能量启摆,0
8.200,17.314,-76.200,353.804,-0.600,156.000,83.200,162.686,-0.000,旋转能量启摆,0
8.220,16.897,71.400,353.826,1.800,-156.000,-83.200,163.103,-0.000,旋转能量启摆,0
8.240,17.468,-77.400,353.804,-4.800,156.000,83.200,162.532,-0.000,旋转能量启摆,0
8.260,16.919,70.200,353.804,6.000,-156.000,-83.200,163.081,-0.000,旋转能量启摆,0
8.280,17.556,-57.000,353.804,-10.800,156.000,83.200,162.444,-0.000,旋转能量启摆,0
8.300,16.963,66.000,353.804,0.600,-156.000,-83.200,163.037,-0.000,旋转能量启摆,0
8.320,17.468,-72.000,353.804,-5.400,156.000,83.200,162.532,-0.000,旋转能量启摆,0
8.340,16.853,69.600,353.804,10.800,-156.000,-83.200,163.147,-0.000,旋转能量启摆,0
8.360,17.424,-78.600,353.804,-10.800,156.000,83.200,162.576,-0.000,旋转能量启摆,0
8.380,16.699,63.600,353.804,5.400,-156.000,-83.200,163.301,-0.000,旋转能量启摆,0
8.400,17.139,-60.600,353.804,-5.400,156.000,83.200,162.861,-0.000,旋转能量启摆,0
8.420,16.436,58.800,353.826,10.800,-156.000,-83.200,163.564,-0.000,旋转能量启摆,0
8.440,16.985,-61.800,353.804,-6.000,156.000,83.200,163.015,-0.000,旋转能量启摆,0
8.460,16.348,58.200,353.826,10.800,-156.000,-83.200,163.652,-0.000,旋转能量启摆,0
8.480,16.765,-68.400,353.804,-10.800,156.000,83.200,163.235,-0.000,旋转能量启摆,0
8.500,16.128,60.000,353.826,10.200,-156.000,-83.200,163.872,-0.000,旋转能量启摆,0
8.520,16.721,-66.000,353.804,-10.800,156.000,83.200,163.279,-0.000,旋转能量启摆,0
8.540,16.106,58.800,353.826,10.200,-156.000,-83.200,163.894,-0.000,旋转能量启摆,0
8.560,16.567,-51.000,353.804,0.000,156.000,83.200,163.433,-0.000,旋转能量启摆,0
8.580,16.128,64.200,353.804,0.000,-156.000,-83.200,163.872,-0.000,旋转能量启摆,0
8.600,16.633,-48.000,353.804,-0.600,156.000,83.200,163.367,-0.000,旋转能量启摆,0
8.620,16.128,58.200,353.804,10.800,-156.000,-83.200,163.872,-0.000,旋转能量启摆,0
8.640,16.611,-49.800,353.804,0.000,156.000,83.200,163.389,-0.000,旋转能量启摆,0
8.660,15.930,54.600,353.826,0.600,-156.000,-83.200,164.070,-0.000,旋转能量启摆,0
8.680,16.348,-69.600,353.804,-5.400,156.000,83.200,163.652,-0.000,旋转能量启摆,0
8.700,15.425,78.000,353.826,6.000,-156.000,-83.200,164.575,-0.000,旋转能量启摆,0
8.720,16.677,-103.800,353.804,-16.200,156.000,83.200,163.323,-0.000,旋转能量启摆,0
8.740,15.645,163.800,353.848,5.400,-156.000,-83.200,164.355,0.000,旋转能量启摆,0
8.760,17.227,-164.400,353.826,-5.400,156.000,83.200,162.773,-0.000,旋转能量启摆,0
8.780,15.095,154.200,353.848,6.000,-156.000,-83.200,164.905,0.000,旋转能量启摆,0
8.800,16.985,-151.200,353.826,-1.200,156.000,83.200,163.015,-0.000,旋转能量启摆,0
8.820,14.963,124.200,353.848,10.800,-156.000,-83.200,165.037,-0.000,旋转能量启摆,0
8.840,16.414,-134.400,353.848,0.000,156.000,83.200,163.586,-0.000,旋转能量启摆,0
8.860,14.612,113.400,353.848,0.600,-156.000,-83.200,165.388,-0.000,旋转能量启摆,0
8.880,16.282,-122.400,353.826,-0.600,156.000,83.200,163.718,-0.000,旋转能量启摆,0
8.900,14.458,114.600,353.826,10.800,-156.000,-83.200,165.542,-0.000,旋转能量启摆,0
8.920,15.974,-132.000,353.804,-5.400,156.000,83.200,164.026,-0.000,旋转能量启摆,0
8.940,14.238,105.600,353.804,15.600,-156.000,-83.200,165.762,-0.000,旋转能量启摆,0
8.960,15.996,-111.000,353.782,-10.200,156.000,83.200,164.004,-0.000,旋转能量启摆,0
8.980,14.194,106.800,353.804,0.600,-156.000,-83.200,165.806,-0.000,旋转能量启摆,0
9.000,16.040,-102.600,353.804,-10.200,156.000,83.200,163.960,-0.000,旋转能量启摆,0
9.020,14.524,117.000,353.848,16.200,-156.000,-83.200,165.476,-0.000,旋转能量启摆,0
9.040,16.260,-105.600,353.848,-5.400,156.000,83.200,163.740,-0.000,旋转能量启摆,0
9.060,14.524,117.600,353.848,10.800,-156.000,-83.200,165.476,-0.000,旋转能量启摆,0
9.080,16.370,-116.400,353.870,-10.200,156.000,83.200,163.630,-0.000,旋转能量启摆,0
9.100,15.007,122.400,353.892,17.400,-156.000,-83.200,164.993,-0.000,旋转能量启摆,0
9.120,16.721,-123.000,353.892,-0.600,156.000,83.200,163.279,-0.000,旋转能量启摆,0
9.140,15.161,130.800,353.892,21.600,-156.000,-83.200,164.839,-0.000,旋转能量启摆,0
9.160,16.897,-133.200,353.914,-15.600,156.000,83.200,163.103,-0.000,旋转能量启摆,0
9.180,15.161,130.800,353.936,6.000,-156.000,-83.200,164.839,-0.000,旋转能量启摆,0
9.200,16.633,-123.600,354.001,-11.400,156.000,83.200,163.367,-0.000,旋转能量启摆,0
9.220,14.985,123.600,354.067,16.800,-156.000,-83.200,165.015,-0.000,旋转能量启摆,0
9.240,16.721,-128.400,354.133,-10.200,156.000,83.200,163.279,-0.000,旋转能量启摆,0
9.260,14.963,119.400,354.177,11.400,-156.000,-83.200,165.037,-0.000,旋转能量启摆,0
9.280,16.414,-124.200,354.331,-10.800,156.000,83.200,163.586,-0.000,旋转能量启摆,0
9.300,14.788,122.400,354.419,22.800,-156.000,-83.200,165.212,-0.000,旋转能量启摆,0
9.320,16.414,-134.400,354.792,-15.600,156.000,83.200,163.586,-0.000,旋转能量启摆,0
9.340,14.634,116.400,354.814,28.200,-156.000,-83.200,165.366,-0.000,旋转能量启摆,0
9.360,16.326,-146.400,355.254,-16.800,156.000,83.200,163.674,-0.000,旋转能量启摆,0
9.380,14.480,109.200,355.188,23.400,-156.000,-83.200,165.520,-0.000,旋转能量启摆,0
9.400,15.886,-152.400,355.452,-11.400,156.000,83.200,164.114,-0.000,旋转能量启摆,0
9.420,13.975,111.000,355.320,12.600,-156.000,-83.200,166.025,-0.000,旋转能量启摆,0
9.440,15.601,-134.400,355.540,-22.800,156.000,83.200,164.399,-0.000,旋转能量启摆,0
9.460,13.865,121.200,355.408,22.200,-156.000,-83.200,166.135,-0.000,旋转能量启摆,0
9.480,15.688,-102.600,355.540,-12.000,156.000,83.200,164.312,-0.000,旋转能量启摆,0
9.500,14.238,108.600,355.452,19.800,-156.000,-83.200,165.762,-0.000,旋转能量启摆,0
9.520,15.842,-99.000,355.781,-12.600,156.000,83.200,164.158,-0.000,旋转能量启摆,0
9.540,14.744,80.400,355.715,22.800,-156.000,-83.200,165.256,-0.000,旋转能量启摆,0
9.560,16.150,-47.400,355.869,-24.000,156.000,83.200,163.850,-0.000,旋转能量启摆,0
9.580,15.095,58.800,355.671,18.000,-156.000,-83.200,164.905,-0.000,旋转能量启摆,0
9.600,16.260,-35.400,355.781,-27.600,156.000,83.200,163.740,-0.000,旋转能量启摆,0
9.620,15.623,49.200,355.605,7.200,-156.000,-83.200,164.377,-0.000,旋转能量启摆,0
9.640,16.414,-54.600,355.671,-22.800,156.000,83.200,163.586,-0.000,旋转能量启摆,0
9.660,15.579,63.000,355.562,16.800,-156.000,-83.200,164.421,-0.000,旋转能量启摆,0
9.680,16.545,-58.800,355.671,-11.400,156.000,83.200,163.455,-0.000,旋转能量启摆,0
9.700,15.381,86.400,355.627,27.600,-156.000,-83.200,164.619,-0.000,旋转能量启摆,0
9.720,16.436,-103.800,355.649,-22.200,156.000,83.200,163.564,-0.000,旋转能量启摆,0
9.740,15.073,110.400,355.627,6.600,-156.000,-83.200,164.927,-0.000,旋转能量启摆,0
9.760,16.523,-114.000,355.649,-16.200,156.000,83.200,163.477,-0.000,旋转能量启摆,0
9.780,14.919,127.200,355.540,0.000,-156.000,-83.200,165.081,-0.000,旋转能量启摆,0
9.800,16.545,-124.200,355.518,-0.600,156.000,83.200,163.455,-0.000,旋转能量启摆,0
9.820,15.227,135.000,355.474,10.800,-156.000,-83.200,164.773,-0.000,旋转能量启摆,0
9.840,16.787,-124.800,355.496,-10.800,156.000,83.200,163.213,-0.000,旋转能量启摆,0
9.860,15.073,128.400,355.605,11.400,-156.000,-83.200,164.927,-0.000,旋转能量启摆,0
9.880,16.765,-135.600,355.693,-10.800,156.000,83.200,163.235,-0.000,旋转能量启摆,0
9.900,15.117,92.400,355.693,1.200,-156.000,-83.200,164.883,-0.000,旋转能量启摆,0
9.920,16.611,-123.600,355.781,-0.600,156.000,83.200,163.389,-0.000,旋转能量启摆,0
9.940,15.381,87.600,355.825,0.600,-156.000,-83.200,164.619,-0.000,旋转能量启摆,0
9.960,16.809,-94.800,356.001,0.000,156.000,83.200,163.191,-0.000,旋转能量启摆,0
9.980,15.403,86.400,356.155,29.400,-156.000,-83.200,164.597,-0.000,旋转能量启摆,0
10.000,16.392,-106.200,356.836,0.000,156.000,83.200,163.608,-0.000,旋转能量启摆,0
10.020,14.612,82.200,357.188,52.800,-156.000,-83.200,165.388,-0.000,旋转能量启摆,0
10.040,15.996,-107.400,357.913,-0.600,156.000,83.200,164.004,-0.000,旋转能量启摆,0
10.060,14.524,85.200,358.044,30.000,-156.000,-83.200,165.476,-0.000,旋转能量启摆,0
10.080,15.908,-75.000,358.374,-22.200,156.000,83.200,164.092,-0.000,旋转能量启摆,0
10.100,14.480,64.200,358.176,42.000,-156.000,-83.200,165.520,-0.000,旋转能量启摆,0
10.120,15.886,-57.600,358.154,-12.000,156.000,83.200,164.114,-0.000,旋转能量启摆,0
10.140,14.546,63.600,358.110,5.400,-156.000,-83.200,165.454,-0.000,旋转能量启摆,0
10.160,15.776,-57.000,358.110,-15.600,156.000,83.200,164.224,-0.000,旋转能量启摆,0
10.180,14.985,64.200,358.088,0.600,-156.000,-83.200,165.015,-0.000,旋转能量启摆,0
10.200,16.018,-67.200,358.088,-5.400,156.000,83.200,163.982,-0.000,旋转能量启摆,0
10.220,15.095,60.000,358.066,10.800,-156.000,-83.200,164.905,-0.000,旋转能量启摆,0
10.240,16.128,-65.400,358.044,-16.200,156.000,83.200,163.872,-0.000,旋转能量启摆,0
10.260,15.359,82.800,357.979,0.600,-156.000,-83.200,164.641,-0.000,旋转能量启摆,0
10.280,16.370,-103.800,357.979,-16.800,156.000,83.200,163.630,-0.000,旋转能量启摆,0
10.300,14.919,180.600,357.869,17.400,-156.000,-83.200,165.081,0.000,旋转能量启摆,0
10.320,16.611,-172.200,357.825,-22.800,156.000,83.200,163.389,0.000,旋转能量启摆,0
10.340,14.766,169.200,357.012,1.200,-156.000,-83.200,165.234,0.000,旋转能量启摆,0
10.360,16.282,-149.400,356.924,-40.800,156.000,83.200,163.718,-0.000,旋转能量启摆,0
10.380,14.546,169.800,356.375,12.600,-156.000,-83.200,165.454,0.000,旋转能量启摆,0
10.401,16.260,-160.200,356.484,-30.000,156.000,83.200,163.740,-0.000,旋转能量启摆,0
10.420,14.436,157.800,356.177,23.400,-156.000,-83.200,165.564,0.000,旋转能量启摆,0
10.440,16.282,-157.200,356.375,-40.800,156.000,83.200,163.718,-0.000,旋转能量启摆,0
10.460,14.875,135.600,356.265,34.800,-156.000,-83.200,165.125,-0.000,旋转能量启摆,0
10.480,16.392,-117.000,356.418,-40.200,156.000,83.200,163.608,-0.000,旋转能量启摆,0
10.500,14.963,110.400,356.287,24.000,-156.000,-83.200,165.037,-0.000,旋转能量启摆,0
10.520,16.326,-96.000,356.440,-40.800,156.000,83.200,163.674,-0.000,旋转能量启摆,0
10.540,15.051,101.400,356.331,33.600,-156.000,-83.200,164.949,-0.000,旋转能量启摆,0
10.560,15.996,-92.400,356.396,-30.600,156.000,83.200,164.004,-0.000,旋转能量启摆,0
10.580,14.875,94.200,356.287,35.400,-156.000,-83.200,165.125,-0.000,旋转能量启摆,0
10.600,15.974,-93.000,356.396,-30.000,156.000,83.200,164.026,-0.000,旋转能量启摆,0
10.620,15.205,95.400,356.287,30.000,-156.000,-83.200,164.795,-0.000,旋转能量启摆,0
10.640,16.172,-87.600,356.331,-29.400,156.000,83.200,163.828,-0.000,旋转能量启摆,0
10.660,15.249,89.400,356.221,18.600,-156.000,-83.200,164.751,-0.000,旋转能量启摆,0
10.680,16.282,-87.000,356.265,-28.800,156.000,83.200,163.718,-0.000,旋转能量启摆,0
10.700,15.491,93.600,356.221,30.000,-156.000,-83.200,164.509,-0.000,旋转能量启摆,0
10.720,16.436,-96.600,356.265,-24.000,156.000,83.200,163.564,-0.000,旋转能量启摆,0
10.740,15.491,95.400,356.265,12.600,-156.000,-83.200,164.509,-0.000,旋转能量启摆,0
10.760,16.545,-87.600,356.287,-29.400,156.000,83.200,163.455,-0.000,旋转能量启摆,0
10.780,15.447,101.400,356.265,7.800,-156.000,-83.200,164.553,-0.000,旋转能量启摆,0
10.800,16.611,-106.200,356.331,-24.000,156.000,83.200,163.389,-0.000,旋转能量启摆,0
10.820,15.645,102.600,356.243,12.600,-156.000,-83.200,164.355,-0.000,旋转能量启摆,0
10.840,16.853,-98.400,356.331,-23.400,156.000,83.200,163.147,-0.000,旋转能量启摆,0
10.860,15.688,109.800,356.265,6.600,-156.000,-83.200,164.312,-0.000,旋转能量启摆,0
10.880,16.919,-88.800,356.418,-16.800,156.000,83.200,163.081,-0.000,旋转能量启摆,0
10.900,15.996,88.800,356.353,28.200,-156.000,-83.200,164.004,-0.000,旋转能量启摆,0
10.920,17.095,-72.000,356.418,-13.200,156.000,83.200,162.905,-0.000,旋转能量启摆,0
10.940,16.084,78.000,356.265,18.000,-156.000,-83.200,163.916,-0.000,旋转能量启摆,0
10.960,17.117,-67.800,356.287,-28.200,156.000,83.200,162.883,-0.000,旋转能量启摆,0
10.980,16.348,67.200,356.155,13.200,-156.000,-83.200,163.652,-0.000,旋转能量启摆,0
11.000,17.380,-66.000,356.133,-22.800,156.000,83.200,162.620,-0.000,旋转能量启摆,0
11.020,16.348,83.400,355.891,19.200,-156.000,-83.200,163.652,-0.000,旋转能量启摆,0
11.040,17.512,-68.400,355.979,-18.000,156.000,83.200,162.488,-0.000,旋转能量启摆,0
11.060,16.611,81.000,355.847,18.600,-156.000,-83.200,163.389,-0.000,旋转能量启摆,0
11.080,17.820,-66.000,355.935,-23.400,156.000,83.200,162.180,-0.000,旋转能量启摆,0
11.100,16.655,94.800,355.803,13.200,-156.000,-83.200,163.345,-0.000,旋转能量启摆,0
11.120,18.083,-77.400,355.825,-28.200,156.000,83.200,161.917,-0.000,旋转能量启摆,0
11.140,16.567,89.400,355.671,17.400,-156.000,-83.200,163.433,-0.000,旋转能量启摆,0
11.160,17.842,-82.800,355.737,-24.000,156.000,83.200,162.158,-0.000,旋转能量启摆,0
11.180,16.238,90.600,355.540,25.200,-156.000,-83.200,163.762,-0.000,旋转能量启摆,0
11.200,17.842,-82.800,355.671,-17.400,156.000,83.200,162.158,-0.000,旋转能量启摆,0
11.220,16.084,101.400,355.583,18.000,-156.000,-83.200,163.916,-0.000,旋转能量启摆,0
11.240,17.578,-88.200,355.715,-22.200,156.000,83.200,162.422,-0.000,旋转能量启摆,0
11.260,15.820,99.600,355.627,28.800,-156.000,-83.200,164.180,-0.000,旋转能量启摆,0
11.280,17.578,-87.600,355.847,-23.400,156.000,83.200,162.422,-0.000,旋转能量启摆,0
11.300,15.732,105.600,355.737,13.200,-156.000,-83.200,164.268,-0.000,旋转能量启摆,0
11.320,17.578,-87.600,355.935,-23.400,156.000,83.200,162.422,-0.000,旋转能量启摆,0
11.340,15.623,92.400,355.781,27.600,-156.000,-83.200,164.377,-0.000,旋转能量启摆,0
11.360,17.249,-87.000,355.913,-18.000,156.000,83.200,162.751,-0.000,旋转能量启摆,0
11.380,15.403,104.400,355.759,24.600,-156.000,-83.200,164.597,-0.000,旋转能量启摆,0
11.400,17.271,-87.000,355.891,-23.400,156.000,83.200,162.729,-0.000,旋转能量启摆,0
11.420,15.688,98.400,355.781,13.200,-156.000,-83.200,164.312,-0.000,旋转能量启摆,0
11.440,17.446,-78.000,355.935,-23.400,156.000,83.200,162.554,-0.000,旋转能量启摆,0
11.460,15.667,103.800,355.803,23.400,-156.000,-83.200,164.333,-0.000,旋转能量启摆,0
11.480,17.446,-77.400,355.935,-28.200,156.000,83.200,162.554,-0.000,旋转能量启摆,0
11.500,15.623,91.200,355.759,28.800,-156.000,-83.200,164.377,-0.000,旋转能量启摆,0
11.520,17.139,-88.200,355.869,-12.000,156.000,83.200,162.861,-0.000,旋转能量启摆,0
11.540,15.447,103.200,355.737,18.000,-156.000,-83.200,164.553,-0.000,旋转能量启摆,0
11.560,17.205,-82.800,355.847,-21.600,156.000,83.200,162.795,-0.000,旋转能量启摆,0
11.580,15.447,98.400,355.759,29.400,-156.000,-83.200,164.553,-0.000,旋转能量启摆,0
11.600,16.941,-88.200,355.891,-17.400,156.000,83.200,163.059,-0.000,旋转能量启摆,0
11.620,15.271,103.200,355.847,28.800,-156.000,-83.200,164.729,-0.000,旋转能量启摆,0
11.640,16.985,-87.600,355.979,-18.000,156.000,83.200,163.015,-0.000,旋转能量启摆,0
11.660,15.205,104.400,355.891,22.800,-156.000,-83.200,164.795,-0.000,旋转能量启摆,0
11.680,16.699,-88.800,356.001,-22.800,156.000,83.200,163.301,-0.000,旋转能量启摆,0
11.700,15.051,108.600,355.869,13.200,-156.000,-83.200,164.949,-0.000,旋转能量启摆,0
11.720,16.743,-88.200,355.935,-32.400,156.000,83.200,163.257,-0.000,旋转能量启摆,0
11.740,14.985,109.800,355.803,23.400,-156.000,-83.200,165.015,-0.000,旋转能量启摆,0
11.760,16.809,-93.000,355.913,-23.400,156.000,83.200,163.191,-0.000,旋转能量启摆,0
11.780,14.941,105.600,355.803,18.600,-156.000,-83.200,165.059,-0.000,旋转能量启摆,0
11.800,16.545,-104.400,355.957,-17.400,156.000,83.200,163.455,-0.000,旋转能量启摆,0
11.820,14.766,114.000,355.891,24.000,-156.000,-83.200,165.234,-0.000,旋转能量启摆,0
11.840,16.545,-114.000,356.001,-23.400,156.000,83.200,163.455,-0.000,旋转能量启摆,0
11.860,15.051,100.200,355.913,18.000,-156.000,-83.200,164.949,-0.000,旋转能量启摆,0
11.880,16.699,-94.200,356.045,-17.400,156.000,83.200,163.301,-0.000,旋转能量启摆,0
11.900,15.029,102.000,356.001,23.400,-156.000,-83.200,164.971,-0.000,旋转能量启摆,0
11.920,16.721,-88.200,356.199,-1.200,156.000,83.200,163.279,-0.000,旋转能量启摆,0
11.940,14.919,98.400,356.155,22.200,-156.000,-83.200,165.081,-0.000,旋转能量启摆,0
11.960,16.326,-106.200,356.353,-18.000,156.000,83.200,163.674,-0.000,旋转能量启摆,0
11.980,14.634,88.200,356.243,13.200,-156.000,-83.200,165.366,-0.000,旋转能量启摆,0
12.000,16.304,-88.800,356.331,-27.000,156.000,83.200,163.696,-0.000,旋转能量启摆,0
12.020,14.546,85.800,356.155,12.600,-156.000,-83.200,165.454,-0.000,旋转能量启摆,0
12.040,15.952,-103.800,356.243,-22.800,156.000,83.200,164.048,-0.000,旋转能量启摆,0
12.060,14.348,87.600,356.111,12.600,-156.000,-83.200,165.652,-0.000,旋转能量启摆,0
12.080,15.996,-88.800,356.243,-22.800,156.000,83.200,164.004,-0.000,旋转能量启摆,0
12.100,14.392,91.200,356.111,24.000,-156.000,-83.200,165.608,-0.000,旋转能量启摆,0
12.120,16.106,-88.800,356.265,-17.400,156.000,83.200,163.894,-0.000,旋转能量启摆,0
12.140,14.766,111.000,356.199,23.400,-156.000,-83.200,165.234,-0.000,旋转能量启摆,0
12.160,16.348,-95.400,356.331,-26.400,156.000,83.200,163.652,-0.000,旋转能量启摆,0
12.180,14.810,92.400,356.221,18.000,-156.000,-83.200,165.190,-0.000,旋转能量启摆,0
12.200,16.216,-82.800,356.375,-10.800,156.000,83.200,163.784,-0.000,旋转能量启摆,0
12.220,15.249,52.800,356.440,23.400,-156.000,-83.200,164.751,-0.000,旋转能量启摆,0
12.240,16.304,-57.600,356.550,-16.800,156.000,83.200,163.696,-0.000,旋转能量启摆,0
12.260,15.293,81.600,356.484,16.800,-156.000,-83.200,164.707,-0.000,旋转能量启摆,0
12.280,16.370,-60.000,356.528,-6.600,156.000,83.200,163.630,-0.000,旋转能量启摆,0
12.300,15.249,73.200,356.418,17.400,-156.000,-83.200,164.751,-0.000,旋转能量启摆,0
12.320,16.150,-73.800,356.484,-6.600,156.000,83.200,163.850,-0.000,旋转能量启摆,0
12.340,15.227,94.200,356.440,18.000,-156.000,-83.200,164.773,-0.000,旋转能量启摆,0
12.360,16.238,-89.400,356.506,-34.200,156.000,83.200,163.762,-0.000,旋转能量启摆,0
12.380,15.183,96.000,356.506,28.800,-156.000,-83.200,164.817,-0.000,旋转能量启摆,0
12.400,15.974,-98.400,356.594,-18.000,156.000,83.200,164.026,-0.000,旋转能量启摆,0
12.420,15.007,102.600,356.616,13.200,-156.000,-83.200,164.993,-0.000,旋转能量启摆,0
12.440,15.974,-110.400,356.638,-22.800,156.000,83.200,164.026,-0.000,旋转能量启摆,0
12.460,14.875,107.400,356.638,23.400,-156.000,-83.200,165.125,-0.000,旋转能量启摆,0
12.480,15.930,-99.000,356.682,-23.400,156.000,83.200,164.070,-0.000,旋转能量启摆,0
12.500,15.073,115.800,356.660,34.800,-156.000,-83.200,164.927,-0.000,旋转能量启摆,0
12.520,16.040,-99.600,356.660,-24.000,156.000,83.200,163.960,-0.000,旋转能量启摆,0
12.540,15.073,105.000,356.594,25.200,-156.000,-83.200,164.927,-0.000,旋转能量启摆,0
12.560,16.128,-101.400,356.616,-28.200,156.000,83.200,163.872,-0.000,旋转能量启摆,0
12.580,15.337,95.400,356.528,24.600,-156.000,-83.200,164.663,-0.000,旋转能量启摆,0
12.600,16.326,-94.200,356.528,-34.200,156.000,83.200,163.674,-0.000,旋转能量启摆,0
12.620,15.381,105.000,356.462,30.000,-156.000,-83.200,164.619,-0.000,旋转能量启摆,0
12.640,16.392,-99.600,356.440,-24.000,156.000,83.200,163.608,-0.000,旋转能量启摆,0
12.660,15.337,102.000,356.396,19.800,-156.000,-83.200,164.663,-0.000,旋转能量启摆,0
12.680,16.172,-103.800,356.396,-28.800,156.000,83.200,163.828,-0.000,旋转能量启摆,0
12.700,15.161,102.000,356.331,25.800,-156.000,-83.200,164.839,-0.000,旋转能量启摆,0
12.720,16.172,-111.600,356.353,-33.600,156.000,83.200,163.828,-0.000,旋转能量启摆,0
12.740,14.941,123.600,356.353,48.000,-156.000,-83.200,165.059,-0.000,旋转能量启摆,0
12.760,15.842,-127.800,356.418,-19.800,156.000,83.200,164.158,-0.000,旋转能量启摆,0
12.780,14.282,142.200,356.396,25.800,-156.000,-83.200,165.718,-0.000,旋转能量启摆,0
12.800,16.062,-159.000,356.440,-29.400,156.000,83.200,163.938,-0.000,旋转能量启摆,0
12.820,14.172,158.400,356.418,42.000,-156.000,-83.200,165.828,0.000,旋转能量启摆,0
12.840,16.128,-167.400,356.484,-24.000,156.000,83.200,163.872,0.000,旋转能量启摆,0
12.860,14.084,163.800,356.462,36.600,-156.000,-83.200,165.916,0.000,旋转能量启摆,0
12.880,15.776,-169.200,356.484,-29.400,156.000,83.200,164.224,0.000,旋转能量启摆,0
12.900,13.777,153.000,356.506,36.600,-156.000,-83.200,166.223,0.000,旋转能量启摆,0
12.920,15.798,-160.800,356.550,-30.000,156.000,83.200,164.202,0.000,旋转能量启摆,0
12.940,13.711,154.800,356.243,38.400,-156.000,-83.200,166.289,0.000,旋转能量启摆,0
12.960,15.469,-157.200,356.331,-31.200,156.000,83.200,164.531,0.000,旋转能量启摆,0
12.980,13.403,153.600,356.067,48.000,-156.000,-83.200,166.597,0.000,旋转能量启摆,0
13.000,15.469,-170.400,356.265,-36.000,156.000,83.200,164.531,0.000,旋转能量启摆,0
13.020,13.821,159.000,356.133,41.400,-156.000,-83.200,166.179,0.000,旋转能量启摆,0
13.040,15.732,-153.600,356.287,-36.000,156.000,83.200,164.268,-0.000,旋转能量启摆,0
13.060,13.843,165.000,356.155,53.400,-156.000,-83.200,166.157,0.000,旋转能量启摆,0
13.080,15.798,-153.000,356.287,-46.200,156.000,83.200,164.202,-0.000,旋转能量启摆,0
13.100,13.799,153.600,356.155,49.200,-156.000,-83.200,166.201,0.000,旋转能量启摆,0
13.120,15.535,-163.200,356.199,-36.000,156.000,83.200,164.465,0.000,旋转能量启摆,0
13.140,13.491,147.600,356.067,48.600,-156.000,-83.200,166.509,0.000,旋转能量启摆,0
13.160,15.535,-157.200,356.199,-30.000,156.000,83.200,164.465,0.000,旋转能量启摆,0
13.180,13.447,153.000,356.001,37.200,-156.000,-83.200,166.553,0.000,旋转能量启摆,0
13.200,15.139,-152.400,356.089,-24.000,156.000,83.200,164.861,0.000,旋转能量启摆,0
13.221,13.359,131.400,356.067,31.800,-156.000,-83.200,166.641,-0.000,旋转能量启摆,0
13.241,15.425,-140.400,356.155,-24.000,156.000,83.200,164.575,-0.000,旋转能量启摆,0
13.261,14.041,136.200,356.177,34.800,-156.000,-83.200,165.959,-0.000,旋转能量启摆,0
13.280,15.688,-116.400,356.221,-13.200,156.000,83.200,164.312,-0.000,旋转能量启摆,0
13.300,14.678,123.000,356.221,30.000,-156.000,-83.200,165.322,-0.000,旋转能量启摆,0
13.320,15.732,-129.000,356.177,-22.800,156.000,83.200,164.268,-0.000,旋转能量启摆,0
13.340,14.700,123.000,356.155,19.200,-156.000,-83.200,165.300,-0.000,旋转能量启摆,0
13.360,15.732,-115.800,356.089,-13.200,156.000,83.200,164.268,-0.000,旋转能量启摆,0
13.380,14.788,117.000,356.045,24.600,-156.000,-83.200,165.212,-0.000,旋转能量启摆,0
13.400,15.601,-102.000,356.023,-24.000,156.000,83.200,164.399,-0.000,旋转能量启摆,0
13.420,14.810,119.400,355.979,24.600,-156.000,-83.200,165.190,-0.000,旋转能量启摆,0
13.440,15.754,-106.200,355.979,-23.400,156.000,83.200,164.246,-0.000,旋转能量启摆,0
13.460,14.810,124.200,355.891,36.600,-156.000,-83.200,165.190,-0.000,旋转能量启摆,0
13.480,15.491,-122.400,355.869,-23.400,156.000,83.200,164.509,-0.000,旋转能量启摆,0
13.500,14.634,106.200,355.781,42.600,-156.000,-83.200,165.366,-0.000,旋转能量启摆,0
13.520,15.469,-111.000,355.825,-24.000,156.000,83.200,164.531,-0.000,旋转能量启摆,0
13.540,14.546,114.600,355.759,36.000,-156.000,-83.200,165.454,-0.000,旋转能量启摆,0
13.560,15.249,-121.800,355.803,-12.000,156.000,83.200,164.751,-0.000,旋转能量启摆,0
13.580,14.282,121.800,355.781,7.200,-156.000,-83.200,165.718,-0.000,旋转能量启摆,0
13.600,15.425,-100.800,355.825,-11.400,156.000,83.200,164.575,-0.000,旋转能量启摆,0
13.620,13.821,119.400,355.825,12.000,-156.000,-83.200,166.179,-0.000,旋转能量启摆,0
13.640,15.139,-107.400,355.869,-6.600,156.000,83.200,164.861,-0.000,旋转能量启摆,0
13.660,14.084,125.400,355.847,4.800,-156.000,-83.200,165.916,-0.000,旋转能量启摆,0
13.680,14.854,-106.200,355.869,-15.600,156.000,83.200,165.146,-0.000,旋转能量启摆,0
13.700,13.909,117.600,355.847,0.600,-156.000,-83.200,166.091,-0.000,旋转能量启摆,0
13.720,14.810,-121.800,355.847,-6.000,156.000,83.200,165.190,-0.000,旋转能量启摆,0
13.740,13.711,103.800,355.847,0.000,-156.000,-83.200,166.289,-0.000,旋转能量启摆,0
13.760,14.590,-127.800,355.825,-10.200,156.000,83.200,165.410,-0.000,旋转能量启摆,0
13.780,13.381,117.600,355.825,1.200,-156.000,-83.200,166.619,-0.000,旋转能量启摆,0
13.800,14.656,-115.200,355.803,-0.600,156.000,83.200,165.344,-0.000,旋转能量启摆,0
13.820,13.381,109.800,355.803,6.600,-156.000,-83.200,166.619,-0.000,旋转能量启摆,0
13.840,14.458,-122.400,355.781,-10.800,156.000,83.200,165.542,-0.000,旋转能量启摆,0
13.860,13.359,121.800,355.803,6.600,-156.000,-83.200,166.641,-0.000,旋转能量启摆,0
13.880,14.502,-111.600,355.781,-0.600,156.000,83.200,165.498,-0.000,旋转能量启摆,0
13.900,13.425,116.400,355.781,6.000,-156.000,-83.200,166.575,-0.000,旋转能量启摆,0
13.920,14.304,-117.600,355.737,-4.800,156.000,83.200,165.696,-0.000,旋转能量启摆,0
13.940,13.293,126.000,355.759,6.600,-156.000,-83.200,166.707,-0.000,旋转能量启摆,0
13.960,14.238,-116.400,355.737,-1.200,156.000,83.200,165.762,-0.000,旋转能量启摆,0
13.980,13.250,122.400,355.737,10.800,-156.000,-83.200,166.750,-0.000,旋转能量启摆,0
14.000,14.194,-111.600,355.715,-4.800,156.000,83.200,165.806,-0.000,旋转能量启摆,0
14.020,13.228,122.400,355.737,6.000,-156.000,-83.200,166.772,-0.000,旋转能量启摆,0
14.040,13.953,-111.600,355.715,-1.200,156.000,83.200,166.047,-0.000,旋转能量启摆,0
14.060,13.052,99.000,355.715,10.800,-156.000,-83.200,166.948,-0.000,旋转能量启摆,0
14.080,13.821,-121.200,355.715,-10.800,156.000,83.200,166.179,-0.000,旋转能量启摆,0
14.100,13.162,116.400,355.715,6.000,-156.000,-83.200,166.838,-0.000,旋转能量启摆,0
14.120,13.865,-121.800,355.693,-5.400,156.000,83.200,166.135,-0.000,旋转能量启摆,0
14.140,13.118,99.600,355.693,0.000,-156.000,-83.200,166.882,-0.000,旋转能量启摆,0
14.160,13.909,-104.400,355.671,-0.600,156.000,83.200,166.091,-0.000,旋转能量启摆,0
14.180,13.337,111.000,355.671,1.200,-156.000,-83.200,166.663,-0.000,旋转能量启摆,0
14.200,13.975,-94.200,355.671,-4.800,156.000,83.200,166.025,-0.000,旋转能量启摆,0
14.220,13.206,99.600,355.693,0.000,-156.000,-83.200,166.794,-0.000,旋转能量启摆,0
14.240,13.865,-88.800,355.693,-10.800,156.000,83.200,166.135,-0.000,旋转能量启摆,0
14.260,13.096,92.400,355.715,0.000,-156.000,-83.200,166.904,-0.000,旋转能量启摆,0
14.280,13.645,-82.800,355.715,-4.800,156.000,83.200,166.355,-0.000,旋转能量启摆,0
14.300,13.008,99.000,355.715,0.600,-156.000,-83.200,166.992,-0.000,旋转能量启摆,0
14.320,13.711,-82.800,355.693,-4.800,156.000,83.200,166.289,-0.000,旋转能量启摆,0
14.340,12.964,92.400,355.693,0.600,-156.000,-83.200,167.036,-0.000,旋转能量启摆,0
14.360,13.513,-85.800,355.671,-0.600,156.000,83.200,166.487,-0.000,旋转能量启摆,0
14.380,12.766,97.800,355.671,0.600,-156.000,-83.200,167.234,-0.000,旋转能量启摆,0
14.400,13.579,-100.800,355.671,-4.800,156.000,83.200,166.421,-0.000,旋转能量启摆,0
14.420,12.217,133.200,355.671,0.000,-156.000,-83.200,167.783,0.000,旋转能量启摆,0
14.440,13.777,-130.800,355.671,-0.600,156.000,83.200,166.223,-0.000,旋转能量启摆,0
14.460,12.393,124.200,355.649,0.600,-156.000,-83.200,167.607,0.000,旋转能量启摆,0
14.480,14.128,-130.800,355.671,-6.000,156.000,83.200,165.872,-0.000,旋转能量启摆,0
14.500,12.634,162.000,355.649,0.000,-156.000,-83.200,167.366,0.000,旋转能量启摆,0
14.520,14.414,-142.200,355.649,-5.400,156.000,83.200,165.586,-0.000,旋转能量启摆,0
14.540,12.239,135.600,355.649,5.400,-156.000,-83.200,167.761,0.000,旋转能量启摆,0
14.560,14.128,-142.200,355.649,-11.400,156.000,83.200,165.872,0.000,旋转能量启摆,0
14.580,11.426,129.600,355.671,10.800,-156.000,-83.200,168.574,0.000,旋转能量启摆,0
14.600,13.689,-130.800,355.693,-10.200,156.000,83.200,166.311,-0.000,旋转能量启摆,0
14.620,11.008,115.200,355.693,0.000,-156.000,-83.200,168.992,0.000,旋转能量启摆,0
14.640,13.579,-114.600,355.693,-5.400,156.000,83.200,166.421,-0.000,旋转能量启摆,0
14.660,11.755,123.000,355.715,0.000,-156.000,-83.200,168.245,0.000,旋转能量启摆,0
14.680,13.513,-100.200,355.715,-5.400,156.000,83.200,166.487,-0.000,旋转能量启摆,0
14.700,12.041,110.400,355.715,0.000,-156.000,-83.200,167.959,-0.000,旋转能量启摆,0
14.720,13.206,-109.200,355.715,-0.600,156.000,83.200,166.794,-0.000,旋转能量启摆,0
14.740,11.909,118.200,355.715,5.400,-156.000,-83.200,168.091,-0.000,旋转能量启摆,0
14.760,13.579,-91.800,355.715,-4.800,156.000,83.200,166.421,-0.000,旋转能量启摆,0
14.780,12.217,112.200,355.715,0.000,-156.000,-83.200,167.783,-0.000,旋转能量启摆,0
14.800,14.282,-84.000,355.737,-0.600,156.000,83.200,165.718,-0.000,旋转能量启摆,0
14.820,13.623,127.200,355.737,0.600,-156.000,-83.200,166.377,-0.000,旋转能量启摆,0
14.840,15.205,-61.200,355.715,-10.800,156.000,83.200,164.795,-0.000,旋转能量启摆,0
14.860,14.458,114.600,355.737,0.000,-156.000,-83.200,165.542,-0.000,旋转能量启摆,0
14.880,15.601,-57.000,355.737,-4.800,156.000,83.200,164.399,-0.000,旋转能量启摆,0
14.900,14.897,88.800,355.737,0.000,-156.000,-83.200,165.103,-0.000,旋转能量启摆,0
14.920,15.688,-66.600,355.715,-10.200,156.000,83.200,164.312,-0.000,旋转能量启摆,0
14.940,14.722,66.600,355.715,0.000,-156.000,-83.200,165.278,-0.000,旋转能量启摆,0
14.960,15.425,-67.200,355.715,-5.400,156.000,83.200,164.575,-0.000,旋转能量启摆,0
14.980,14.678,54.600,355.715,5.400,-156.000,-83.200,165.322,-0.000,旋转能量启摆,0
15.000,15.381,-67.200,355.715,-5.400,156.000,83.200,164.619,-0.000,旋转能量启摆,0
15.020,14.590,79.800,355.737,5.400,-156.000,-83.200,165.410,-0.000,旋转能量启摆,0
15.040,15.381,-62.400,355.715,-5.400,156.000,83.200,164.619,-0.000,旋转能量启摆,0
15.060,14.546,76.200,355.715,5.400,-156.000,-83.200,165.454,-0.000,旋转能量启摆,0
15.080,15.491,-99.600,355.693,-5.400,156.000,83.200,164.509,-0.000,旋转能量启摆,0
15.100,14.480,124.200,355.693,6.000,-156.000,-83.200,165.520,-0.000,旋转能量启摆,0
15.120,15.491,-136.200,355.649,-6.000,156.000,83.200,164.509,-0.000,旋转能量启摆,0
15.140,13.381,169.800,355.649,6.600,-156.000,-83.200,166.619,0.000,旋转能量启摆,0
15.160,15.688,-157.200,355.605,-10.800,156.000,83.200,164.312,0.000,旋转能量启摆,0
15.180,14.041,155.400,355.605,11.400,-156.000,-83.200,165.959,0.000,旋转能量启摆,0
15.200,15.974,-147.000,355.583,-6.000,156.000,83.200,164.026,-0.000,旋转能量启摆,0
15.220,14.041,169.200,355.605,0.600,-156.000,-83.200,165.959,0.000,旋转能量启摆,0
15.240,15.645,-165.000,355.562,-15.600,156.000,83.200,164.355,0.000,旋转能量启摆,0
15.260,13.777,160.200,355.583,10.800,-156.000,-83.200,166.223,0.000,旋转能量启摆,0
15.280,15.667,-158.400,355.562,-10.800,156.000,83.200,164.333,0.000,旋转能量启摆,0
15.300,13.689,159.000,355.562,0.000,-156.000,-83.200,166.311,0.000,旋转能量启摆,0
15.320,15.754,-159.600,355.540,-10.200,156.000,83.200,164.246,0.000,旋转能量启摆,0
15.340,13.667,153.600,355.540,5.400,-156.000,-83.200,166.333,0.000,旋转能量启摆,0
15.360,15.820,-169.200,355.540,-10.200,156.000,83.200,164.180,0.000,旋转能量启摆,0
15.380,14.084,165.600,355.540,0.600,-156.000,-83.200,165.916,0.000,旋转能量启摆,0
15.400,16.040,-153.000,355.540,-5.400,156.000,83.200,163.960,-0.000,旋转能量启摆,0
15.421,14.084,170.400,355.518,0.000,-156.000,-83.200,165.916,0.000,旋转能量启摆,0
15.440,16.106,-163.800,355.518,-5.400,156.000,83.200,163.894,0.000,旋转能量启摆,0
15.460,14.458,170.400,355.518,1.200,-156.000,-83.200,165.542,0.000,旋转能量启摆,0
15.480,16.326,-157.800,355.496,-5.400,156.000,83.200,163.674,-0.000,旋转能量启摆,0
15.500,14.436,176.400,355.496,6.600,-156.000,-83.200,165.564,0.000,旋转能量启摆,0
15.520,15.996,-164.400,355.496,-15.600,156.000,83.200,164.004,0.000,旋转能量启摆,0
15.540,14.172,155.400,355.540,10.800,-156.000,-83.200,165.828,0.000,旋转能量启摆,0
15.560,16.040,-163.800,355.562,-10.200,156.000,83.200,163.960,0.000,旋转能量启摆,0
15.580,14.128,172.800,355.583,5.400,-156.000,-83.200,165.872,0.000,旋转能量启摆,0
15.600,16.128,-163.800,355.627,-16.200,156.000,83.200,163.872,0.000,旋转能量启摆,0
15.620,14.524,160.200,355.671,0.000,-156.000,-83.200,165.476,0.000,旋转能量启摆,0
15.640,16.326,-169.200,355.715,-4.800,156.000,83.200,163.674,0.000,旋转能量启摆,0
15.660,14.502,177.000,355.737,0.600,-156.000,-83.200,165.498,0.000,旋转能量启摆,0
15.680,15.996,-159.000,355.781,-16.200,156.000,83.200,164.004,-0.000,旋转能量启摆,0
15.700,14.216,154.800,355.803,0.600,-156.000,-83.200,165.784,0.000,旋转能量启摆,0
15.720,16.018,-164.400,355.803,-21.600,156.000,83.200,163.982,0.000,旋转能量启摆,0
15.740,14.172,154.800,355.825,1.800,-156.000,-83.200,165.828,0.000,旋转能量启摆,0
15.760,16.106,-163.800,355.847,-12.000,156.000,83.200,163.894,0.000,旋转能量启摆,0
15.780,14.568,169.200,355.847,5.400,-156.000,-83.200,165.432,0.000,旋转能量启摆,0
15.800,16.326,-169.800,355.891,-10.800,156.000,83.200,163.674,0.000,旋转能量启摆,0
15.820,14.546,160.800,355.891,16.800,-156.000,-83.200,165.454,0.000,旋转能量启摆,0
15.840,16.392,-169.200,355.935,-5.400,156.000,83.200,163.608,0.000,旋转能量启摆,0
15.860,14.480,165.600,355.913,10.800,-156.000,-83.200,165.520,0.000,旋转能量启摆,0
15.880,16.436,-175.200,355.935,-11.400,156.000,83.200,163.564,0.000,旋转能量启摆,0
15.900,14.854,165.000,355.957,6.000,-156.000,-83.200,165.146,0.000,旋转能量启摆,0
15.920,16.655,-159.600,356.001,-11.400,156.000,83.200,163.345,-0.000,旋转能量启摆,0
15.940,14.832,172.800,356.023,16.200,-156.000,-83.200,165.168,0.000,旋转能量启摆,0
15.960,16.721,-165.600,356.045,-5.400,156.000,83.200,163.279,-0.000,旋转能量启摆,0
15.980,15.161,164.400,356.045,5.400,-156.000,-83.200,164.839,0.000,旋转能量启摆,0
16.000,16.941,-160.200,356.067,-10.200,156.000,83.200,163.059,-0.000,旋转能量启摆,0
16.020,15.139,171.000,356.045,0.600,-156.000,-83.200,164.861,0.000,旋转能量启摆,0
16.040,16.589,-159.000,356.045,-15.600,156.000,83.200,163.411,-0.000,旋转能量启摆,0
16.060,14.897,169.200,356.001,0.600,-156.000,-83.200,165.103,0.000,旋转能量启摆,0
16.080,16.611,-170.400,356.023,-0.600,156.000,83.200,163.389,0.000,旋转能量启摆,0
